EMPLOYER_CANONICAL,total_filings,mba_relevant_filings,certified,new_position_share,median_annual_wage,any_willful_violator,any_h1b_dependent,mba_share
"MANHATTAN ASSOCIATES, INC.",197,197,1.0,0.2131979695431472,132500.0,False,False,1.0
"SCOTIA CAPITAL (USA), INC.",101,101,0.9702970297029703,0.6534653465346535,145000.0,False,False,1.0
"Standish Management US, LLC",92,92,1.0,0.5,91250.0,False,False,1.0
Ernst & Young LLP (EY GUAM),67,67,1.0,0.5223880597014925,46000.0,False,False,1.0
The Siegfried Group LLP,59,59,1.0,0.6779661016949152,140000.0,False,False,1.0
"Houlihan Lokey Financial Advisors, Inc.",57,57,1.0,0.8070175438596491,147000.0,False,False,1.0
"The Smile Mission South Miami, PLLC",41,41,1.0,0.9024390243902439,73500.0,False,False,1.0
Macquarie America Holdings Inc.,35,35,1.0,0.45714285714285713,140000.0,False,False,1.0
"Alvarez & Marsal Consumer and Retail Group, LLC",34,34,1.0,0.7352941176470589,175000.0,False,False,1.0
Stifel Financial Corp,29,29,1.0,0.7586206896551724,120000.0,False,False,1.0
CBIZ MAG LLC,28,28,1.0,0.2857142857142857,106700.0,False,False,1.0
"Currie & Brown, Inc.",28,28,1.0,0.5714285714285714,100000.0,False,False,1.0
Roland Berger LP,28,28,1.0,0.2857142857142857,187500.0,False,False,1.0
"Anchin, Block and Anchin LLP",26,26,1.0,0.5384615384615384,71240.0,False,False,1.0
COMMONWEALTH BANK OF AUSTRALIA,26,26,1.0,0.34615384615384615,169707.0,False,False,1.0
TEMASEK INTERNATIONAL (USA) LLC,26,26,1.0,0.4230769230769231,221400.0,False,False,1.0
"Alvarez & Marsal Tax, LLC",25,25,1.0,0.44,113300.0,False,False,1.0
PWP Employer LP,24,24,1.0,0.75,185000.0,False,False,1.0
EASY SURFACES CORPORATION,23,23,1.0,1.0,81000.0,False,False,1.0
Toscano Clements Taylor LLC,22,22,1.0,0.9090909090909091,95000.0,False,False,1.0
APPLICATIONS SOFTWARE TECHNOLOGY LLC,21,21,1.0,1.0,125008.0,False,False,1.0
"Logistics Plus, Inc.",21,21,1.0,0.2857142857142857,92500.0,False,False,1.0
DIA Associates LLC,20,20,1.0,0.75,102500.0,False,False,1.0
"FWC2026 US, Inc.",20,20,1.0,0.7,150685.0,False,False,1.0
Natixis New York Branch,20,20,1.0,0.5,160000.0,False,False,1.0
International Foundation for Ethics and Audit,19,19,0.7368421052631579,0.05263157894736842,165000.0,False,False,1.0
OC&C Strategy Consultants USA Inc.,19,19,1.0,0.8421052631578947,139000.0,False,False,1.0
SRM Tech Inc.,19,19,1.0,0.5263157894736842,164337.5,False,False,1.0
KKR Capstone Americas LLC,18,18,1.0,0.7777777777777778,185000.0,False,False,1.0
SingerLewak LLP,18,18,1.0,0.3888888888888889,98519.5,False,False,1.0
The Raine Group LLC,18,18,1.0,0.8888888888888888,120000.0,False,False,1.0
Warburg Pincus LLC,18,18,1.0,0.4444444444444444,230000.0,False,False,1.0
"Arthur D. Little, LLC",17,17,1.0,0.8823529411764706,220000.0,False,False,1.0
Host & Company III LLC,17,17,1.0,1.0,75733.0,False,False,1.0
KKM CPA ASSOCIATES PLLC,17,17,1.0,0.29411764705882354,95000.0,False,False,1.0
NAV CONSULTING INC.,17,17,1.0,0.23529411764705882,148000.0,False,False,1.0
"PROMETRICS LEGAL HUB, LLC",17,17,1.0,1.0,54000.0,False,False,1.0
AB Health Corp LLC,16,16,1.0,0.8125,70100.0,False,False,1.0
Cantor Fitzgerald & Co.,16,16,1.0,0.8125,102500.0,False,False,1.0
"EVALUESERVE, INC",16,16,1.0,0.3125,100443.0,False,False,1.0
"KNAV Advisory, Inc. fka KNAV P.A.",16,16,1.0,0.375,78041.6,False,False,1.0
"Rodl Management, Inc.",16,16,1.0,0.5,74693.0,False,False,1.0
SERVEONE America Inc.,16,16,1.0,1.0,60000.0,False,False,1.0
"Accenture Infrastructure & Capital Projects, LLC",15,15,1.0,1.0,,False,False,1.0
"Cartesian, Inc",15,15,1.0,0.9333333333333333,90000.0,False,False,1.0
Efficio LLC,15,15,1.0,0.8666666666666667,138091.0,False,False,1.0
GALLEROS ROBINSON CPA's LLP,15,15,1.0,0.8,80568.0,False,False,1.0
"Gardiner & Theobald, Inc.",15,15,1.0,0.4666666666666667,110531.0,False,False,1.0
INFINITE CONSULTING CORP.,15,15,1.0,0.8,105000.0,False,False,1.0
Los Angeles Organizing Committee for the Olympic and Paralympic Games 2028,15,15,1.0,0.9333333333333333,204568.0,False,False,1.0
Shipco Transport Inc.,15,15,1.0,0.0,60372.0,False,False,1.0
Skyline Cabinetry Inc,15,15,1.0,0.6,72779.2,False,False,1.0
TAAD LLP,15,15,1.0,1.0,79999.0,False,False,1.0
"Charlesbank Capital Partners, LLC",14,14,1.0,0.42857142857142855,239054.0,False,False,1.0
Chen & Fan Accountancy Corporation,14,14,1.0,0.8571428571428571,70800.0,False,False,1.0
Metis Strategy LLC,14,14,1.0,0.5714285714285714,150290.0,False,False,1.0
NATIONAL AUSTRALIA BANK LIMITED,14,14,1.0,0.42857142857142855,227037.5,False,False,1.0
Schroder Investment Management North America Inc.,14,14,1.0,0.7142857142857143,125000.0,False,False,1.0
Sensiba LLP,14,14,1.0,0.42857142857142855,96491.0,False,False,1.0
"Thomson Reuters Services, Inc.",14,14,1.0,0.0,93891.0,False,False,1.0
WTP AMERICA LLC,14,14,1.0,0.35714285714285715,130000.0,False,False,1.0
YQN TRANSPORT SERVICE LLC,14,14,1.0,1.0,,False,False,1.0
"Alvarez & Marsal Corporate Performance Improvement, LLC",13,13,1.0,0.6153846153846154,227500.0,False,False,1.0
"CHUGH CPAS, LLP",13,13,1.0,0.3076923076923077,106500.0,False,False,1.0
"COLUMBIA MANAGEMENT INVESTMENT ADVISERS, LLC",13,13,1.0,0.15384615384615385,121900.0,False,False,1.0
D.A. Davidson & Co.,13,13,1.0,0.6923076923076923,105000.0,False,False,1.0
GLEEDS USA INC.,13,13,1.0,0.9230769230769231,88000.0,False,False,1.0
"GlobalCFO, LLC",13,13,1.0,0.23076923076923078,90000.0,False,False,1.0
"HPS INVESTMENT PARTNERS, LLC",13,13,1.0,0.6153846153846154,170000.0,False,False,1.0
KEB Hana Bank New York Agency,13,13,1.0,0.8461538461538461,64372.0,False,False,1.0
Leerink Partners LLC,13,13,1.0,0.6923076923076923,135000.0,False,False,1.0
Moss Adams Advisory Group LP,13,13,1.0,0.0,114566.0,False,False,1.0
Padilla & Company LLP,13,13,1.0,0.3076923076923077,83200.0,False,False,1.0
"Stepful, Inc.",13,13,1.0,0.9230769230769231,155000.0,False,False,1.0
"The Hackett Group, Inc.",13,13,1.0,0.46153846153846156,172445.0,False,False,1.0
"Triple P Services, LLC",13,13,1.0,0.9230769230769231,175000.0,False,False,1.0
AMG TECHNOLOGY,12,12,1.0,0.6666666666666666,75836.8,False,False,1.0
Axon US Corp,12,12,1.0,0.5,60174.4,False,False,1.0
"Generate Capital, PBC",12,12,1.0,0.5833333333333334,177000.0,False,False,1.0
I Squared Capital Advisors (US) LLC,12,12,1.0,0.6666666666666666,182500.0,False,False,1.0
InnoActive Group,12,12,1.0,0.75,133699.0,False,False,1.0
Long Shine LLC,12,12,1.0,1.0,100000.0,False,False,1.0
"Marathon Capital, LLC",12,12,1.0,0.6666666666666666,175000.0,False,False,1.0
Moss Adams LLP,12,12,1.0,0.5,107723.0,False,False,1.0
"OVERHAUL GROUP, INC.",12,12,1.0,0.5833333333333334,95118.5,False,False,1.0
Parametric Portfolio Associates LLC,12,12,0.8333333333333334,0.9166666666666666,110000.0,False,False,1.0
"Persuit, Inc.",12,12,1.0,0.6666666666666666,165000.0,False,False,1.0
"Sellery, Inc.",12,12,1.0,1.0,95000.0,False,False,1.0
"Soben North America, LLC",12,12,1.0,0.8333333333333334,157500.0,False,False,1.0
"Wei, Wei & Co., LLP",12,12,1.0,0.5,72800.0,False,False,1.0
"XP Investments US, LLC",12,12,1.0,0.16666666666666666,93000.0,False,False,1.0
"Alpine Management Services III, LLC",11,11,1.0,0.8181818181818182,135000.0,False,False,1.0
"Alvarez & Marsal North America, LLC",11,11,1.0,0.45454545454545453,138750.0,False,False,1.0
Ayna.AI LLC,11,11,1.0,0.9090909090909091,122500.0,False,False,1.0
"CPPIB America, Inc.",11,11,1.0,0.7272727272727273,215000.0,False,False,1.0
"CTBC Bank Co., Ltd.",11,11,1.0,0.8181818181818182,73859.5,False,False,1.0
"Cartera Consultants, LLC.",11,11,0.8181818181818182,1.0,58000.0,False,False,1.0
"Cloud Network Technology USA, Inc.",11,11,1.0,0.9090909090909091,50731.0,False,False,1.0
DCD Vehicle Corp.,11,11,1.0,1.0,120000.0,False,False,1.0
Daiwa Corporate Advisory LLC,11,11,1.0,0.9090909090909091,212500.0,False,False,1.0
INNOVAMAT EDUCATION INC.,11,11,1.0,0.7272727272727273,110000.0,False,False,1.0
Liberty Communications of Puerto Rico LLC,11,11,1.0,1.0,185000.0,False,False,1.0
NCHENG LLP CERTIFIED PUBLIC ACCOUNTANTS,11,11,1.0,0.45454545454545453,86000.0,False,False,1.0
"Oxfam-America, Inc.",11,11,1.0,0.0,83835.8,False,False,1.0
"PRAGER METIS CPAS, LLC",11,11,1.0,0.0,93500.08,False,False,1.0
"Plug and Play, LLC",11,11,1.0,0.6363636363636364,82285.0,False,False,1.0
"Prescient Healthcare Group, Inc.",11,11,1.0,0.6363636363636364,140227.215,False,False,1.0
ROTH & COMPANY LLP,11,11,1.0,0.5454545454545454,65280.5,False,False,1.0
SAI CPA SERVICES LLC,11,11,1.0,0.9090909090909091,71136.0,False,False,1.0
"Shah, Dixit & Associates P.C.",11,11,1.0,0.7272727272727273,68000.0,False,False,1.0
South Bay Circle of Friends Inc.,11,11,1.0,1.0,57117.0,False,False,1.0
Stonepeak Partners LP,11,11,1.0,0.5454545454545454,240000.0,False,False,1.0
"WestBridge Capital US Advisors, LP",11,11,1.0,0.5454545454545454,126703.0,False,False,1.0
AFM INNOVATION INC,10,10,1.0,1.0,69981.4,False,False,1.0
AGENCY WITHIN LLC,10,10,1.0,0.5,93250.0,False,False,1.0
AMERICAN MINE MANAGEMENT LLC,10,10,1.0,0.7,210000.0,False,False,1.0
ANANTA USA,10,10,1.0,0.3,90000.0,False,False,1.0
AWESUNG TECH INC,10,10,1.0,0.9,67849.79999999999,False,False,1.0
AWOT GLOBAL LOGISTICS USA CORP,10,10,1.0,0.9,56700.0,False,False,1.0
Ascend Accounting & Tax Advisors LLC,10,10,1.0,0.9,55600.0,False,False,1.0
Ascendant Global Advisors Inc.,10,10,1.0,0.6,83563.9,False,False,1.0
BLUE PLANET INC,10,10,1.0,0.4,83840.0,False,False,1.0
Citizens Holdings LLC,10,10,1.0,0.3,130000.0,False,False,1.0
"Cushman & Wakefield U.S., Inc.",10,10,1.0,0.5,115337.0,False,False,1.0
Delivery Associates Ltd,10,10,1.0,0.2,159682.0,False,False,1.0
EOS Accountants LLP,10,10,1.0,0.3,71136.0,False,False,1.0
G Ashley Inc,10,10,1.0,1.0,,False,False,1.0
Grant Thornton LLP,10,10,1.0,0.8,122750.0,False,False,1.0
"HAND Enterprise Solutions USA, Inc.",10,10,1.0,0.6,108704.79999999999,False,False,1.0
HTL International LLC,10,10,1.0,0.4,100000.0,False,False,1.0
"Hannon Armstrong Capital, LLC",10,10,1.0,0.8,95000.0,False,False,1.0
Hapag-Lloyd (America) LLC,10,10,1.0,0.4,73362.0,False,False,1.0
"Investor Group Services, LLC",10,10,1.0,0.9,185000.0,False,False,1.0
JTC Accountancy Corp.,10,10,1.0,0.4,61526.0,False,False,1.0
KBF CPAs LLP,10,10,1.0,0.4,140000.0,False,False,1.0
Karim Ali CPA PC,10,10,1.0,0.8,55598.0,False,False,1.0
Kookmin Bank New York Branch,10,10,1.0,0.8,68744.0,False,False,1.0
Maesa LLC,10,10,1.0,0.2,172714.0,False,False,1.0
"MaloneBailey, LLP",10,10,1.0,0.7,60000.0,False,False,1.0
Michael Allen Company,10,10,1.0,0.2,135875.0,False,False,1.0
"NextEra Energy Transmission, LLC",10,10,1.0,0.7,200000.0,False,False,1.0
"OCMI, Inc.",10,10,1.0,0.3,138375.0,False,False,1.0
PGIM Quantitative Solutions LLC,10,10,1.0,0.7,135500.0,False,False,1.0
"Publicis, Inc.",10,10,1.0,0.8,185000.0,False,False,1.0
"ROGERS & COMPANY CPAS, PLLC",10,10,1.0,0.5,80400.0,False,False,1.0
SSI (U.S) Inc.,10,10,1.0,0.9,199675.0,False,False,1.0
"Tanius Technology, LLC.",10,10,1.0,0.8,100000.0,False,False,1.0
"Tianyu Arts & Culture, Inc.",10,10,1.0,0.1,103105.6,False,False,1.0
Tishman Speyer Properties LP,10,10,0.9,0.8,100516.0,False,False,1.0
Woodline Partners LP,10,10,1.0,0.5,170000.0,False,False,1.0
"Tiger Analytics, Inc.",435,433,0.9954022988505747,0.6229885057471264,155000.0,False,False,0.9954022988505747
EVERCORE PARTNERS SERVICES EAST LLC,201,199,1.0,0.7562189054726368,185000.0,False,False,0.9900497512437811
CrossCountry Consulting LLC,69,68,1.0,0.2753623188405797,123000.0,False,False,0.9855072463768116
Moelis & Company Group LP,109,107,1.0,0.8165137614678899,175000.0,False,False,0.981651376146789
"Banco Santander, S.A. New York Branch",51,50,1.0,0.6666666666666666,155000.0,False,False,0.9803921568627451
Macias Gini & O'Connell LLP,42,41,1.0,0.4523809523809524,100000.0,False,False,0.9761904761904762
"Freyr,Inc.",39,38,1.0,0.07692307692307693,100000.0,False,False,0.9743589743589743
Mace North America Ltd,37,36,1.0,0.9459459459459459,142480.0,False,False,0.972972972972973
Newton Consulting Inc.,37,36,1.0,0.1891891891891892,69035.2,False,False,0.972972972972973
"BDO USA, P.C.",152,147,1.0,0.3618421052631579,116800.0,False,False,0.9671052631578947
Santander U.S. Capital Markets LLC,60,58,1.0,0.8333333333333334,165000.0,False,False,0.9666666666666667
Program Planning Professionals Inc,30,29,1.0,0.7666666666666667,80000.0,False,False,0.9666666666666667
CohnReznick Advisory LLC,79,76,1.0,0.4177215189873418,82609.5,False,False,0.9620253164556962
LEGO Construction Co.,26,25,1.0,0.2692307692307692,87311.0,False,False,0.9615384615384616
Rothschild & Co US Inc.,26,25,1.0,0.8846153846153846,175785.5,False,False,0.9615384615384616
Hisense USA Corporation,25,24,1.0,0.48,71952.0,False,False,0.96
SQUAREPOINT SERVICES US LLC,97,93,1.0,0.7010309278350515,175000.0,False,False,0.9587628865979382
Accordion Partners LLC,24,23,1.0,0.5,170000.0,False,False,0.9583333333333334
Macquarie Asset Management US Inc.,24,23,1.0,0.7083333333333334,,False,False,0.9583333333333334
Macquarie Holdings (USA) Inc.,94,90,1.0,0.43617021276595747,175000.0,False,False,0.9574468085106383
"Equity Methods, LLC",23,22,0.9565217391304348,0.6086956521739131,92500.0,False,False,0.9565217391304348
"Navillus Tile, Inc.",23,22,0.9130434782608695,0.7391304347826086,65400.0,False,False,0.9565217391304348
GIC Special Investments Pte. Ltd.,21,20,1.0,0.6190476190476191,180000.0,False,False,0.9523809523809523
KKR Credit Advisors (US) LLC,21,20,1.0,0.6190476190476191,200000.0,False,False,0.9523809523809523
"Global Infrastructure Management, LLC",20,19,1.0,0.55,150000.0,False,False,0.95
StepStone Group LP,20,19,1.0,0.45,115000.5,False,False,0.95
US Elogistics Service Corp,20,19,1.0,0.95,62327.0,False,False,0.95
WebBank,20,19,1.0,0.45,139250.0,False,False,0.95
Blue Matter Consulting LLC,38,36,1.0,0.868421052631579,140000.0,False,False,0.9473684210526315
"Sun Fresh International, LLC",19,18,1.0,0.47368421052631576,143000.0,False,False,0.9473684210526315
Redis Inc.,18,17,1.0,0.6111111111111112,191000.0,False,False,0.9444444444444444
"Turner & Townsend, Inc.",141,133,1.0,0.3829787234042553,140000.0,False,False,0.9432624113475178
"Alvarez & Marsal Private Equity Performance Improvement Group, LLC",35,33,1.0,0.37142857142857144,160000.0,False,False,0.9428571428571428
PwC US Business Advisory LLP,87,82,1.0,0.5402298850574713,174000.0,False,False,0.9425287356321839
ELogisTek LLC,17,16,1.0,0.7058823529411765,51584.0,False,False,0.9411764705882353
NY FAN TUAN INC.,17,16,1.0,0.7647058823529411,55200.0,False,False,0.9411764705882353
"Satterfield & Pontikes Construction, Inc.",17,16,1.0,0.8823529411764706,100797.0,False,False,0.9411764705882353
"Baker Tilly Advisory Group, LP",50,47,1.0,0.46,98050.0,False,False,0.94
"Nomura Securities International, Inc.",128,120,1.0,0.8046875,143923.0,False,False,0.9375
AUSTRALIA AND NEW ZEALAND BANKING GROUP LIMITED,32,30,1.0,0.34375,226455.94,False,False,0.9375
"FNS, INC.",32,30,1.0,0.5625,60000.0,False,False,0.9375
IFM Investors (US) LLC,32,30,1.0,0.375,201000.0,False,False,0.9375
Dhabawale LLC,16,15,1.0,1.0,,False,False,0.9375
"DigitalBridge Group Advisors, LLC",16,15,1.0,0.5625,144000.0,False,False,0.9375
Insight Venture Management LLC,16,15,1.0,0.5,200000.0,False,False,0.9375
"A.T. Kearney, Inc.",125,117,1.0,0.48,212000.0,False,False,0.936
"ROCKY MOUNTAIN INSTITUTE, INC.",61,57,1.0,0.3770491803278688,85170.0,False,False,0.9344262295081968
"Radix Trading, LLC",45,42,1.0,0.7333333333333333,175000.0,False,False,0.9333333333333333
Asterisk Green Inc.,15,14,0.9333333333333333,0.8666666666666667,184080.0,False,False,0.9333333333333333
Piper Sandler & Co.,15,14,1.0,0.7333333333333333,200000.0,False,False,0.9333333333333333
Cainiao Supply Chain U.S. Inc.,42,39,1.0,0.9523809523809523,56420.0,False,False,0.9285714285714286
Partners Group (USA) Inc.,28,26,1.0,0.6785714285714286,184625.0,False,False,0.9285714285714286
Permira Advisers LLC,14,13,1.0,0.7142857142857143,175000.0,False,False,0.9285714285714286
"adidas America, Inc.",14,13,1.0,0.2857142857142857,129371.94,False,False,0.9285714285714286
Barclays Capital Inc.,245,227,1.0,0.5836734693877551,186064.5,False,False,0.926530612244898
Mattel Sales Corp.,27,25,0.9629629629629629,0.6296296296296297,130810.5,False,False,0.9259259259259259
Bernstein Institutional Services LLC,67,62,1.0,0.9552238805970149,167500.0,False,False,0.9253731343283582
Inrika Inc,93,86,1.0,0.20430107526881722,96512.0,False,False,0.9247311827956989
"Kroll Bond Rating Agency, LLC",26,24,1.0,0.5,97500.0,False,False,0.9230769230769231
"Aprio Advisory Group, LLC",13,12,1.0,0.6923076923076923,114000.0,False,False,0.9230769230769231
GMI Cloud US Inc.,13,12,1.0,1.0,114545.5,False,False,0.9230769230769231
Industrial and Commercial Bank of China (USA) N.A.,13,12,1.0,0.6923076923076923,77459.0,False,False,0.9230769230769231
MedPOINT Management,13,12,1.0,0.8461538461538461,80000.0,False,False,0.9230769230769231
"Oak Hill Advisors, LP",13,12,1.0,0.46153846153846156,125000.0,False,False,0.9230769230769231
PwC US Tax LLP,272,251,1.0,0.4007352941176471,157000.0,False,False,0.9227941176470589
Kohlberg Kravis Roberts & Co. L.P.,51,47,1.0,0.47058823529411764,180000.0,False,False,0.9215686274509803
Acmefog Commerce Inc.,12,11,1.0,1.0,63500.0,False,False,0.9166666666666666
Archstone Builders LLC,12,11,1.0,0.5,103439.0,False,False,0.9166666666666666
"Audax Management Company, LLC",12,11,1.0,0.6666666666666666,110000.0,False,False,0.9166666666666666
"Azazie, Inc.",12,11,1.0,0.25,91634.0,False,False,0.9166666666666666
"Country View Family Farms, LLC",12,11,1.0,0.25,81038.5,False,False,0.9166666666666666
"DM Talent Holdings, LLC",12,11,0.9166666666666666,0.6666666666666666,74506.0,False,False,0.9166666666666666
Greenwood MCN,12,11,1.0,1.0,62000.0,False,False,0.9166666666666666
IM Global LLC,12,11,1.0,0.9166666666666666,55244.5,False,False,0.9166666666666666
"L'OREAL USA S/D, INC.",12,11,1.0,0.5833333333333334,187209.5,False,False,0.9166666666666666
Segway Inc.,12,11,1.0,0.5,140039.9,False,False,0.9166666666666666
"UHOMES.COM NEW YORK, INC.",12,11,1.0,1.0,82763.2,False,False,0.9166666666666666
Brookfield Asset Management LLC,47,43,1.0,0.7021276595744681,200000.0,False,False,0.9148936170212766
Grant Thornton Advisors LLC,246,225,0.9959349593495935,0.6504065040650406,110250.0,False,False,0.9146341463414634
PJT Partners Holdings LP,140,128,1.0,0.8142857142857143,128981.0,False,False,0.9142857142857143
Trenmor LLC,116,106,1.0,0.7327586206896551,121857.0,False,False,0.9137931034482759
UBS SECURITIES LLC,207,189,1.0,0.5700483091787439,175000.0,False,False,0.9130434782608695
"Guggenheim Securities, LLC",23,21,1.0,0.6956521739130435,175000.0,False,False,0.9130434782608695
Intellipro Group Inc,34,31,1.0,0.6470588235294118,81249.0,False,False,0.9117647058823529
Brevan Howard US Investment Management LP,44,40,1.0,0.6363636363636364,200000.0,False,False,0.9090909090909091
"Astellas Pharma US, Inc.",11,10,1.0,0.8181818181818182,140300.0,False,False,0.9090909090909091
Bisonte Industrial USA LLC,11,10,1.0,1.0,67000.0,False,False,0.9090909090909091
FARMASI US LLC,11,10,1.0,0.9090909090909091,62618.4,False,False,0.9090909090909091
"Liberty Mutual Group Asset Management, Inc.",11,10,1.0,0.2727272727272727,137305.5,False,False,0.9090909090909091
"Loomis, Sayles & Company, LP",11,10,1.0,0.18181818181818182,158002.0,False,False,0.9090909090909091
Manifest Legal Tech Inc,11,10,1.0,1.0,160000.0,False,False,0.9090909090909091
"TOT Payments, LLC",11,10,1.0,0.9090909090909091,68000.0,False,False,0.9090909090909091
Zoho Technologies Corporation,11,10,1.0,0.9090909090909091,140000.0,False,False,0.9090909090909091
"FAST N FRIENDLY, LLC",32,29,1.0,0.90625,49234.0,False,False,0.90625
Royal Bank of Canada US,32,29,1.0,0.84375,147500.0,False,False,0.90625
Armanino Advisory LLC,21,19,1.0,0.09523809523809523,135800.0,False,False,0.9047619047619048
Artesia Soft Inc.,21,19,1.0,0.9523809523809523,57117.0,False,False,0.9047619047619048
"Druva, Inc.",21,19,1.0,0.7142857142857143,200000.0,False,False,0.9047619047619048
GOFO Inc.,143,129,1.0,0.9440559440559441,57252.0,False,False,0.9020979020979021
Genius Minds LLC,30,27,1.0,0.26666666666666666,99306.5,False,False,0.9
Simon Kucher & Partners Strategy & Marketing Consultants LLC,30,27,1.0,0.7333333333333333,162500.0,False,False,0.9
"ZS Associates, Inc.",565,507,1.0,0.3415929203539823,170000.0,False,False,0.8973451327433628
"BAIN & COMPANY, INC.",200,179,1.0,0.515,195575.5,False,False,0.895
"Collaborative Solutions, LLC",19,17,1.0,0.631578947368421,180000.0,False,False,0.8947368421052632
Jim Beam Brands Co.,19,17,1.0,0.3684210526315789,154124.88,False,False,0.8947368421052632
Renee Systems Inc,19,17,1.0,0.05263157894736842,101900.0,False,False,0.8947368421052632
"Sun Pharmaceutical Industries, Inc.",19,17,0.9473684210526315,0.5263157894736842,116839.0,False,False,0.8947368421052632
"SG Americas Securities, LLC",123,110,1.0,0.7479674796747967,202500.0,False,False,0.8943089430894309
"IMC Americas, Inc.",66,59,1.0,0.696969696969697,200000.0,False,False,0.8939393939393939
"Cumming Management Group, Inc.",149,133,1.0,0.5838926174496645,119857.33499999999,False,False,0.8926174496644296
UNIUNI LOGISTICS INC.,92,82,1.0,0.9565217391304348,62400.0,False,False,0.8913043478260869
"Priority Care Staffing, LLC",55,49,1.0,0.6727272727272727,99486.4,False,False,0.8909090909090909
AustralianSuper US LLC,18,16,1.0,0.3888888888888889,240000.0,False,False,0.8888888888888888
Eisler Capital US LLC,18,16,1.0,0.8888888888888888,120000.0,False,False,0.8888888888888888
"MA LABORATORIES, INC.",18,16,1.0,0.5555555555555556,67196.5,False,False,0.8888888888888888
Standard Chartered Bank,71,63,1.0,0.704225352112676,165000.0,False,False,0.8873239436619719
"AlixPartners, LLP",165,146,1.0,0.3696969696969697,185000.0,False,False,0.8848484848484849
"Miniso Depot CA, Inc.",26,23,1.0,0.6538461538461539,58240.0,False,False,0.8846153846153846
Aurora Energy Research LLC,34,30,1.0,0.9117647058823529,90375.0,False,False,0.8823529411764706
"GuruNanda, LLC.",17,15,1.0,0.9411764705882353,77000.0,False,False,0.8823529411764706
IL FANTUAN LTD.,17,15,1.0,0.8235294117647058,60000.0,False,False,0.8823529411764706
"Wilshire Advisors, LLC",17,15,1.0,0.6470588235294118,76125.0,False,False,0.8823529411764706
"Weaver and Tidwell, L.L.P.",40,35,1.0,0.4,109500.0,False,False,0.875
"Richemont North America, Inc.",24,21,1.0,0.8333333333333334,106250.03,False,False,0.875
"Altman Solon US, LP",16,14,1.0,0.3125,180146.0,False,False,0.875
Capital Research and Management Company,16,14,1.0,0.5,225600.0,False,False,0.875
"DHL Express (USA), Inc.",16,14,1.0,0.875,96590.0,False,False,0.875
"Flexi-Van Leasing, LLC",16,14,1.0,0.25,108675.06,False,False,0.875
INGRASYS TECHNOLOGY USA INC.,16,14,1.0,1.0,67500.0,False,False,0.875
"Paraform, Inc.",16,14,1.0,0.9375,146500.0,False,False,0.875
Strategic Advisers LLC d/b/a Fidelity Investments,16,14,1.0,0.6875,125237.0,False,False,0.875
"BlackRock Institutional Trust Company, N.A.",47,41,0.9787234042553191,0.46808510638297873,170700.0,False,False,0.8723404255319149
Turner Construction Company,160,139,1.0,0.58125,95000.0,False,False,0.86875
"GroupM Worldwide, LLC",189,164,1.0,0.3544973544973545,103000.0,False,False,0.8677248677248677
Zenith LifeScience LLC,30,26,1.0,0.7,95680.0,False,False,0.8666666666666667
"BHATIA & CO, INC, CPAS",15,13,1.0,0.3333333333333333,92456.0,False,False,0.8666666666666667
"Cerberus Capital Management, L.P.",15,13,1.0,0.4666666666666667,141000.0,False,False,0.8666666666666667
Citrin Cooperman Advisors LLC,15,13,1.0,0.8,92356.0,False,False,0.8666666666666667
EDP Renewables North America LLC,15,13,1.0,0.4,65645.0,False,False,0.8666666666666667
EMEC CONSULTING GROUP INC,15,13,1.0,0.9333333333333333,60320.0,False,False,0.8666666666666667
"Judlau Contracting, Inc.",15,13,1.0,0.5333333333333333,101878.0,False,False,0.8666666666666667
"Wood Mackenzie, Inc.",15,13,1.0,0.4666666666666667,140767.055,False,False,0.8666666666666667
Admerasia Inc.,22,19,1.0,0.7727272727272727,65000.0,False,False,0.8636363636363636
Eisner Advisory Group LLC,22,19,1.0,0.45454545454545453,128800.0,False,False,0.8636363636363636
NETSTAR (US) INC.,22,19,1.0,0.7727272727272727,99512.0,False,False,0.8636363636363636
"WIN.IT America, Inc.",36,31,1.0,0.8611111111111112,65000.0,False,False,0.8611111111111112
"Centerview Partners, LLC",14,12,1.0,0.5,225000.0,False,False,0.8571428571428571
Eldridge Capital Management Services LLC,14,12,1.0,0.7857142857142857,150000.0,False,False,0.8571428571428571
HKA Global LLC,14,12,1.0,0.6428571428571429,94000.0,False,False,0.8571428571428571
JD Logistics United States Company,69,59,1.0,0.8695652173913043,69229.38,False,False,0.855072463768116
"Connor Group, Inc.",55,47,1.0,0.8363636363636363,123150.0,False,False,0.8545454545454545
"DWS INVESTMENT MANAGEMENT AMERICAS, INC.",27,23,1.0,0.4444444444444444,105000.0,False,False,0.8518518518518519
"Intel Americas, Inc.",27,23,1.0,0.5925925925925926,156749.0,False,False,0.8518518518518519
"Mediterranean Shipping Company (USA), Inc.",47,40,1.0,0.6170212765957447,67000.0,False,False,0.851063829787234
"Apex Logistics International, Inc.",20,17,1.0,0.35,67309.0,False,False,0.85
"BBDO USA, LLC",20,17,1.0,0.65,155000.0,False,False,0.85
"FTI, LLC",93,79,1.0,0.5591397849462365,140000.0,False,False,0.8494623655913979
NextDecade LNG LLC,53,45,1.0,0.5849056603773585,185000.0,False,False,0.8490566037735849
"ING Financial Services, LLC",46,39,1.0,0.7608695652173914,155000.0,False,False,0.8478260869565217
Forvis Mazars LLP,39,33,1.0,0.5128205128205128,107500.0,False,False,0.8461538461538461
"Ellington Management Group, LLC",13,11,1.0,0.8461538461538461,100000.0,False,False,0.8461538461538461
Golub Capital LLC,13,11,1.0,0.46153846153846156,175000.0,False,False,0.8461538461538461
"Havas Media Group USA, LLC",13,11,1.0,0.6923076923076923,80000.0,False,False,0.8461538461538461
Pade HCM Inc.,13,11,1.0,1.0,68000.0,False,False,0.8461538461538461
"Siemens Financial Services, Inc.",13,11,1.0,0.3076923076923077,127117.0,False,False,0.8461538461538461
"TransGlobal Insurance Agency, Inc.",13,11,1.0,0.8461538461538461,63107.2,False,False,0.8461538461538461
SUMITOMO MITSUI BANKING CORPORATION,259,219,0.9961389961389961,0.7027027027027027,115731.0,False,False,0.8455598455598455
"Crowe, LLP",154,130,1.0,0.6883116883116883,90000.0,False,False,0.8441558441558441
Kinaxis Corp.,19,16,1.0,0.3684210526315789,114000.0,False,False,0.8421052631578947
Kuehne & Nagel Inc.,19,16,1.0,0.3157894736842105,92552.0,False,False,0.8421052631578947
"WWC, P.C.",19,16,1.0,0.8421052631578947,80000.0,False,False,0.8421052631578947
Mizuho Securities USA LLC,44,37,1.0,0.7272727272727273,195961.0,False,False,0.8409090909090909
DAVIDSON KEMPNER CAPITAL MANAGEMENT LP,25,21,1.0,0.48,160000.0,False,False,0.84
HSBC Securities (USA) Inc.,25,21,1.0,0.48,225000.0,False,False,0.84
S2 IT GROUP LLC,25,21,1.0,0.24,89419.0,False,False,0.84
"Kroll, LLC",31,26,1.0,0.7096774193548387,126500.0,False,False,0.8387096774193549
"Cubist Systematic Strategies, LLC",111,93,1.0,0.6486486486486487,200000.0,False,False,0.8378378378378378
"Pattern, Inc.",43,36,1.0,0.9767441860465116,117500.0,False,False,0.8372093023255814
"Apollo Management Holdings, L.P.",110,92,1.0,0.6818181818181818,200000.0,False,False,0.8363636363636363
"IQLogg, Inc.",55,46,1.0,0.8545454545454545,86590.4,False,False,0.8363636363636363
BMO Capital Markets Corp.,18,15,1.0,0.6666666666666666,142729.5,False,False,0.8333333333333334
Balboa Bay Partners LLC,18,15,1.0,0.2777777777777778,135000.0,False,False,0.8333333333333334
ZeOmega Inc,18,15,1.0,0.0,136136.0,False,False,0.8333333333333334
American Bear Logistics Corp.,12,10,1.0,0.75,54494.0,False,False,0.8333333333333334
"Axion Ray, Inc.",12,10,1.0,1.0,197500.0,False,False,0.8333333333333334
"COMSOL, INC.",12,10,1.0,0.75,132018.0,False,False,0.8333333333333334
Citco Fund Services (USA) Inc.,12,10,1.0,0.5833333333333334,94820.0,False,False,0.8333333333333334
"Essen Care Management, LLC",12,10,1.0,0.9166666666666666,71448.0,False,False,0.8333333333333334
Heytea USA Inc.,12,10,1.0,1.0,69600.0,False,False,0.8333333333333334
"Highmark, Inc.",12,10,1.0,0.4166666666666667,110739.0,False,False,0.8333333333333334
Klarna Inc.,12,10,1.0,0.16666666666666666,152339.0,False,False,0.8333333333333334
"NextEra Analytics, LLC",12,10,1.0,0.8333333333333334,108411.3,False,False,0.8333333333333334
"North, Inc.",12,10,1.0,0.9166666666666666,64480.0,False,False,0.8333333333333334
Nuvation Bio Inc,12,10,1.0,0.4166666666666667,358000.0,False,False,0.8333333333333334
OEC FREIGHT (NY) INC.,12,10,1.0,0.6666666666666666,82763.0,False,False,0.8333333333333334
"Opportunity Financial, LLC",12,10,1.0,0.3333333333333333,111185.5,False,False,0.8333333333333334
Procurement Advisors. LLC,12,10,1.0,0.25,101499.84,False,False,0.8333333333333334
"Regeneron Healthcare Solutions, Inc.",12,10,1.0,0.6666666666666666,190020.65,False,False,0.8333333333333334
Rogers Corporation,12,10,1.0,0.08333333333333333,165066.2,False,False,0.8333333333333334
"The Andersons, Inc.",12,10,1.0,0.4166666666666667,135064.5,False,False,0.8333333333333334
BNP Paribas Securities Corp.,173,144,1.0,0.6242774566473989,192500.0,False,False,0.8323699421965318
"Folio Financial, Inc.",29,24,1.0,0.7586206896551724,100000.0,False,False,0.8275862068965517
UBS Asset Management (Americas) LLC,29,24,1.0,0.5517241379310345,125000.0,False,False,0.8275862068965517
"PCL Construction Services, Inc.",23,19,1.0,0.34782608695652173,92414.5,False,False,0.8260869565217391
The Carlyle Group Employee Co. LLC,34,28,1.0,0.6176470588235294,152750.0,False,False,0.8235294117647058
"Atosa USA, Inc.",17,14,1.0,0.47058823529411764,69517.5,False,False,0.8235294117647058
GLENCORE LTD.,17,14,1.0,0.47058823529411764,155000.0,False,False,0.8235294117647058
Industrial and Commercial Bank of China Ltd New York Branch,17,14,1.0,0.5294117647058824,85000.0,False,False,0.8235294117647058
PEACHES AND PLATINUM LLC,17,14,1.0,1.0,83000.0,False,False,0.8235294117647058
Phoenix Innovations LLC,17,14,1.0,0.4117647058823529,89051.5,False,False,0.8235294117647058
Sanofi-Aventis US LLC,17,14,1.0,0.9411764705882353,153046.0,False,False,0.8235294117647058
"J.T. MAGEN & COMPANY, INC.",28,23,1.0,0.75,101878.0,False,False,0.8214285714285714
Bank of China,83,68,1.0,0.5301204819277109,87622.68,False,False,0.8192771084337349
EASTLAND FOOD CORPORATION,22,18,1.0,0.5454545454545454,64500.0,False,False,0.8181818181818182
Robert W. Baird & Co. Incorporated,22,18,1.0,0.45454545454545453,120425.0,False,False,0.8181818181818182
Synpulse USA Inc.,22,18,1.0,0.4090909090909091,126200.0,False,False,0.8181818181818182
"Boston Consulting Group, Inc.",1311,1072,1.0,0.6765827612509535,190000.0,False,False,0.8176964149504196
Accenture Infrastructure and Capital Projects LLC,49,40,1.0,0.7142857142857143,130000.0,False,False,0.8163265306122449
"HSBC Bank USA, N.A",49,40,1.0,0.5510204081632653,194851.0,False,False,0.8163265306122449
BNP Paribas,54,44,1.0,0.4074074074074074,174375.0,False,False,0.8148148148148148
RSM US LLP,183,149,1.0,0.45901639344262296,132160.0,False,False,0.8142076502732241
TD Securities (USA) LLC,112,91,1.0,0.6428571428571429,197500.0,False,False,0.8125
HAILIANG COPPER TEXAS INC.,16,13,1.0,1.0,51865.5,False,False,0.8125
Merrill Lynch Commodities Inc.,16,13,1.0,0.5625,190000.0,False,False,0.8125
"SDLC Management, Inc.",16,13,1.0,0.25,88500.0,False,False,0.8125
Sagebrush Health Services,16,13,1.0,0.8125,80000.0,False,False,0.8125
L.E.K. Consulting LLC,58,47,1.0,0.7068965517241379,185000.0,False,False,0.8103448275862069
Emerson Electric Co.,21,17,1.0,0.5714285714285714,153522.94,False,False,0.8095238095238095
Incode Technologies Inc.,21,17,1.0,0.6190476190476191,180000.0,False,False,0.8095238095238095
"Strata Solar, LLC",21,17,1.0,0.7619047619047619,103501.0,False,False,0.8095238095238095
"Centiva Capital, LP",31,25,1.0,0.3870967741935484,170000.0,False,False,0.8064516129032258
"Oliver Wyman, LLC",36,29,1.0,0.5,133500.0,False,False,0.8055555555555556
"Avant, LLC",46,37,1.0,0.717391304347826,90000.0,False,False,0.8043478260869565
USAA Federal Savings Bank,35,28,1.0,0.42857142857142855,136480.5,False,False,0.8
"JFROG, INC.",25,20,1.0,0.32,175000.08,False,False,0.8
TRANSOCEAN RESOURCES MANAGEMENT INC,25,20,1.0,0.76,58000.0,False,False,0.8
Marshall Wace North America LP,20,16,1.0,0.4,200000.0,False,False,0.8
"Relex Solutions, Inc.",20,16,1.0,0.4,112143.44,False,False,0.8
South32 Hermosa Inc.,20,16,0.95,0.75,135600.0,False,False,0.8
"Chanel, Inc.",15,12,1.0,0.3333333333333333,156340.0,False,False,0.8
Golabs INC,15,12,1.0,0.9333333333333333,61090.0,False,False,0.8
"HotelKey, Inc.",15,12,1.0,0.9333333333333333,83200.0,False,False,0.8
Morningstar Investment Management LLC,15,12,1.0,0.3333333333333333,122515.0,False,False,0.8
Rider Levett Bucknall Ltd.,15,12,1.0,0.6,142000.0,False,False,0.8
Wunderman Thompson LLC,15,12,1.0,0.3333333333333333,125000.0,False,False,0.8
UBS Financial Services Inc.,54,43,1.0,0.3888888888888889,168000.0,False,False,0.7962962962962963
"Nuveen Services, LLC",24,19,1.0,0.5,147815.0,False,False,0.7916666666666666
TCW LLC,24,19,1.0,0.9166666666666666,122500.0,False,False,0.7916666666666666
Weee! Inc.,57,45,1.0,0.47368421052631576,90000.0,False,False,0.7894736842105263
Dodge & Cox,19,15,1.0,0.5789473684210527,145000.0,False,False,0.7894736842105263
SMS InfoComm Corporation,19,15,1.0,0.7368421052631579,59821.0,False,False,0.7894736842105263
Yanwen Express LLC,19,15,1.0,1.0,59405.0,False,False,0.7894736842105263
"Point72 Asset Management, L.P.",109,86,1.0,0.6880733944954128,200000.0,False,False,0.7889908256880734
"Ares Operations, LLC",90,71,1.0,0.7,125000.0,False,False,0.7888888888888889
FCI USA LLC,28,22,0.9642857142857143,0.7857142857142857,126630.5,False,False,0.7857142857142857
ACRE NY REALTY INC.,14,11,1.0,0.6428571428571429,79788.8,False,False,0.7857142857142857
"Bunzl Distribution USA, Inc.",14,11,1.0,0.35714285714285715,110000.0,False,False,0.7857142857142857
Caerus US 1 Inc.,14,11,1.0,0.35714285714285715,136500.19,False,False,0.7857142857142857
"FCB Worldwide, Inc.",14,11,1.0,0.21428571428571427,112500.0,False,False,0.7857142857142857
Mortgage Guaranty Insurance Corporation,14,11,1.0,0.42857142857142855,98666.5,False,False,0.7857142857142857
"Teva Pharmaceuticals USA, Inc.",14,11,1.0,0.21428571428571427,138105.0,False,False,0.7857142857142857
The Haskell Company,14,11,1.0,0.35714285714285715,89019.0,False,False,0.7857142857142857
"International Rescue Committee, Inc.",23,18,1.0,0.17391304347826086,100000.0,False,False,0.782608695652174
SWIFTX INC,23,18,1.0,1.0,75750.0,False,False,0.782608695652174
"Universal Processing, LLC",32,25,1.0,0.625,66872.0,False,False,0.78125
"KMK CONSULTING, INC.",36,28,1.0,0.4722222222222222,130000.0,False,False,0.7777777777777778
"Energy Exemplar, LLC",27,21,1.0,0.5185185185185185,146912.0,False,False,0.7777777777777778
Transcend Solutions LLC,27,21,1.0,1.0,105248.0,False,False,0.7777777777777778
"BlackRock Institutional Services, Inc.",18,14,1.0,0.3888888888888889,140000.0,False,False,0.7777777777777778
"Essilor of America, Inc.",18,14,1.0,0.3888888888888889,125595.0,False,False,0.7777777777777778
Hudson Bay Capital Management LP,18,14,1.0,0.5,200000.0,False,False,0.7777777777777778
NUMERIX LLC,18,14,1.0,0.3888888888888889,117500.0,False,False,0.7777777777777778
FTTNY LLC,22,17,1.0,0.9545454545454546,150000.0,False,False,0.7727272727272727
Five Rings LLC,22,17,0.9545454545454546,0.6818181818181818,300000.0,False,False,0.7727272727272727
TECH SMART SOLUTIONS LLC,22,17,1.0,0.5,99070.40000000001,False,False,0.7727272727272727
CGG Services (U.S.) Inc.,57,44,1.0,0.7894736842105263,101605.0,False,False,0.7719298245614035
"Nasdaq, Inc.",35,27,1.0,0.6,114310.22,False,False,0.7714285714285715
Barclays Bank Delaware,61,47,1.0,0.29508196721311475,148500.0,False,False,0.7704918032786885
"Alliant Insurance Services, Inc.",13,10,1.0,1.0,160000.0,False,False,0.7692307692307693
BUSINESS WORKPLACE SOLUTIONS PEO SERVICES LLC,13,10,1.0,0.0,104187.5,False,False,0.7692307692307693
Bachi.Tech Corporation,13,10,1.0,0.5384615384615384,75233.6,False,False,0.7692307692307693
Checkout LLC,13,10,1.0,0.9230769230769231,150000.0,False,False,0.7692307692307693
Google Public Sector LLC,13,10,1.0,0.15384615384615385,152500.0,False,False,0.7692307692307693
Honeywell Electronic Chemicals LLC,13,10,1.0,0.23076923076923078,171000.0,False,False,0.7692307692307693
"Moore Capital Management, LLC",13,10,1.0,0.5384615384615384,190000.0,False,False,0.7692307692307693
Platned Consulting LLC,13,10,1.0,0.7692307692307693,103709.0,False,False,0.7692307692307693
"Prohealth Practice Management, LLC",13,10,1.0,0.46153846153846156,78004.0,False,False,0.7692307692307693
Voya Investment Management LLC,13,10,1.0,0.5384615384615384,172500.0,False,False,0.7692307692307693
"eXalt-Fi North America, Inc.",13,10,0.8461538461538461,0.9230769230769231,123000.0,False,False,0.7692307692307693
"TPG GLOBAL, LLC",43,33,1.0,0.813953488372093,119000.0,False,False,0.7674418604651163
Mondelez Global LLC,34,26,1.0,0.5294117647058824,156470.36,False,False,0.7647058823529411
"FairSquare, Inc.",17,13,1.0,1.0,137197.0,False,False,0.7647058823529411
"Gate Gourmet, Inc.",17,13,1.0,0.35294117647058826,125520.0,False,False,0.7647058823529411
"Russell Reynolds Associates, Inc.",17,13,1.0,0.6470588235294118,180000.0,False,False,0.7647058823529411
"Superpower Health, Inc.",17,13,1.0,0.9411764705882353,155000.0,False,False,0.7647058823529411
"BRIDGEWATER ASSOCIATES, LP",122,93,1.0,0.5737704918032787,164500.0,False,False,0.7622950819672131
"Stout Risius Ross, LLC",50,38,1.0,0.56,110000.0,False,False,0.76
Lazard Freres & Co. LLC,79,60,1.0,0.7088607594936709,185000.0,False,False,0.759493670886076
New Beginnings Creator Network Corp.,37,28,1.0,1.0,78000.0,False,False,0.7567567567567568
Freshworks Inc.,41,31,1.0,0.6341463414634146,156229.0,False,False,0.7560975609756098
"AQR Capital Management, LLC",89,67,1.0,0.6853932584269663,142500.0,False,False,0.7528089887640449
ProcDNA Inc.,32,24,1.0,0.8125,123164.0,False,False,0.75
"NextEra Energy Marketing, LLC",28,21,1.0,0.7857142857142857,142500.0,False,False,0.75
"Coastal Construction of Miami-Dade County, Inc.",24,18,1.0,0.7916666666666666,88499.0,False,False,0.75
Mylan Inc.,24,18,1.0,0.4166666666666667,151080.14500000002,False,False,0.75
Orsted North America Inc.,24,18,1.0,0.4583333333333333,130000.0,False,False,0.75
UBS Bank USA,24,18,1.0,0.16666666666666666,155000.0,False,False,0.75
WESTPAC BANKING CORPORATION,24,18,1.0,0.5833333333333334,170000.0,False,False,0.75
China Merchants Bank Co. Ltd.,20,15,1.0,0.7,76128.0,False,False,0.75
Swinerton Builders,20,15,1.0,0.45,112200.0,False,False,0.75
"Anheuser-Busch InBev Services, LLC",16,12,1.0,0.3125,172627.0,False,False,0.75
Canadian Solar US Cell Manufacturing Corporation,16,12,1.0,1.0,95000.0,False,False,0.75
Credit Agricole Corporate and Investment Bank,16,12,1.0,0.6875,180000.0,False,False,0.75
ENGINEERS GATE MANAGER LP,16,12,1.0,0.9375,140000.0,False,False,0.75
"GoTo Technologies USA, LLC",16,12,1.0,0.625,169744.0,False,False,0.75
"ST. JUDE MEDICAL BUSINESS SERVICES, INC.",16,12,1.0,0.375,100000.0,False,False,0.75
"OM Partners USA, Inc.",71,53,1.0,0.4507042253521127,90000.0,False,False,0.7464788732394366
"Sundt Construction, Inc.",39,29,1.0,0.38461538461538464,86195.0,False,False,0.7435897435897436
"Berkeley Research Group, LLC",31,23,1.0,0.6451612903225806,110500.0,False,False,0.7419354838709677
"Blackstone, Inc.",213,158,1.0,0.5633802816901409,150000.0,False,False,0.7417840375586855
Style Link Logistics LLC,27,20,1.0,0.9629629629629629,152000.0,False,False,0.7407407407407407
"Intuitive Surgical, Inc.",23,17,1.0,0.5217391304347826,123978.5,False,False,0.7391304347826086
"Russell Investments Group, LLC",23,17,1.0,0.2608695652173913,125260.0,False,False,0.7391304347826086
Marsh USA LLC,42,31,1.0,0.7142857142857143,140200.0,False,False,0.7380952380952381
"SimCorp USA, Inc.",19,14,1.0,0.3684210526315789,122248.5,False,False,0.7368421052631579
Akuna Investment Operations LLC,15,11,1.0,1.0,,False,False,0.7333333333333333
Federal Home Loan Bank San Francisco,15,11,1.0,0.4666666666666667,172234.5,False,False,0.7333333333333333
"ST. JUDE MEDICAL S.C., INC.",15,11,1.0,0.8666666666666667,117500.0,False,False,0.7333333333333333
"Speed Xpress, Inc.",15,11,1.0,1.0,66009.0,False,False,0.7333333333333333
"Structural Technologies, LLC",15,11,1.0,0.3333333333333333,99000.0,False,False,0.7333333333333333
KPMG LLP,702,514,1.0,0.5071225071225072,146141.0,False,False,0.7321937321937322
"BDT Capital Partners, LLC",26,19,1.0,0.7692307692307693,175000.0,False,False,0.7307692307692307
PCI Energy Solutions,37,27,1.0,0.35135135135135137,97950.0,False,False,0.7297297297297297
Verition Group LLC,77,56,1.0,0.7272727272727273,175000.0,False,False,0.7272727272727273
American Express National Bank,44,32,0.9772727272727273,0.7045454545454546,138944.995,False,False,0.7272727272727273
Bank of Montreal,22,16,1.0,0.8181818181818182,116146.0,False,False,0.7272727272727273
"ENGIE North America, Inc.",22,16,1.0,0.7272727272727273,120074.5,False,False,0.7272727272727273
THE BANK OF NOVA SCOTIA,102,74,1.0,0.6470588235294118,145000.0,False,False,0.7254901960784313
"Carilion Services, Inc.",40,29,1.0,0.4,89356.9,False,False,0.725
Caliber Holdings LLC,29,21,1.0,0.5862068965517241,105000.0,False,False,0.7241379310344828
"Chowbus, Inc.",29,21,1.0,0.6551724137931034,83984.4,False,False,0.7241379310344828
Guidehouse Inc.,47,34,1.0,0.5531914893617021,120860.0,False,False,0.723404255319149
"Aurobindo Pharma USA, Inc.",18,13,1.0,0.3333333333333333,97150.0,False,False,0.7222222222222222
CMA CGM (AMERICA) LLC,18,13,1.0,0.6111111111111112,109914.0,False,False,0.7222222222222222
Prologis Management LLC,18,13,1.0,0.7777777777777778,140000.0,False,False,0.7222222222222222
Rich Products Corporation,18,13,1.0,0.5555555555555556,158500.0,False,False,0.7222222222222222
Searce Inc.,18,13,1.0,0.7777777777777778,85000.0,False,False,0.7222222222222222
"Sixth Street Opportunities Partners, LP",18,13,1.0,0.4444444444444444,225000.0,False,False,0.7222222222222222
Capstone Investment Advisors LLC,25,18,1.0,0.72,150000.0,False,False,0.72
"MIO Partners, Inc.",25,18,1.0,0.4,190000.0,False,False,0.72
Pentagon Federal Credit Union,25,18,1.0,0.4,165087.5,False,False,0.72
Valley National Bank,25,18,1.0,0.6,123000.0,False,False,0.72
Rising Pharma Holdings Inc.,32,23,1.0,0.6875,97750.0,False,False,0.71875
TBWA Worldwide Inc.,32,23,1.0,0.46875,147500.0,False,False,0.71875
IHS Global Inc.,39,28,1.0,0.5897435897435898,103500.0,False,False,0.717948717948718
IM PRO MAKEUP NY LP,53,38,1.0,0.8867924528301887,120000.0,False,False,0.7169811320754716
"Home Depot USA, Inc.",74,53,1.0,0.4594594594594595,106641.5,False,False,0.7162162162162162
"Bayview Asset Management, LLC",56,40,1.0,0.5892857142857143,133250.0,False,False,0.7142857142857143
Finovax Technologies Inc.,28,20,1.0,1.0,82763.2,False,False,0.7142857142857143
"Janus Henderson Investors US, LLC",21,15,1.0,0.9047619047619048,144500.0,False,False,0.7142857142857143
Novartis Services Inc.,21,15,1.0,0.7142857142857143,178922.0,False,False,0.7142857142857143
PwC Product Sales LLC,21,15,1.0,0.14285714285714285,157000.0,False,False,0.7142857142857143
China Mobile International (USA) Inc.,14,10,1.0,0.6428571428571429,77880.0,False,False,0.7142857142857143
Dashing Diva USA CORP.,14,10,1.0,1.0,78332.79999999999,False,False,0.7142857142857143
"INFOSYS PUBLIC SERVICES, INC.",14,10,1.0,0.2857142857142857,108971.0,False,False,0.7142857142857143
"Jamsan Hotel Management, Inc.",14,10,1.0,0.42857142857142855,81942.0,False,False,0.7142857142857143
"Otsuka America Pharmaceutical, Inc.",14,10,1.0,0.35714285714285715,195000.0,False,False,0.7142857142857143
Pareto Inc.,14,10,0.9285714285714286,0.9285714285714286,190000.0,False,False,0.7142857142857143
SKF USA Inc.,14,10,1.0,0.5,125278.0,False,False,0.7142857142857143
The North Highland Company,14,10,1.0,0.5714285714285714,137758.0,False,False,0.7142857142857143
Virtu Financial Operating LLC,59,42,1.0,0.6271186440677966,131997.0,False,False,0.711864406779661
"Yipit, LLC",31,22,1.0,0.6451612903225806,114670.0,False,False,0.7096774193548387
"Optum Care, Inc.",24,17,1.0,0.25,122676.0,False,False,0.7083333333333334
Tekion Corp,24,17,1.0,0.4583333333333333,176351.0,False,False,0.7083333333333334
The Layton Companies,24,17,1.0,0.625,93496.0,False,False,0.7083333333333334
"INDEGENE, INC",58,41,1.0,0.5517241379310345,120536.0,False,False,0.7068965517241379
VIRGINIA TRANSFORMER CORP. (VTCR),34,24,1.0,0.7941176470588235,92000.0,False,False,0.7058823529411765
"Ashley Global Retail, LLC",17,12,1.0,0.11764705882352941,116927.0,False,False,0.7058823529411765
KIDE INTERNATIONAL (THE STATES) LLC.,17,12,1.0,1.0,67922.5,False,False,0.7058823529411765
Plymouth Rock Management Company of New Jersey,17,12,1.0,0.17647058823529413,109491.0,False,False,0.7058823529411765
"SMB Shared Services, Inc.",17,12,1.0,0.6470588235294118,86000.0,False,False,0.7058823529411765
BRIDGE INVESTMENT GROUP LLC,27,19,1.0,0.7407407407407407,89000.0,False,False,0.7037037037037037
Jefferies LLC,268,188,1.0,0.7089552238805971,175000.0,False,False,0.7014925373134329
Macquarie Global Services (USA) LLC,107,75,1.0,0.5420560747663551,130998.5,False,False,0.7009345794392523
"MCKINSEY & COMPANY, INC. UNITED STATES",1091,764,1.0,0.4216315307057745,192000.0,False,False,0.7002749770852429
CIBC World Markets Corp.,50,35,1.0,0.66,225000.0,False,False,0.7
EPIK SOLUTIONS,20,14,1.0,0.7,115500.0,False,False,0.7
Epickx Inc,53,37,1.0,0.9245283018867925,72446.5,False,False,0.6981132075471698
"Suffolk Construction Company, Inc.",56,39,1.0,0.6428571428571429,106500.0,False,False,0.6964285714285714
"Genentech USA, Inc.",46,32,1.0,0.41304347826086957,165422.0,False,False,0.6956521739130435
Blink Health Group LLC,23,16,1.0,0.5652173913043478,188250.0,False,False,0.6956521739130435
Federal Home Loan Bank Chicago,23,16,1.0,0.391304347826087,95000.0,False,False,0.6956521739130435
GRAND SUPERCENTER INC.,23,16,1.0,0.6956521739130435,58500.0,False,False,0.6956521739130435
"Greystar Management Services, LLC",23,16,1.0,0.30434782608695654,125836.0,False,False,0.6956521739130435
"Marex Services, Inc.",23,16,1.0,0.8695652173913043,160000.0,False,False,0.6956521739130435
"Sunrise Futures, LLC",23,16,1.0,0.391304347826087,171000.0,False,False,0.6956521739130435
"Odoo, Inc.",52,36,1.0,0.28846153846153844,99450.0,False,False,0.6923076923076923
HR Staffing LLC.,26,18,0.34615384615384615,1.0,72457.0,False,False,0.6923076923076923
"Smart Energy Systems, Inc.",45,31,1.0,0.4666666666666667,147273.0,False,False,0.6888888888888889
Ecolab USA Inc.,48,33,1.0,0.5208333333333334,133125.0,False,False,0.6875
"Willmeng Construction, Inc.",32,22,1.0,0.46875,81827.0,False,False,0.6875
AlphaSights Inc.,16,11,1.0,0.8125,105000.0,False,False,0.6875
"American Water Resources, LLC",16,11,1.0,0.75,120000.0,False,False,0.6875
FlyHigh Talent LLC,16,11,1.0,1.0,73195.0,False,False,0.6875
"Bristlecone, Inc.",35,24,1.0,0.5428571428571428,132101.0,False,False,0.6857142857142857
"US Tiger Securities, Inc.",54,37,1.0,0.7592592592592593,100000.0,False,False,0.6851851851851852
BOEHRINGER INGELHEIM USA CORPORATION,19,13,1.0,0.5789473684210527,175048.56,False,False,0.6842105263157895
"DEKRA Certification, Inc.",19,13,1.0,0.8421052631578947,79290.0,False,False,0.6842105263157895
"Digital Turbine, Inc.",19,13,1.0,0.42105263157894735,140275.0,False,False,0.6842105263157895
LATAM Airlines Group S.A.,19,13,1.0,0.3684210526315789,81203.0,False,False,0.6842105263157895
"NextEra Energy Resources, LLC",117,80,1.0,0.6837606837606838,145000.0,False,False,0.6837606837606838
Celanese Corporation,22,15,1.0,0.5,124687.5,False,False,0.6818181818181818
"Graham Capital Management, L.P.",22,15,1.0,0.7727272727272727,250000.0,False,False,0.6818181818181818
Pacific Investment Management Company LLC,204,139,1.0,0.4166666666666667,168000.0,False,False,0.6813725490196079
Fluke Electronics Corporation,25,17,1.0,0.44,130000.0,False,False,0.68
"Medallia, Inc.",25,17,1.0,0.36,160648.0,False,False,0.68
Mercer (US) LLC,25,17,1.0,0.44,103250.0,False,False,0.68
PwC,1979,1345,1.0,0.43456291056088936,180000.0,False,False,0.6796361798888327
"IPG Health, LLC",28,19,0.9642857142857143,0.35714285714285715,108000.0,False,False,0.6785714285714286
Citadel,652,442,1.0,0.6748466257668712,200000.0,False,False,0.6779141104294478
Neuberger Berman Group LLC,65,44,0.9846153846153847,0.47692307692307695,152000.0,False,False,0.676923076923077
"KISS NAIL PRODUCTS, INC.",34,23,1.0,0.7352941176470589,68000.0,False,False,0.6764705882352942
Bankers Healthcare Group LLC,37,25,1.0,0.2702702702702703,133900.0,False,False,0.6756756756756757
BAYARDE SERVICES LLC,43,29,1.0,1.0,68000.0,False,False,0.6744186046511628
CCI Corporate Services LLC,43,29,1.0,0.11627906976744186,150465.46000000002,False,False,0.6744186046511628
"NB Ventures, Inc.",110,74,1.0,0.2636363636363636,138000.0,False,False,0.6727272727272727
Tower Research Capital LLC,84,56,1.0,0.6309523809523809,162801.5,False,False,0.6666666666666666
Marketech International Corporation USA,30,20,1.0,1.0,58200.0,False,False,0.6666666666666666
"Clune Construction Company, LP",27,18,1.0,0.8148148148148148,107474.0,False,False,0.6666666666666666
"Cypress Creek Renewables, LLC",21,14,1.0,0.8095238095238095,119402.5,False,False,0.6666666666666666
Galaxy US Opco Inc.,21,14,1.0,0.14285714285714285,145950.0,False,False,0.6666666666666666
"Syneos Health US, Inc.",21,14,1.0,0.2857142857142857,111966.0,False,False,0.6666666666666666
"Brooklyn Nets, LLC",18,12,1.0,0.3888888888888889,125000.0,False,False,0.6666666666666666
"Cover Genius US Employee Services, LLC",18,12,1.0,0.5555555555555556,220000.0,False,False,0.6666666666666666
Kraft Heinz Foods Company,18,12,1.0,0.3888888888888889,140000.0,False,False,0.6666666666666666
NUTRA-MED PACKAGING LLC,18,12,1.0,0.5555555555555556,77552.5,False,False,0.6666666666666666
RTX Corporation,18,12,1.0,0.4444444444444444,143113.0,False,False,0.6666666666666666
"Welltower, Inc.",18,12,1.0,0.7777777777777778,154500.0,False,False,0.6666666666666666
Acadian Asset Management LLC,15,10,1.0,0.3333333333333333,170000.0,False,False,0.6666666666666666
BULKBUDDY LLC,15,10,0.9333333333333333,1.0,,False,False,0.6666666666666666
"Corsair Memory, Inc.",15,10,1.0,0.6,119600.0,False,False,0.6666666666666666
"Fidelity Service Company, Inc. d/b/a Fidelity Investments",15,10,1.0,0.4,99806.5,False,False,0.6666666666666666
Gates Foundation,15,10,1.0,0.2,254700.0,False,False,0.6666666666666666
"Gem Software, Inc.",15,10,1.0,0.8,190000.0,False,False,0.6666666666666666
"GuarantR, Inc. d/b/a TheGuarantors",15,10,1.0,0.4,,False,False,0.6666666666666666
"ISPRING WATER SYSTEMS, LLC",15,10,1.0,0.8666666666666667,74000.0,False,False,0.6666666666666666
Protiviti Inc.,15,10,1.0,0.06666666666666667,152500.0,False,False,0.6666666666666666
The American Chemical Society,15,10,1.0,0.6,170000.0,False,False,0.6666666666666666
Tredence Inc.,251,166,1.0,0.5059760956175299,153000.0,False,False,0.6613545816733067
"D. E. Shaw & Co., L.P.",114,75,1.0,0.7017543859649122,210000.0,False,False,0.6578947368421053
ResMed Corp.,32,21,1.0,0.75,101412.245,False,False,0.65625
"Mercuria Energy America, LLC",29,19,1.0,0.8620689655172413,145000.0,False,False,0.6551724137931034
"Horizon Therapeutics USA, Inc.",26,17,1.0,0.46153846153846156,145000.8,False,False,0.6538461538461539
"McCarthy Building Companies, Inc.",26,17,1.0,0.5384615384615384,112420.4,False,False,0.6538461538461539
Tripalink Corp,26,17,1.0,0.6538461538461539,70928.0,False,False,0.6538461538461539
B. Braun Medical Inc.,23,15,1.0,0.6521739130434783,119870.73000000001,False,False,0.6521739130434783
BLUE OWL CAPITAL HOLDINGS LLC,23,15,1.0,0.8260869565217391,120000.0,False,False,0.6521739130434783
Beghou Consulting LLC,23,15,1.0,0.8260869565217391,135000.0,False,False,0.6521739130434783
"Heidelberg Materials US, Inc.",23,15,1.0,0.9130434782608695,138000.0,False,False,0.6521739130434783
RBC Capital Markets LLC,287,187,0.9965156794425087,0.49477351916376305,160000.0,False,False,0.6515679442508711
"Mattel HQ, Inc.",60,39,1.0,0.6166666666666667,136779.5,False,False,0.65
"Alamance Foods, Inc.",20,13,1.0,0.85,65975.0,False,False,0.65
FIG LLC,20,13,1.0,0.4,171454.0,False,False,0.65
"Firefly Pros, Inc.",20,13,1.0,0.5,82763.0,False,False,0.65
Vista Tech LLC,20,13,1.0,0.35,150000.0,False,False,0.65
IQVIA Inc.,317,206,0.9936908517350158,0.2870662460567823,144021.13,False,False,0.6498422712933754
CIBC Bank USA,74,48,1.0,0.5945945945945946,125000.0,False,False,0.6486486486486487
Trendset IT Inc.,37,24,1.0,0.4594594594594595,73306.5,False,False,0.6486486486486487
"DataSync, Inc.",17,11,1.0,0.4117647058823529,79310.4,False,False,0.6470588235294118
Hearts & Science LLC,17,11,1.0,0.47058823529411764,95000.0,False,False,0.6470588235294118
Royal Bank of Canada,17,11,1.0,0.7058823529411765,149386.0,False,False,0.6470588235294118
"SMB Business Development, Inc.",17,11,1.0,0.47058823529411764,125000.0,False,False,0.6470588235294118
Skanska USA Building Inc.,17,11,1.0,0.29411764705882354,113150.0,False,False,0.6470588235294118
"Spreetail, LLC",17,11,1.0,0.47058823529411764,130000.0,False,False,0.6470588235294118
"SciPlay Games, LLC",31,20,1.0,0.41935483870967744,129100.0,False,False,0.6451612903225806
M. A. Mortenson Company,84,54,1.0,0.23809523809523808,108992.04000000001,False,False,0.6428571428571429
"Micron Semiconductor Products, Inc.",42,27,1.0,0.30952380952380953,131049.0,False,False,0.6428571428571429
"VIA TRANSPORTATION, INC.",28,18,1.0,0.7142857142857143,117541.0,False,False,0.6428571428571429
VML LLC,28,18,1.0,0.2857142857142857,98587.92,False,False,0.6428571428571429
"MENUSIFU, INC.",25,16,1.0,0.72,65229.0,False,False,0.64
ZLLIUS INC,25,16,1.0,1.0,83000.0,False,False,0.64
"BlackRock Investment Management, LLC",98,62,0.9897959183673469,0.4489795918367347,137800.0,False,False,0.6326530612244898
"SG Americas Operational Services, LLC",117,74,1.0,0.6752136752136753,149909.5,False,False,0.6324786324786325
American Express Company,231,146,1.0,0.5324675324675324,144957.0,False,False,0.6320346320346321
Mercor.io Corporation,57,36,1.0,1.0,145818.5,False,False,0.631578947368421
Kenvue Brands LLC,38,24,1.0,0.5,163950.0,False,False,0.631578947368421
Jain Global LLC,19,12,1.0,0.8421052631578947,200000.0,False,False,0.631578947368421
"Midland Credit Management, Inc",73,46,1.0,0.8493150684931506,82500.0,False,False,0.6301369863013698
"HANWHA Q CELLS AMERICA, INC.",24,15,1.0,0.7083333333333334,120300.0,False,False,0.625
Systech Solutions Inc,24,15,1.0,0.5,110000.0,False,False,0.625
"66degrees, LLC",16,10,1.0,0.0,184320.0,False,False,0.625
Ambit RD Inc,16,10,1.0,0.75,120000.0,False,False,0.625
"Austin Commercial, LP",16,10,1.0,0.5,100006.4,False,False,0.625
Bold North America LLC,16,10,1.0,0.5,101868.0,False,False,0.625
Enverus Inc.,16,10,1.0,0.3125,116272.0,False,False,0.625
Q-Edge Corporation,16,10,1.0,1.0,80000.0,False,False,0.625
"Sandvik Mining and Construction USA, LLC",16,10,1.0,0.6875,89440.0,False,False,0.625
TK Elevator Corporation,16,10,1.0,0.75,150000.0,False,False,0.625
"MSCI, INC.",156,97,1.0,0.6346153846153846,132400.0,False,False,0.6217948717948718
"Marketing Associates, LLC dba OneMagnify",29,18,1.0,0.20689655172413793,110622.5,False,False,0.6206896551724138
Rio Tinto Services Inc.,29,18,1.0,0.7586206896551724,155590.0,False,False,0.6206896551724138
"VSQUARE INFOTECH, INC.",29,18,1.0,0.5862068965517241,84000.0,False,False,0.6206896551724138
GALAXY DIGITAL SERVICES LLC,42,26,1.0,0.8571428571428571,140000.0,False,False,0.6190476190476191
"Law Offices of Keshab Raj Seadie, P.C.",21,13,1.0,1.0,75732.79999999999,False,False,0.6190476190476191
OMD USA LLC,55,34,1.0,0.8181818181818182,96650.0,False,False,0.6181818181818182
Madison-Davis LLC,39,24,1.0,0.9487179487179487,83200.0,False,False,0.6153846153846154
APEXUS TECH LLC,26,16,1.0,1.0,78374.4,False,False,0.6153846153846154
Plaud Inc.,26,16,1.0,1.0,187500.0,False,False,0.6153846153846154
"Balyasny Asset Management, L.P.",196,120,1.0,0.6581632653061225,200000.0,False,False,0.6122448979591837
LAN Cargo S.A.,36,22,1.0,0.2777777777777778,85071.0,False,False,0.6111111111111112
"Formosa Plastics Corporation, U.S.A.",18,11,1.0,0.7777777777777778,80995.0,False,False,0.6111111111111112
Joblogic-X Corporation,18,11,1.0,0.8333333333333334,93600.0,False,False,0.6111111111111112
MGA Entertainment Inc.,18,11,1.0,0.3888888888888889,126942.0,False,False,0.6111111111111112
"Ultragenyx Pharmaceutical, Inc.",18,11,1.0,0.2222222222222222,162000.0,False,False,0.6111111111111112
"Six Continents Hotels, Inc. (InterContinental Hotels Group)",41,25,1.0,0.14634146341463414,131550.62,False,False,0.6097560975609756
"Ellkay, LLC",23,14,1.0,0.17391304347826086,95000.0,False,False,0.6086956521739131
Maven Securities US Limited,23,14,1.0,0.8695652173913043,130000.0,False,False,0.6086956521739131
"Sanveo, Inc.",23,14,1.0,0.43478260869565216,88000.0,False,False,0.6086956521739131
Vankay Systems Inc,23,14,1.0,0.9130434782608695,73112.0,False,False,0.6086956521739131
HOUNEN SOLAR AMERICA INC.,28,17,1.0,0.9285714285714286,85000.0,False,False,0.6071428571428571
Interlake Mecalux Inc.,28,17,1.0,0.75,75317.0,False,False,0.6071428571428571
"Scopely, Inc.",28,17,1.0,0.5,149849.0,False,False,0.6071428571428571
"NESTLE REGIONAL GLOBE OFFICE NORTH AMERICA, INC",33,20,1.0,0.5151515151515151,158608.62,False,False,0.6060606060606061
"Venture Global LNG, Inc.",53,32,1.0,0.6226415094339622,257500.03,False,False,0.6037735849056604
INFOSYS BPM LIMITED,40,24,1.0,0.3,99226.5,False,False,0.6
Man Investments USA Holdings Inc,30,18,1.0,0.5333333333333333,155000.0,False,False,0.6
NIKE RETAIL SERVICES INC,30,18,1.0,0.4666666666666667,136454.4,False,False,0.6
WNS NORTH AMERICA INC,25,15,1.0,0.6,130000.0,False,False,0.6
"Lucid Group USA, Inc.",20,12,1.0,0.7,131060.5,False,False,0.6
Oasys Technologies Inc,20,12,1.0,0.4,89211.0,False,False,0.6
Regional Management Corp.,20,12,1.0,0.55,111614.5,False,False,0.6
Saven Technologies Incorporated,20,12,1.0,0.4,76000.0,False,False,0.6
"WHITE COLLAR TECHNOLOGIES, INC",52,31,1.0,0.4423076923076923,89835.0,False,False,0.5961538461538461
Walleye Capital LLC,42,25,1.0,0.8571428571428571,175000.0,False,False,0.5952380952380952
"RiskSpan, Inc.",32,19,1.0,0.5,105000.0,False,False,0.59375
Goldman Sachs,4429,2619,0.9970648001806277,0.6111989162339129,124800.0,False,False,0.5913298713027771
"ICONIQ Capital, LLC",22,13,1.0,0.6363636363636364,160000.0,False,False,0.5909090909090909
"Yodlee, Inc.",22,13,1.0,0.45454545454545453,139400.0,False,False,0.5909090909090909
United Rentals Inc.,39,23,1.0,0.3333333333333333,119000.0,False,False,0.5897435897435898
Deel US LLC,124,73,0.9838709677419355,0.9193548387096774,135000.0,False,False,0.5887096774193549
CRRC MA CORPORATION,34,20,1.0,0.6176470588235294,89149.0,False,False,0.5882352941176471
Attain Finance LLC,17,10,0.7647058823529411,0.11764705882352941,,False,False,0.5882352941176471
"DV Group, LLC",17,10,1.0,0.6470588235294118,175000.0,False,False,0.5882352941176471
"Global Applications, LLC",17,10,1.0,0.7647058823529411,103355.0,False,False,0.5882352941176471
International Investing Group Inc,17,10,1.0,1.0,83200.0,False,False,0.5882352941176471
Shree Meldi Krupa LLC,17,10,1.0,0.8823529411764706,80000.0,False,False,0.5882352941176471
"Alcon Vision, LLC",46,27,1.0,0.7391304347826086,118685.0,False,False,0.5869565217391305
Ernst & Young U.S. LLP,15846,9253,0.9998737851823805,0.3317556481130885,143000.0,False,False,0.5839328537170264
SUMMIT BEND US CORPORATION,31,18,1.0,0.6129032258064516,64000.0,False,False,0.5806451612903226
Zion Cloud Solutions LLC,38,22,1.0,0.9210526315789473,84728.5,False,False,0.5789473684210527
HUNGRYPANDA US INC.,19,11,1.0,0.8947368421052632,61120.8,False,False,0.5789473684210527
"Murex North America, Inc.",19,11,1.0,0.21052631578947367,147000.0,False,False,0.5789473684210527
"TEXAS MOBILE PCS, LLC",19,11,1.0,1.0,59000.0,False,False,0.5789473684210527
The Wine Group Inc.,19,11,1.0,0.8947368421052632,169210.0,False,False,0.5789473684210527
Verizon Corporate Resources Group LLC,83,48,0.9879518072289156,0.1927710843373494,157050.0,False,False,0.5783132530120482
"Accelalpha, Inc.",26,15,1.0,0.38461538461538464,143000.0,False,False,0.5769230769230769
Edgile LLC,26,15,1.0,0.4230769230769231,132267.0,False,False,0.5769230769230769
"Vertafore, Inc.",26,15,1.0,0.038461538461538464,105318.03,False,False,0.5769230769230769
VLink Inc.,33,19,1.0,0.3333333333333333,96616.0,False,False,0.5757575757575758
Levi Strauss & Co.,61,35,1.0,0.22950819672131148,180524.7,False,False,0.5737704918032787
Adroit Associates Inc,68,39,1.0,0.16176470588235295,101899.0,False,False,0.5735294117647058
"Eversana Life Science Services, LLC",49,28,1.0,0.46938775510204084,120000.0,False,False,0.5714285714285714
"Arrowstreet Capital, Limited Partnership",42,24,1.0,0.42857142857142855,160000.0,False,False,0.5714285714285714
Goosehead Insurance Agency LLC,28,16,1.0,0.8214285714285714,155000.0,False,False,0.5714285714285714
Merrick Bank Corporation,21,12,1.0,0.19047619047619047,132400.0,False,False,0.5714285714285714
"OpenTable, Inc.",21,12,1.0,0.47619047619047616,182811.0,False,False,0.5714285714285714
PCOnline LLC,21,12,0.9523809523809523,0.6190476190476191,53768.0,False,False,0.5714285714285714
Praitech Inc,21,12,1.0,0.8095238095238095,77293.0,False,False,0.5714285714285714
"S.C. Johnson & Son, Inc.",21,12,1.0,0.47619047619047616,102080.0,False,False,0.5714285714285714
"Sedgwick Claims Management Services, Inc.",21,12,1.0,0.5714285714285714,80000.0,False,False,0.5714285714285714
Traba Inc.,21,12,1.0,1.0,140000.0,False,False,0.5714285714285714
"Vistra Retail Operations Company, LLC",21,12,1.0,0.2857142857142857,133067.0,False,False,0.5714285714285714
PwC US Consulting LLP,230,131,1.0,0.3782608695652174,174000.0,False,False,0.5695652173913044
"Braze, Inc.",37,21,1.0,0.6486486486486487,157900.0,False,False,0.5675675675675675
"GoFundMe, Inc.",37,21,1.0,0.7027027027027027,218750.0,False,False,0.5675675675675675
"SMBC Nikko Securities America, Inc.",37,21,1.0,0.8108108108108109,115731.0,False,False,0.5675675675675675
SOFTWARE ENTERPRISE LLC,30,17,1.0,0.6666666666666666,82534.4,False,False,0.5666666666666667
"IVY Enterprises, Inc.",23,13,1.0,0.6086956521739131,59734.399999999994,False,False,0.5652173913043478
"Tada Cognitive Solutions, LLC",23,13,1.0,0.4782608695652174,65541.0,False,False,0.5652173913043478
Optiver Services US LLC,85,48,1.0,0.8117647058823529,150000.0,False,False,0.5647058823529412
"Asta CRS, Inc.",128,72,1.0,0.453125,96720.0,False,False,0.5625
Federal-Mogul Powertrain LLC,32,18,1.0,0.71875,131999.92,False,False,0.5625
Gilbane Building Company,32,18,1.0,0.75,94910.5,False,False,0.5625
"AUTOMATION ANYWHERE, INC.",50,28,1.0,0.34,160000.0,False,False,0.56
"Optym, Inc.",25,14,1.0,0.8,122500.0,False,False,0.56
"Persona Identities, Inc.",25,14,1.0,0.92,189311.0,False,False,0.56
"Suki AI, Inc.",25,14,1.0,0.64,173638.0,False,False,0.56
Highmark Health,61,34,1.0,0.5245901639344263,129398.39,False,False,0.5573770491803278
"Carvana, LLC",63,35,1.0,0.36507936507936506,121152.0,False,False,0.5555555555555556
GLOBAL NURSING RECRUITERS,36,20,1.0,0.7777777777777778,68640.0,False,False,0.5555555555555556
Carnegie Pharmaceuticals LLC,18,10,1.0,0.6666666666666666,66550.0,False,False,0.5555555555555556
Dynasticx LLC,18,10,1.0,0.7222222222222222,85530.0,False,False,0.5555555555555556
"EDF Renewables, Inc.",18,10,1.0,0.7222222222222222,89086.0,False,False,0.5555555555555556
EverCommerce Solutions Inc.,18,10,1.0,0.5555555555555556,150000.0,False,False,0.5555555555555556
InGenius LLC,18,10,1.0,0.5,64709.0,False,False,0.5555555555555556
Mercury Financial LLC,18,10,1.0,0.6111111111111112,138939.0,False,False,0.5555555555555556
"Quantbot Technologies, LP",18,10,1.0,0.6666666666666666,152500.0,False,False,0.5555555555555556
"Springs Window Fashions, LLC",18,10,0.9444444444444444,0.3888888888888889,110000.0,False,False,0.5555555555555556
TT Commerce & Global Services LLC,1390,772,1.0,0.9892086330935251,,False,False,0.5553956834532374
Transamerica Life Insurance Company,56,31,1.0,0.26785714285714285,121500.0,False,False,0.5535714285714286
APIC US INC.,47,26,1.0,0.9787234042553191,146307.0,False,False,0.5531914893617021
Canadian Solar U.S. Module Manufacturing Corporation,47,26,1.0,0.9787234042553191,73500.18,False,False,0.5531914893617021
"TRINITY PARTNERS, LLC",85,47,1.0,0.47058823529411764,137112.0,False,False,0.5529411764705883
"BlackRock Corporation US, Inc.",38,21,1.0,0.3684210526315789,144700.0,False,False,0.5526315789473685
Cognowiz LLC,38,21,1.0,0.7368421052631579,95777.5,False,False,0.5526315789473685
"Nissan North America, Inc.",38,21,1.0,0.6052631578947368,114067.0,False,False,0.5526315789473685
"TD Bank, National Association",116,64,1.0,0.5431034482758621,133740.0,False,False,0.5517241379310345
"PA Consulting Group, Inc.",29,16,1.0,0.6551724137931034,110000.0,False,False,0.5517241379310345
"United HealthCare Services, Inc.",89,49,1.0,0.4943820224719101,107255.0,False,False,0.550561797752809
Alfa Laval Inc.,20,11,1.0,0.5,86008.0,False,False,0.55
"Exel, Inc.",117,64,1.0,0.6068376068376068,90000.0,False,False,0.5470085470085471
AbbVie US LLC,64,35,1.0,0.203125,158000.0,False,False,0.546875
"Cox Automotive Corporate Services, LLC",203,111,1.0,0.07389162561576355,150413.99,False,False,0.5467980295566502
Topgolf Callaway Brands Corp.,22,12,0.9545454545454546,0.4090909090909091,131569.405,False,False,0.5454545454545454
"AT&T MOBILITY SERVICES, LLC",35,19,1.0,0.3142857142857143,166268.91,False,False,0.5428571428571428
"Fifth Third Bank, National Association",118,64,1.0,0.6186440677966102,120000.0,False,False,0.5423728813559322
eClinicalWorks LLC,260,141,1.0,0.11153846153846154,106000.0,False,False,0.5423076923076923
"Intellinum, Inc.",24,13,1.0,0.625,170000.0,False,False,0.5416666666666666
"Wi-Tronix, LLC",24,13,1.0,0.4583333333333333,115000.0,False,False,0.5416666666666666
"William Blair & Company, LLC",24,13,1.0,0.625,175000.0,False,False,0.5416666666666666
"Anaplan, Inc.",52,28,1.0,0.4423076923076923,163200.0,False,False,0.5384615384615384
Sigma-Aldrich Corporation,52,28,1.0,0.23076923076923078,125461.5,False,False,0.5384615384615384
StoneX Group Inc.,41,22,1.0,0.4146341463414634,90002.0,False,False,0.5365853658536586
"JUMP OPERATIONS, LLC",129,69,1.0,0.6124031007751938,200000.0,False,False,0.5348837209302325
Faraday & Future Inc.,43,23,1.0,0.46511627906976744,115981.0,False,False,0.5348837209302325
Genzyme Corporation,43,23,1.0,0.5348837209302325,136825.0,False,False,0.5348837209302325
"Governmentjobs.com, Inc.",30,16,1.0,0.4,155195.34,False,False,0.5333333333333333
Vimo Inc.,30,16,1.0,0.4666666666666667,170743.0,False,False,0.5333333333333333
Computek Solutions Inc.,32,17,1.0,0.28125,88192.0,False,False,0.53125
Schonfeld Strategic Advisors LLC,49,26,1.0,0.6122448979591837,204250.0,False,False,0.5306122448979592
ADVENTIST HEALTH SYSTEM SUNBELT HEALTHCARE CORP.,108,57,1.0,0.2962962962962963,124800.0,False,False,0.5277777777777778
"Iron Mountain Information Management, LLC",36,19,1.0,0.3611111111111111,139959.0,False,False,0.5277777777777778
FactSet Research Systems Inc.,74,39,1.0,0.12162162162162163,147500.0,False,False,0.527027027027027
PharmaACE LLC,38,20,1.0,0.3684210526315789,146000.0,False,False,0.5263157894736842
Clorox Services Company,19,10,1.0,0.3684210526315789,158361.0,False,False,0.5263157894736842
Epicor Software Corporation,19,10,1.0,0.7894736842105263,115000.0,False,False,0.5263157894736842
"IntegriChain, Inc.",19,10,1.0,0.21052631578947367,160071.47999999998,False,False,0.5263157894736842
Outreach Corporation,19,10,1.0,0.631578947368421,178500.0,False,False,0.5263157894736842
The Procter & Gamble U.S. Business Services Company,19,10,1.0,0.15789473684210525,179025.0,False,False,0.5263157894736842
MH Sub I LLC,59,31,1.0,0.4406779661016949,118965.08,False,False,0.5254237288135594
NOVARTIS PHARMACEUTICALS CORPORATION,189,99,1.0,0.5978835978835979,142771.0,False,False,0.5238095238095238
I BRAIN SOLUTIONS LLC,42,22,1.0,0.8809523809523809,90001.6,False,False,0.5238095238095238
Belden Inc.,21,11,1.0,0.5714285714285714,97500.0,False,False,0.5238095238095238
Calamos Advisors LLC,21,11,1.0,0.5714285714285714,107000.0,False,False,0.5238095238095238
ELC Beauty LLC,65,34,1.0,0.3230769230769231,145100.0,False,False,0.5230769230769231
Luxottica of America Inc.,65,34,0.9846153846153847,0.35384615384615387,123899.0,False,False,0.5230769230769231
STV Construction Inc.,46,24,1.0,0.6739130434782609,85051.2,False,False,0.5217391304347826
"Bunge North America, Inc.",23,12,1.0,0.6521739130434783,87665.0,False,False,0.5217391304347826
ITSUTRA INC.,23,12,1.0,0.08695652173913043,75000.0,False,False,0.5217391304347826
"Dentsu International Americas, LLC",25,13,1.0,0.56,120060.0,False,False,0.52
Open Avenues Foundation,302,157,0.9933774834437086,0.7980132450331126,84094.4,False,False,0.5198675496688742
PwC US Group LLP,77,40,1.0,0.23376623376623376,160000.0,False,False,0.5194805194805194
"Team Belvedere, LLC",52,27,1.0,0.9230769230769231,150000.0,False,False,0.5192307692307693
"Atlas Securitized Products Partners, L.P.",27,14,1.0,0.5925925925925926,150000.0,False,False,0.5185185185185185
Invisible Technologies Inc.,27,14,1.0,0.8888888888888888,187500.0,False,False,0.5185185185185185
The Scotts Company LLC,27,14,1.0,0.25925925925925924,125091.0,False,False,0.5185185185185185
JSM CONSULTING INC,29,15,1.0,0.4827586206896552,106831.0,False,False,0.5172413793103449
Varo Bank N.A.,29,15,1.0,0.3793103448275862,197847.0,False,False,0.5172413793103449
Epson America Inc,31,16,1.0,0.45161290322580644,177132.5,False,False,0.5161290322580645
"PCE Paragon Solutions USA, Inc.",31,16,1.0,0.7741935483870968,71490.0,False,False,0.5161290322580645
Sony Music Entertainment,33,17,1.0,0.30303030303030304,144857.0,False,False,0.5151515151515151
"Moody's Investors Service, Inc.",216,111,1.0,0.37962962962962965,144392.5,False,False,0.5138888888888888
Turing Enterprises Inc.,39,20,1.0,0.717948717948718,185750.0,False,False,0.5128205128205128
"Airwallex US, LLC",41,21,1.0,0.8780487804878049,210000.0,False,False,0.5121951219512195
"BlackRock Financial Management, Inc.",850,435,0.9952941176470588,0.47294117647058825,140000.0,False,False,0.5117647058823529
"Jazz Pharmaceuticals, Inc.",43,22,1.0,0.18604651162790697,144000.0,False,False,0.5116279069767442
"DATSON360, LLC",47,24,1.0,0.6808510638297872,81900.0,False,False,0.5106382978723404
"Arevon Energy, Inc.",49,25,1.0,0.5102040816326531,105000.0,False,False,0.5102040816326531
"Driscoll's, Inc.",49,25,1.0,0.4489795918367347,130634.5,False,False,0.5102040816326531
"Invesco Group Services, Inc.",100,51,1.0,0.45,144000.0,False,False,0.51
"o9 Solutions, Inc.",114,58,1.0,0.42105263157894735,127011.0,False,False,0.5087719298245614
Bhrigus Inc.,59,30,1.0,0.3559322033898305,83866.0,False,False,0.5084745762711864
Intuit Inc.,1302,661,0.999231950844854,0.5768049155145929,176677.5,False,False,0.5076804915514593
Bank of America,1784,897,0.999439461883408,0.35033632286995514,156000.0,False,False,0.5028026905829597
"Circana, LLC",96,48,1.0,0.21875,118414.0,False,False,0.5
BMO Bank N.A.,68,34,1.0,0.17647058823529413,123265.0,False,False,0.5
Stryder Corporation,58,29,1.0,0.9137931034482759,196300.0,False,False,0.5
National Financial Services LLC d/b/a Fidelity Investments,50,25,1.0,0.48,125010.0,False,False,0.5
"PubMatic, Inc.",48,24,1.0,0.3541666666666667,146307.0,False,False,0.5
Workato Inc.,38,19,1.0,0.42105263157894735,144664.0,False,False,0.5
"Belcher Pharmaceuticals, LLC",32,16,1.0,0.34375,86101.5,False,False,0.5
Henkel Corporation,32,16,1.0,0.6875,93142.0,False,False,0.5
Clay Labs Inc.,30,15,1.0,0.9,170000.0,False,False,0.5
Sungrow USA Corporation,30,15,1.0,0.5333333333333333,110000.0,False,False,0.5
Precisely Software Incorporated,28,14,1.0,0.35714285714285715,146307.0,False,False,0.5
Sallie Mae Bank,28,14,1.0,0.5357142857142857,118872.0,False,False,0.5
"Definitive Healthcare, LLC",26,13,1.0,0.5,137700.0,False,False,0.5
Grey Orange Incorporated,26,13,1.0,0.5769230769230769,84071.5,False,False,0.5
"Rent-a-Center Texas, LP",26,13,0.9230769230769231,0.3076923076923077,106458.5,False,False,0.5
"Zum Services, Inc.",26,13,1.0,0.6153846153846154,175000.0,False,False,0.5
AGS LLC,24,12,1.0,0.625,109054.0,False,False,0.5
Global Lending Services LLC,24,12,1.0,0.5416666666666666,115000.0,False,False,0.5
"Fashion Nova, LLC",22,11,1.0,0.9090909090909091,93339.0,False,False,0.5
"Formagrid, Inc.",22,11,1.0,0.6363636363636364,208800.0,False,False,0.5
Freedom Mortgage Corporation,22,11,1.0,0.18181818181818182,117759.5,False,False,0.5
Newmont International Services Limited,22,11,1.0,0.7727272727272727,129194.0,False,False,0.5
eGain Corporation,22,11,0.9545454545454546,0.4090909090909091,165008.0,False,False,0.5
Atmus Filtration Inc.,20,10,1.0,0.3,,False,False,0.5
CROWLEY MARITIME CORPORATION,20,10,1.0,0.1,116563.0,False,False,0.5
Sidel Inc.,20,10,1.0,0.9,94270.0,False,False,0.5
"DPR Construction, A General Partnership",199,99,1.0,0.4472361809045226,96138.0,False,False,0.49748743718592964
"SMBC Capital Markets, Inc.",99,49,1.0,0.6868686868686869,131468.0,False,False,0.494949494949495
"Chime Financial, Inc.",221,109,1.0,0.579185520361991,185050.0,False,False,0.49321266968325794
Keystone Strategy LLC,67,33,1.0,0.746268656716418,175386.0,False,False,0.4925373134328358
KeyBank National Association,65,32,1.0,0.4153846153846154,127140.0,False,False,0.49230769230769234
Pillpack LLC,53,26,1.0,0.37735849056603776,137259.0,False,False,0.49056603773584906
"HiLabs, Inc",49,24,1.0,0.7755102040816326,135000.0,False,False,0.4897959183673469
Neurealm Inc,39,19,1.0,0.28205128205128205,116469.5,False,False,0.48717948717948717
Exzac,76,37,1.0,0.5131578947368421,150000.0,False,False,0.4868421052631579
ASARCO LLC,37,18,1.0,0.8108108108108109,117000.0,False,False,0.4864864864864865
"WestRock Services, LLC",37,18,1.0,0.7297297297297297,118625.1,False,False,0.4864864864864865
"Yardi Systems, Inc.",35,17,1.0,0.37142857142857144,150000.0,False,False,0.4857142857142857
"Niagara Bottling, LLC",173,84,1.0,0.4393063583815029,123675.0,False,False,0.48554913294797686
"Swift Beef Company, a JBS USA Subsidiary",33,16,1.0,0.36363636363636365,125000.0,False,False,0.48484848484848486
"Academy, LTD",62,30,1.0,0.5483870967741935,122000.0,False,False,0.4838709677419355
Crown Equipment Corporation,31,15,1.0,0.25806451612903225,131500.0,False,False,0.4838709677419355
"Commure, Inc.",91,44,1.0,0.8571428571428571,146307.0,False,False,0.4835164835164835
Circle K Stores Inc.,60,29,1.0,0.7,130000.0,False,False,0.48333333333333334
Deloitte,11172,5398,0.9989258861439313,0.3548156104547082,126256.0,False,False,0.483172216254923
"Remitly, Inc.",114,55,1.0,0.5526315789473685,164900.0,False,False,0.4824561403508772
Amica Mutual Insurance Company,27,13,0.9629629629629629,0.037037037037037035,113841.0,False,False,0.48148148148148145
"West Pharmaceutical Services, Inc.",27,13,1.0,0.1111111111111111,138570.0,False,False,0.48148148148148145
"Okta, Inc.",214,103,1.0,0.29906542056074764,162118.5,False,False,0.48130841121495327
Avery Dennison Corporation,52,25,1.0,0.5769230769230769,103500.0,False,False,0.4807692307692308
"Checkr, Inc.",25,12,1.0,0.68,163636.0,False,False,0.48
HIDDEN LAKE TECHNOLOGIES INC.,25,12,1.0,0.84,88000.0,False,False,0.48
"Olam Americas, LLC",25,12,1.0,1.0,152500.0,False,False,0.48
DREAM Venture Labs Inc.,73,35,1.0,0.9178082191780822,85300.8,False,False,0.4794520547945205
GURU CONSULTING SERVICES LLC,71,34,1.0,0.9577464788732394,73528.0,False,False,0.4788732394366197
"Wesco Distribution, Inc.",46,22,1.0,0.43478260869565216,138925.465,False,False,0.4782608695652174
California Capital Insurance Company,23,11,1.0,0.6956521739130435,83096.0,False,False,0.4782608695652174
"iHealth Labs, Inc.",23,11,1.0,0.6086956521739131,89000.0,False,False,0.4782608695652174
"CTC Trading Group, LLC",65,31,1.0,0.4153846153846154,200000.0,False,False,0.47692307692307695
Harness Inc.,63,30,1.0,0.6666666666666666,220000.0,False,False,0.47619047619047616
"Airbyte, Inc.",21,10,1.0,0.8571428571428571,202924.5,False,False,0.47619047619047616
Bank of Hope,21,10,1.0,0.5714285714285714,129500.0,False,False,0.47619047619047616
Environmental Defense Fund Inc.,21,10,1.0,0.14285714285714285,120575.0,False,False,0.47619047619047616
KNACK NY INC,21,10,1.0,0.7619047619047619,96397.6,False,False,0.47619047619047616
"Match Group Americas, LLC",21,10,1.0,0.7619047619047619,158500.0,False,False,0.47619047619047616
"Jinko Solar (U.S.) Industries, Inc.",40,19,1.0,0.95,80300.0,False,False,0.475
"Tapestry, Inc.",57,27,0.9824561403508771,0.2631578947368421,128392.5,False,False,0.47368421052631576
"Jones Lang LaSalle Americas, Inc.",108,51,1.0,0.3055555555555556,126000.0,False,False,0.4722222222222222
Mesquite Modules Corporation,36,17,1.0,0.9166666666666666,,False,False,0.4722222222222222
The Lane Construction Corporation,36,17,1.0,0.7222222222222222,93600.0,False,False,0.4722222222222222
"AIG PC Global Services, Inc.",89,42,1.0,0.651685393258427,135533.0,False,False,0.47191011235955055
"American Credit Acceptance, LLC",49,23,1.0,0.5306122448979592,98250.1,False,False,0.46938775510204084
"Santander Holdings USA, Inc.",49,23,1.0,0.5918367346938775,130000.0,False,False,0.46938775510204084
Knapp Inc.,32,15,1.0,0.6875,87537.0,False,False,0.46875
China Telecom (Americas) Corporation,30,14,1.0,0.5333333333333333,70000.0,False,False,0.4666666666666667
"Finco Services, Inc",30,14,1.0,0.5,214000.0,False,False,0.4666666666666667
"Udemy, Inc.",30,14,1.0,0.26666666666666666,170500.0,False,False,0.4666666666666667
"Novo Nordisk, Inc.",43,20,1.0,0.627906976744186,167500.0,False,False,0.46511627906976744
Lenovo (United States) Inc,142,66,1.0,0.6197183098591549,108357.5,False,False,0.4647887323943662
Citigroup,2822,1311,0.9996456413890857,0.406094968107725,156081.725,False,False,0.46456413890857545
Danfoss Power Solutions (US) Company,28,13,1.0,0.4642857142857143,111149.155,False,False,0.4642857142857143
"Woodside Energy USA Services, Inc.",28,13,1.0,0.5357142857142857,243620.0,False,False,0.4642857142857143
AllianceBernstein L.P.,95,44,0.9894736842105263,0.3894736842105263,130000.0,False,False,0.4631578947368421
Eastman Chemical Company,39,18,1.0,0.4358974358974359,121700.0,False,False,0.46153846153846156
International Quality Homecare Corporation,39,18,1.0,0.8974358974358975,47403.0,False,False,0.46153846153846156
Heidi Health Corp.,26,12,1.0,0.8076923076923077,90000.0,False,False,0.46153846153846156
NCL (Bahamas) Ltd.,26,12,1.0,0.5769230769230769,140000.0,False,False,0.46153846153846156
Pella Corporation,26,12,1.0,0.38461538461538464,104988.0,False,False,0.46153846153846156
"Compass Group USA, Inc.",102,47,1.0,0.5686274509803921,105000.0,False,False,0.46078431372549017
"GitHub, Inc.",37,17,1.0,0.5945945945945946,190240.0,False,False,0.4594594594594595
"Wyze Labs, Inc.",37,17,1.0,0.6216216216216216,129400.0,False,False,0.4594594594594595
Brex Inc.,61,28,1.0,0.6557377049180327,179982.0,False,False,0.45901639344262296
DIMENSIONAL FUND ADVISORS LP,61,28,1.0,0.36065573770491804,137500.0,False,False,0.45901639344262296
"Abnormal AI, Inc.",24,11,1.0,0.6666666666666666,208000.0,False,False,0.4583333333333333
Saint-Gobain Performance Plastics Corporation,24,11,1.0,0.4166666666666667,109845.5,False,False,0.4583333333333333
"Warp Drive, Inc.",24,11,1.0,0.7916666666666666,190000.0,False,False,0.4583333333333333
"Upgrade, Inc.",83,38,1.0,0.40963855421686746,147077.0,False,False,0.4578313253012048
"Daikin Comfort Technologies Manufacturing, L.P.",35,16,1.0,0.34285714285714286,114730.0,False,False,0.45714285714285713
"comScore, Inc.",35,16,1.0,0.2571428571428571,106750.0,False,False,0.45714285714285713
"TheMathCompany, Inc.",81,37,1.0,0.6666666666666666,145000.0,False,False,0.4567901234567901
"Fluor Enterprises, Inc.",92,42,1.0,0.5652173913043478,109365.5,False,False,0.45652173913043476
"BeOne Medicines USA, Inc.",46,21,0.9782608695652174,0.3695652173913043,176424.0,False,False,0.45652173913043476
"CALIFORNIA CREATIVE SOLUTIONS, INC.",125,57,1.0,0.6,94328.0,False,False,0.456
Deutsche Bank,1077,491,1.0,0.5227483751160631,130000.0,False,False,0.4558960074280409
THE CAPITAL MARKETS COMPANY,68,31,1.0,0.5588235294117647,123656.0,False,False,0.45588235294117646
Global Life Sciences Solutions USA LLC,33,15,1.0,0.5454545454545454,113850.0,False,False,0.45454545454545453
SILVERXIS INC,33,15,1.0,0.5454545454545454,102000.0,False,False,0.45454545454545453
City of Boston Treasury Division,22,10,1.0,0.9090909090909091,79996.8,False,False,0.45454545454545453
Earnest LLC,22,10,1.0,0.7727272727272727,217500.0,False,False,0.45454545454545453
"Fuyao Automotive North America, Inc.",22,10,1.0,0.6818181818181818,73212.1,False,False,0.45454545454545453
"Gotion, Inc.",22,10,1.0,0.7272727272727273,95766.5,False,False,0.45454545454545453
"Stride, Inc.",22,10,0.9545454545454546,0.09090909090909091,135000.0,False,False,0.45454545454545453
XINQI LLC,22,10,1.0,1.0,82763.2,False,False,0.45454545454545453
"ExlService.com, LLC",711,323,0.9901547116736991,0.6118143459915611,114948.5,False,False,0.4542897327707454
Axtria INC,201,91,1.0,0.20398009950248755,129000.0,False,False,0.4527363184079602
BioMarin Pharmaceutical Inc.,42,19,1.0,0.42857142857142855,131560.0,False,False,0.4523809523809524
"InvaGen Pharmaceuticals, Inc.",73,33,1.0,0.7534246575342466,99749.95999999999,False,False,0.4520547945205479
GLOBAL ATLANTIC FINANCIAL COMPANY,62,28,0.9838709677419355,0.3548387096774194,141887.86,False,False,0.45161290322580644
Morgan Stanley,2153,970,0.9990710636321412,0.5095215977705527,163000.0,False,False,0.4505341384115188
"Flextronics International USA, Inc.",80,36,1.0,0.5125,120000.0,False,False,0.45
"SIEMENS ENERGY, INC.",196,88,1.0,0.5918367346938775,122130.0,False,False,0.4489795918367347
"Imprint Payments, Inc.",29,13,1.0,0.5517241379310345,220000.0,False,False,0.4482758620689655
PRICELINE.COM LLC,29,13,1.0,0.034482758620689655,179982.0,False,False,0.4482758620689655
"Decagon AI, Inc.",38,17,1.0,0.9736842105263158,221000.0,False,False,0.4473684210526316
"S&P OpCo, LLC",38,17,1.0,0.47368421052631576,160000.0,False,False,0.4473684210526316
"Zendesk, Inc.",94,42,1.0,0.4148936170212766,175000.0,False,False,0.44680851063829785
"Clearwater Analytics, LLC",65,29,1.0,0.6461538461538462,82243.0,False,False,0.4461538461538462
Mizuho Americas Services LLC,92,41,1.0,0.5978260869565217,160000.0,False,False,0.44565217391304346
Wellington Management Company LLP,101,45,1.0,0.3069306930693069,165000.0,False,False,0.44554455445544555
"Akuna Capital, LLC",90,40,1.0,0.5333333333333333,140000.0,False,False,0.4444444444444444
"HANWHA Q CELLS GEORGIA, INC.",63,28,1.0,0.9682539682539683,65000.0,False,False,0.4444444444444444
"SPi Global US, Inc.",36,16,1.0,1.0,125000.0,False,False,0.4444444444444444
"NESTLE USA, INC",27,12,1.0,0.5925925925925926,146576.65,False,False,0.4444444444444444
"Johnson & Johnson Services, Inc.",97,43,1.0,0.30927835051546393,159850.0,False,False,0.44329896907216493
"Fanatics Retail Group Fulfillment, LLC",70,31,1.0,0.32857142857142857,174474.12,False,False,0.44285714285714284
Havix Group Inc.,52,23,0.9615384615384616,0.8269230769230769,70000.0,False,False,0.4423076923076923
"Chen Tech, LLC",25,11,1.0,0.36,125000.0,False,False,0.44
Lennox Industries Inc.,25,11,1.0,0.6,91770.0,False,False,0.44
"BLEND360, LLC",57,25,1.0,0.45614035087719296,111779.0,False,False,0.43859649122807015
ABB Inc.,162,71,0.9938271604938271,0.691358024691358,102712.5,False,False,0.4382716049382716
"AUS Merchant Services, Inc.",32,14,1.0,0.875,132579.0,False,False,0.4375
KAYAK Software Corporation,32,14,1.0,0.5625,118684.5,False,False,0.4375
Secretariat Advisors LLC,32,14,1.0,0.8125,105000.0,False,False,0.4375
Webcor Construction LP,32,14,1.0,0.5625,135699.0,False,False,0.4375
InnovAccer Inc.,55,24,1.0,0.7090909090909091,150000.0,False,False,0.43636363636363634
"Corpay, Inc.",39,17,1.0,0.358974358974359,135697.54,False,False,0.4358974358974359
Otis Elevator Company,39,17,1.0,0.358974358974359,127878.0,False,False,0.4358974358974359
"Attentive Mobile, Inc.",62,27,1.0,0.8870967741935484,227500.0,False,False,0.43548387096774194
"SE2, LLC",69,30,1.0,0.2608695652173913,102388.01999999999,False,False,0.43478260869565216
"Amadeus North America, Inc.",46,20,1.0,0.6304347826086957,138578.0,False,False,0.43478260869565216
Beyond Finance LLC,46,20,1.0,0.6304347826086957,137550.0,False,False,0.43478260869565216
"Everquote, Inc.",23,10,1.0,0.6086956521739131,102856.0,False,False,0.43478260869565216
Poshmark Inc.,23,10,1.0,0.34782608695652173,195599.5,False,False,0.43478260869565216
Saks & Company LLC,23,10,1.0,0.391304347826087,159442.49,False,False,0.43478260869565216
The Toronto-Dominion Bank,23,10,1.0,0.4782608695652174,200000.0,False,False,0.43478260869565216
"AES Clean Energy Services, LLC",53,23,1.0,0.5660377358490566,115731.0,False,False,0.4339622641509434
ROYAL CARIBBEAN CRUISES LTD.,53,23,1.0,0.660377358490566,132629.0,False,False,0.4339622641509434
"Acumen Solutions, Inc.",30,13,1.0,0.6666666666666666,193000.0,False,False,0.43333333333333335
INTELLIPRO SERVICE INC.,30,13,1.0,0.8333333333333334,152000.0,False,False,0.43333333333333335
"Pharmaceutical Research Associates, Inc.",30,13,1.0,0.16666666666666666,129459.0,False,False,0.43333333333333335
"XL GLOBAL SERVICES, INC.",30,13,1.0,0.5,133980.0,False,False,0.43333333333333335
HSBC Technology & Services (USA) Inc.,88,38,1.0,0.29545454545454547,145630.0,False,False,0.4318181818181818
Swiss Re America Holding Corporation,51,22,1.0,0.43137254901960786,122574.5,False,False,0.43137254901960786
"eHealthInsurance Services, Inc.",51,22,1.0,0.35294117647058826,149968.0,False,False,0.43137254901960786
"Flagstar Bank, NA",58,25,1.0,0.41379310344827586,130482.5,False,False,0.43103448275862066
"CareSource Management Services, LLC",79,34,1.0,0.35443037974683544,131279.93,False,False,0.43037974683544306
Biogen Inc.,161,69,1.0,0.4782608695652174,137224.0,False,False,0.42857142857142855
"Avis Budget Car Rental, LLC",49,21,1.0,0.673469387755102,108150.0,False,False,0.42857142857142855
"ExodusPoint Capital Management, LP",49,21,1.0,0.7551020408163265,151819.0,False,False,0.42857142857142855
Logitech Inc.,49,21,1.0,0.42857142857142855,149177.0,False,False,0.42857142857142855
AESC US LLC,42,18,1.0,0.8333333333333334,160000.0,False,False,0.42857142857142855
AMERICAN TOWER CORPORATION,42,18,1.0,0.23809523809523808,157628.18,False,False,0.42857142857142855
Uber Freight US LLC,103,44,1.0,0.3883495145631068,175009.5,False,False,0.42718446601941745
"Guardant Health, Inc.",68,29,1.0,0.29411764705882354,169977.5,False,False,0.4264705882352941
S&P Global Inc.,68,29,1.0,0.4852941176470588,153750.0,False,False,0.4264705882352941
"Takeda Pharmaceuticals USA, Inc.",68,29,1.0,0.4411764705882353,165360.0,False,False,0.4264705882352941
"NextEra Energy Project Management, LLC",54,23,1.0,0.3888888888888889,140000.0,False,False,0.42592592592592593
Linde Inc.,33,14,1.0,0.36363636363636365,122526.72,False,False,0.42424242424242425
Teachers Insurance and Annuity Association of America (TIAA),33,14,1.0,0.06060606060606061,120359.5,False,False,0.42424242424242425
"NBCUniversal Media, LLC",111,47,1.0,0.2972972972972973,149890.5,False,False,0.42342342342342343
"Siemens Mobility, Inc.",137,58,1.0,0.5766423357664233,120000.0,False,False,0.4233576642335766
Ingram Micro Inc.,156,66,0.9871794871794872,0.40384615384615385,131560.0,False,False,0.4230769230769231
Jabil Inc.,104,44,1.0,0.5192307692307693,116156.0,False,False,0.4230769230769231
Infinity Tech Group Inc.,52,22,1.0,0.7307692307692307,92404.0,False,False,0.4230769230769231
"Burns & McDonnell Western Enterprises, Inc",26,11,1.0,0.15384615384615385,141483.0,False,False,0.4230769230769231
HNI Corporation,26,11,1.0,0.4230769230769231,128066.0,False,False,0.4230769230769231
"PNK Connections, LLC",26,11,1.0,0.9230769230769231,71448.0,False,False,0.4230769230769231
SBA Acquisition Group,26,11,1.0,0.8461538461538461,83227.0,False,False,0.4230769230769231
Sanhua International Inc.,26,11,1.0,0.6923076923076923,75600.0,False,False,0.4230769230769231
"Veza Technologies, Inc.",26,11,1.0,0.9230769230769231,208750.0,False,False,0.4230769230769231
"WuXi Biologics USA, LLC",71,30,1.0,0.5352112676056338,117540.8,False,False,0.4225352112676056
SharkNinja Operating LLC,90,38,1.0,0.7333333333333333,120000.0,False,False,0.4222222222222222
"MOLINA HEALTHCARE, INC.",93,39,0.978494623655914,0.25806451612903225,146341.0,False,False,0.41935483870967744
ATLANTICUS SERVICES CORPORATION,31,13,1.0,0.6774193548387096,112194.0,False,False,0.41935483870967744
Dynatrace LLC,31,13,1.0,0.3548387096774194,100227.0,False,False,0.41935483870967744
Sally Beauty Supply LLC,31,13,1.0,0.3870967741935484,144330.58500000002,False,False,0.41935483870967744
Veolia North America LLC,31,13,1.0,0.5161290322580645,108197.44,False,False,0.41935483870967744
Elise A.I. Technologies Corp.,74,31,1.0,0.8648648648648649,129230.0,False,False,0.4189189189189189
Kraft Foods Group Brands LLC,36,15,1.0,0.6111111111111112,110000.0,False,False,0.4166666666666667
"Marelli North America, Inc.",36,15,1.0,0.7222222222222222,120000.0,False,False,0.4166666666666667
"Admarketplace, Inc.",24,10,1.0,0.4583333333333333,92400.0,False,False,0.4166666666666667
Baylor Scott & White Health,24,10,1.0,0.625,101233.0,False,False,0.4166666666666667
"Five Below, Inc.",24,10,1.0,0.5416666666666666,155210.0,False,False,0.4166666666666667
"Rocket Software, Inc.",24,10,1.0,0.6666666666666666,156000.0,False,False,0.4166666666666667
"E2 Consulting Engineers, Inc.",53,22,1.0,0.32075471698113206,119995.2,False,False,0.41509433962264153
Herc Rentals Employee Services LLC,41,17,1.0,0.4878048780487805,133256.25,False,False,0.4146341463414634
Kite Pharma Inc.,87,36,1.0,0.5747126436781609,131009.0,False,False,0.41379310344827586
CSL Behring L.L.C.,58,24,1.0,0.41379310344827586,151687.5,False,False,0.41379310344827586
OPELSOFT LLC,29,12,1.0,0.896551724137931,86559.3,False,False,0.41379310344827586
Penske Logistics LLC,46,19,0.9565217391304348,0.30434782608695654,124200.0,False,False,0.41304347826086957
Home Depot Management Company LLC,555,229,1.0,0.31351351351351353,140000.0,False,False,0.4126126126126126
Illinois Tool Works Inc.,51,21,1.0,0.5882352941176471,95000.0,False,False,0.4117647058823529
"Honeywell International, Inc.",343,141,1.0,0.46647230320699706,153000.0,False,False,0.4110787172011662
ONEUS Technologies LLC,56,23,1.0,0.5714285714285714,71822.0,False,False,0.4107142857142857
TransUnion LLC,234,96,1.0,0.2264957264957265,119558.0,False,False,0.41025641025641024
"GoodLeap, LLC",39,16,0.9487179487179487,0.8717948717948718,145000.0,False,False,0.41025641025641024
GREENSKY MANAGEMENT COMPANY LLC,66,27,1.0,0.3333333333333333,138300.0,False,False,0.4090909090909091
PMG Worldwide LLC,44,18,1.0,0.5909090909090909,93566.0,False,False,0.4090909090909091
TIFFANY & CO.,44,18,1.0,0.36363636363636365,150000.0,False,False,0.4090909090909091
"The PNC Financial Services Group, Inc.",174,71,1.0,0.3333333333333333,125000.0,False,False,0.40804597701149425
Bayer CropScience LP,54,22,1.0,0.5,138719.95,False,False,0.4074074074074074
"Fitch Ratings, Inc.",54,22,1.0,0.2222222222222222,147150.0,False,False,0.4074074074074074
Helen of Troy Nevada Corporation,27,11,1.0,0.5185185185185185,141516.84999999998,False,False,0.4074074074074074
"Seatrium LeTourneau USA, Inc.",27,11,1.0,1.0,72737.5,False,False,0.4074074074074074
"WYNDHAM HOTEL GROUP, LLC",27,11,1.0,0.2222222222222222,141169.6,False,False,0.4074074074074074
Rokt US Corp.,113,46,1.0,0.6017699115044248,140338.0,False,False,0.40707964601769914
Adyen N.V.,64,26,1.0,0.578125,130707.0,False,False,0.40625
"NATIONAL GRID USA SERVICE COMPANY, INC.",64,26,1.0,0.40625,144590.0,False,False,0.40625
"Zoetis, Inc.",185,75,1.0,0.3675675675675676,128461.0,False,False,0.40540540540540543
Arch Capital Services LLC,37,15,1.0,0.40540540540540543,155250.0,False,False,0.40540540540540543
The Nature Conservancy,37,15,1.0,0.43243243243243246,106870.0,False,False,0.40540540540540543
Dell,859,348,0.9976717112922002,0.3853317811408615,161822.01,False,False,0.4051222351571595
Circle Internet Management Services LLC,42,17,1.0,0.9761904761904762,187500.0,False,False,0.40476190476190477
Mesabi Metallics Company LLC,42,17,1.0,1.0,78000.0,False,False,0.40476190476190477
BNP Paribas RCC Inc.,99,40,1.0,0.45454545454545453,160000.0,False,False,0.40404040404040403
"Coupa Software, Inc.",67,27,1.0,0.22388059701492538,158330.0,False,False,0.40298507462686567
Lenovo Global Technology (United States) Inc,67,27,1.0,0.7313432835820896,109262.0,False,False,0.40298507462686567
Bechtel Energy Inc.,107,43,1.0,0.5514018691588785,157032.0,False,False,0.40186915887850466
Ralph Lauren Corporation,85,34,1.0,0.3411764705882353,150000.0,False,False,0.4
"ALTAIR ENGINEERING, INC.",45,18,1.0,0.13333333333333333,114691.0,False,False,0.4
UNUM Group,45,18,1.0,0.26666666666666666,122762.0,False,False,0.4
TripAdvisor LLC,40,16,1.0,0.175,142201.0,False,False,0.4
"McDermott, Inc.",30,12,1.0,0.5666666666666667,174267.39,False,False,0.4
National Instruments Corporation,30,12,1.0,0.4666666666666667,150907.47,False,False,0.4
"Sunbelt Rentals, Inc.",30,12,1.0,0.26666666666666666,130915.0,False,False,0.4
ARi Holdings LLC,25,10,1.0,1.0,69680.0,False,False,0.4
"AssureCare, LLC",25,10,0.96,0.28,131624.88,False,False,0.4
EVE ENERGY US HOLDING LLC,25,10,1.0,1.0,53206.0,False,False,0.4
Envogue International LLC,25,10,1.0,0.68,82500.0,False,False,0.4
"Ivalua, Inc.",25,10,1.0,0.36,141565.5,False,False,0.4
"Mail Media, Inc.",25,10,1.0,0.68,69981.5,False,False,0.4
Rite Software Solutions & Services LLC,25,10,1.0,0.68,130000.0,False,False,0.4
"Scale AI, Inc.",173,69,1.0,0.8786127167630058,180000.0,False,False,0.3988439306358382
Xebia USA Inc.,93,37,1.0,0.46236559139784944,105248.0,False,False,0.3978494623655914
"Siemens Industry, Inc.",255,101,0.996078431372549,0.5333333333333333,122445.0,False,False,0.396078431372549
ECONTENTI INC,101,40,1.0,0.45544554455445546,92341.8,False,False,0.39603960396039606
"ICU Medical, Inc.",43,17,1.0,0.23255813953488372,115566.0,False,False,0.3953488372093023
Brightspeed Management LLC,33,13,1.0,0.8181818181818182,163147.5,False,False,0.3939393939393939
"Progyny, Inc.",33,13,1.0,0.48484848484848486,177700.0,False,False,0.3939393939393939
"TTEC DIGITAL, LLC",33,13,1.0,0.18181818181818182,134388.48,False,False,0.3939393939393939
"GROUP 1001 RESOURCES, LLC",28,11,1.0,0.75,115000.0,False,False,0.39285714285714285
"Mellanox Technologies, Inc.",28,11,1.0,0.5714285714285714,148000.0,False,False,0.39285714285714285
Sprinklr Inc.,28,11,1.0,0.6071428571428571,140000.0,False,False,0.39285714285714285
"Saama Technologies, LLC",107,42,0.9906542056074766,0.22429906542056074,125000.0,False,False,0.3925233644859813
Siemens Corporation,79,31,1.0,0.7341772151898734,149833.625,False,False,0.3924050632911392
"AMERICAN HONDA MOTOR CO., INC.",51,20,1.0,0.6274509803921569,115000.0,False,False,0.39215686274509803
"Argano, LLC",46,18,1.0,0.34782608695652173,164401.0,False,False,0.391304347826087
"Faire Wholesale, Inc.",46,18,1.0,0.7391304347826086,211536.0,False,False,0.391304347826087
UKG Inc.,46,18,1.0,0.41304347826086957,156930.8,False,False,0.391304347826087
Liberty Mutual Group Inc.,82,32,1.0,0.3902439024390244,134436.0,False,False,0.3902439024390244
"Intelliswift Software, Inc.",41,16,1.0,0.6341463414634146,139349.5,False,False,0.3902439024390244
"Harman Becker Automotive Systems, Inc.",100,39,1.0,0.36,144114.5,False,False,0.39
"Gilead Sciences, Inc.",442,172,0.997737556561086,0.5497737556561086,137218.0,False,False,0.3891402714932127
GAVS Technologies NA Inc,90,35,1.0,0.6444444444444445,91749.0,False,False,0.3888888888888889
Deckers Outdoor Corporation,36,14,1.0,0.3888888888888889,140000.0,False,False,0.3888888888888889
"American Airlines, Inc.",715,278,0.9986013986013986,0.4727272727272727,105997.0,False,False,0.3888111888111888
Genpact LLC,381,148,1.0,0.5643044619422573,125000.0,False,False,0.3884514435695538
"World Wide Technology Holding Company, LLC",103,40,1.0,0.46601941747572817,130000.0,False,False,0.3883495145631068
Maplebear Inc.,281,109,1.0,0.5231316725978647,190000.0,False,False,0.3879003558718861
NewRez LLC,49,19,1.0,0.2653061224489796,133575.0,False,False,0.3877551020408163
Frontier Airlines,62,24,1.0,0.3064516129032258,246979.19999999998,False,False,0.3870967741935484
"Saviynt, Inc.",132,51,1.0,0.4621212121212121,126942.0,False,False,0.38636363636363635
East West Bank,70,27,1.0,0.38571428571428573,150000.24,False,False,0.38571428571428573
"Tyson Foods, Inc.",70,27,1.0,0.5142857142857142,99604.0,False,False,0.38571428571428573
TE Connectivity Corporation,192,74,1.0,0.4427083333333333,121070.5,False,False,0.3854166666666667
"RingCentral, Inc.",96,37,1.0,0.375,177550.0,False,False,0.3854166666666667
WILLIS TOWERS WATSON US LLC,78,30,0.9743589743589743,0.5641025641025641,111817.5,False,False,0.38461538461538464
Grocery Delivery E-Services USA Inc.,52,20,1.0,0.5384615384615384,124100.0,False,False,0.38461538461538464
"Enphase Energy, Inc.",39,15,1.0,0.48717948717948717,130332.5,False,False,0.38461538461538464
Kashiv BioSciences LLC,26,10,1.0,0.6923076923076923,98530.0,False,False,0.38461538461538464
"PC Connection, Inc.",26,10,1.0,0.038461538461538464,138715.2,False,False,0.38461538461538464
Stark America Inc,26,10,1.0,0.8461538461538461,81484.0,False,False,0.38461538461538464
IP HEIGHTS LLC,146,56,1.0,0.4931506849315068,95700.79999999999,False,False,0.3835616438356164
Whirlpool Corporation,120,46,0.9916666666666667,0.43333333333333335,124677.84,False,False,0.38333333333333336
R SYSTEMS INC.,47,18,1.0,0.44680851063829785,101000.0,False,False,0.3829787234042553
"Bio-Rad Laboratories, Inc.",68,26,1.0,0.27941176470588236,136136.0,False,False,0.38235294117647056
"Afterpay US, Inc.",34,13,1.0,0.20588235294117646,188400.0,False,False,0.38235294117647056
"Autodesk, Inc.",429,164,1.0,0.37995337995337997,149770.5,False,False,0.3822843822843823
AUGMENTED REALITY TECHNOLOGIES LLC,55,21,1.0,0.0,,False,False,0.38181818181818183
Globant IT Services Corp.,63,24,1.0,0.6031746031746031,146748.0,False,False,0.38095238095238093
Carnival Corporation,113,43,1.0,0.5398230088495575,101109.0,False,False,0.3805309734513274
DoubleVerify Inc.,50,19,1.0,0.26,175100.0,False,False,0.38
Electric Hydrogen Co,29,11,0.9655172413793104,0.6206896551724138,152000.0,False,False,0.3793103448275862
"XERO, Inc.",29,11,1.0,0.7586206896551724,206315.0,False,False,0.3793103448275862
Pacific Gas and Electric Company,74,28,1.0,0.6351351351351351,165544.41499999998,False,False,0.3783783783783784
"Fluence Energy, LLC",37,14,0.972972972972973,0.5135135135135135,145000.0,False,False,0.3783783783783784
RNBW Holdings LLC,37,14,1.0,0.5405405405405406,208000.0,False,False,0.3783783783783784
"Chewy, Inc.",396,149,0.9949494949494949,0.37373737373737376,153800.14,False,False,0.37626262626262624
"Procore Technologies, Inc.",64,24,1.0,0.5,178515.0,False,False,0.375
"RANG TECHNOLOGIES, INC.",48,18,1.0,0.5833333333333334,104000.0,False,False,0.375
Alstom Transportation Inc.,40,15,1.0,0.6,93330.0,False,False,0.375
Nextpower LLC,32,12,1.0,0.875,,False,False,0.375
PeopleNTech LLC,32,12,1.0,0.9375,97157.0,False,False,0.375
Americold Logistics LLC,75,28,1.0,0.44,94141.0,False,False,0.37333333333333335
Yelp Inc.,86,32,1.0,0.3372093023255814,228284.78,False,False,0.37209302325581395
"Temenos USA, Inc.",43,16,1.0,0.7209302325581395,123926.0,False,False,0.37209302325581395
EALEARN INC,78,29,1.0,0.46153846153846156,90001.6,False,False,0.3717948717948718
JUNIPER SQUARE INC.,35,13,1.0,0.8571428571428571,180000.0,False,False,0.37142857142857144
"Clarios, LLC",27,10,1.0,0.5555555555555556,136345.5,False,False,0.37037037037037035
Bayer U.S. LLC,92,34,1.0,0.16304347826086957,150866.0,False,False,0.3695652173913043
Intergraph Corporation,46,17,1.0,0.5217391304347826,117810.99,False,False,0.3695652173913043
MOTOROLA MOBILITY LLC,46,17,1.0,0.5869565217391305,106558.0,False,False,0.3695652173913043
"Aristocrat Technologies, Inc.",57,21,1.0,0.40350877192982454,120613.75,False,False,0.3684210526315789
The Bank of New York Mellon,343,126,0.9883381924198251,0.4956268221574344,151004.84,False,False,0.3673469387755102
Cummins Filtration Inc.,49,18,1.0,0.46938775510204084,95732.0,False,False,0.3673469387755102
"Spark Technologies, Inc.",79,29,1.0,0.9493670886075949,71828.0,False,False,0.3670886075949367
CSCS LLC,30,11,1.0,0.9,58802.0,False,False,0.36666666666666664
"Cardtronics USA, Inc.",30,11,1.0,0.3,118133.5,False,False,0.36666666666666664
"Dandelion Payments, Inc., d.b.a. Ria Money Transfer",30,11,1.0,0.7333333333333333,102500.17,False,False,0.36666666666666664
"Enova Financial Holdings, LLC",30,11,1.0,0.2,142800.0,False,False,0.36666666666666664
PROS INC,30,11,1.0,0.2,159000.0,False,False,0.36666666666666664
TCG Digital Solutions LLC,30,11,1.0,0.43333333333333335,106870.5,False,False,0.36666666666666664
VIAC SERVICES COMPANY,30,11,0.9666666666666667,0.23333333333333334,136250.0,False,False,0.36666666666666664
"Welspun Pipes, Inc.",30,11,1.0,0.9333333333333333,69347.0,False,False,0.36666666666666664
"Prime Healthcare Management, Inc.",142,52,1.0,0.5211267605633803,85956.0,False,False,0.36619718309859156
"FLEXIBLE FINANCE, INC.",41,15,1.0,0.8536585365853658,209500.0,False,False,0.36585365853658536
"American Express Travel Related Services Company, Inc.",1181,432,1.0,0.48687552921253174,147392.0,False,False,0.3657917019475021
"Inspire Resources, LLC",52,19,1.0,0.3076923076923077,127700.0,False,False,0.36538461538461536
"Rivian, LLC",74,27,1.0,0.6081081081081081,157560.0,False,False,0.36486486486486486
"Gusto, Inc.",96,35,1.0,0.7708333333333334,209000.0,False,False,0.3645833333333333
Adbakx LLC,44,16,1.0,0.25,91690.0,False,False,0.36363636363636365
"Cargill, Incorporated",33,12,1.0,0.42424242424242425,118612.0,False,False,0.36363636363636365
"TAO DIGITAL SOLUTIONS, INC",33,12,1.0,0.8484848484848485,84094.0,False,False,0.36363636363636365
"Jane Street Group, LLC",102,37,1.0,0.5098039215686274,300000.0,False,False,0.3627450980392157
"Varian Medical Systems, Inc.",130,47,0.9923076923076923,0.4461538461538462,144109.88,False,False,0.36153846153846153
"Markit North America, Inc.",119,43,1.0,0.35294117647058826,121323.5,False,False,0.36134453781512604
"Equinix, Inc.",194,70,1.0,0.3556701030927835,140109.0,False,False,0.36082474226804123
"Mavenir Systems, Inc.",61,22,1.0,0.4098360655737705,145600.0,False,False,0.36065573770491804
"Nomura Holding America, Inc.",161,58,1.0,0.5031055900621118,128355.5,False,False,0.36024844720496896
"CSC Holdings, LLC",64,23,1.0,0.5625,115000.0,False,False,0.359375
"Sun Life Financial (U.S.) Services Company, Inc.",39,14,1.0,0.358974358974359,128125.0,False,False,0.358974358974359
"CBRE, INC.",290,104,1.0,0.4689655172413793,116699.0,False,False,0.3586206896551724
APPLE PAYMENTS SERVICES LLC,53,19,1.0,0.7735849056603774,159358.0,False,False,0.3584905660377358
HP Inc.,383,137,0.9973890339425587,0.556135770234987,126589.0,False,False,0.3577023498694517
"SCHNEIDER ELECTRIC USA, INC.",260,93,1.0,0.5076923076923077,129946.25,False,False,0.3576923076923077
Ramp Business Corporation,84,30,1.0,0.8928571428571429,155000.0,False,False,0.35714285714285715
"QuinStreet, Inc.",42,15,1.0,0.5,139087.32,False,False,0.35714285714285715
Axos Bank,28,10,1.0,0.4642857142857143,120000.0,False,False,0.35714285714285715
"Cengage Learning, Inc.",28,10,1.0,0.21428571428571427,146828.0,False,False,0.35714285714285715
Hithium Tech USA Inc,28,10,0.9285714285714286,1.0,71656.0,False,False,0.35714285714285715
"Lambda, Inc.",28,10,1.0,0.8571428571428571,255000.0,False,False,0.35714285714285715
Nixon Technologies LLC,28,10,1.0,1.0,84780.8,False,False,0.35714285714285715
"Moody's Analytics, Inc.",314,112,1.0,0.31210191082802546,150662.0,False,False,0.35668789808917195
Ally Bank,149,53,1.0,0.24161073825503357,114972.0,False,False,0.35570469798657717
AspenTech Corporation,45,16,1.0,0.5111111111111111,129627.47,False,False,0.35555555555555557
JOHN WILEY & SONS INC.,45,16,1.0,0.4444444444444444,149716.0,False,False,0.35555555555555557
"Addepar, Inc.",48,17,1.0,0.4166666666666667,179712.5,False,False,0.3541666666666667
Florida Power & Light Company,82,29,1.0,0.45121951219512196,139004.0,False,False,0.35365853658536583
"PEPSICO, INC.",82,29,1.0,0.3902439024390244,125413.0,False,False,0.35365853658536583
"ZT Group Int'l, Inc.",85,30,1.0,0.5764705882352941,117333.0,False,False,0.35294117647058826
"ICF Resources, LLC",51,18,1.0,0.7647058823529411,99403.75,False,False,0.35294117647058826
Adtalem Global Education Inc.,34,12,1.0,0.29411764705882354,126101.0,False,False,0.35294117647058826
Flexon Technologies Inc,88,31,1.0,0.6136363636363636,86965.0,False,False,0.3522727272727273
"Private National Mortgage Acceptance Company, LLC",71,25,1.0,0.352112676056338,119000.0,False,False,0.352112676056338
"ActiveHours, Inc.",74,26,1.0,0.581081081081081,190777.5,False,False,0.35135135135135137
"Fractal Analytics, Inc.",140,49,1.0,0.5285714285714286,112031.0,False,False,0.35
Conga Corporation,63,22,1.0,0.3968253968253968,164300.0,False,False,0.3492063492063492
"LNW Gaming, Inc.",106,37,1.0,0.3113207547169811,134849.19,False,False,0.3490566037735849
AppLovin Corporation,66,23,1.0,0.7727272727272727,180000.0,False,False,0.3484848484848485
"PERSISTENT SYSTEMS, INC.",833,290,0.9987995198079231,0.47058823529411764,108826.0,False,False,0.34813925570228094
City National Bank,138,48,1.0,0.463768115942029,131411.5,False,False,0.34782608695652173
ENDEAVOUR TECHNOLOGIES INC,46,16,1.0,0.5652173913043478,90896.0,False,False,0.34782608695652173
Anchor Labs Inc.,49,17,1.0,0.8163265306122449,140000.0,False,False,0.3469387755102041
Compass Lexecon LLC,75,26,1.0,0.48,150000.0,False,False,0.3466666666666667
"StubHub, Inc.",75,26,1.0,0.8,215000.0,False,False,0.3466666666666667
"Legend Biotech USA, Inc.",52,18,1.0,0.7115384615384616,115000.0,False,False,0.34615384615384615
AtkinsRealis USA Inc.,81,28,1.0,0.5679012345679012,112250.0,False,False,0.345679012345679
"Cornerstone OnDemand, Inc.",55,19,0.9818181818181818,0.2545454545454545,160000.0,False,False,0.34545454545454546
Samsara Inc.,116,40,1.0,0.49137931034482757,139589.0,False,False,0.3448275862068966
"ABC Supply NSC, LLC",29,10,1.0,0.3448275862068966,128877.0,False,False,0.3448275862068966
"BitGo, Inc.",29,10,1.0,0.9655172413793104,210000.0,False,False,0.3448275862068966
Sony Pictures Entertainment Inc.,29,10,1.0,0.1724137931034483,134000.0,False,False,0.3448275862068966
"Align Technology, Inc.",122,42,1.0,0.48360655737704916,160777.505,False,False,0.3442622950819672
Nexturn Inc,64,22,1.0,0.703125,105103.0,False,False,0.34375
Maganti IT Resources LLC,32,11,1.0,0.40625,108160.0,False,False,0.34375
Mid-Atlantic Permanente Medical Group,32,11,1.0,0.3125,92612.0,False,False,0.34375
R1 RCM Holdco Inc.,32,11,1.0,0.53125,131079.52,False,False,0.34375
Rentokil North America Inc.,32,11,0.96875,0.78125,123153.5,False,False,0.34375
Wayfair LLC,475,163,1.0,0.5431578947368421,167079.0,False,False,0.3431578947368421
Athene Annuity and Life Company,35,12,1.0,0.2857142857142857,140000.0,False,False,0.34285714285714286
"Benchling, Inc.",35,12,1.0,0.5714285714285714,190000.0,False,False,0.34285714285714286
"Formlabs, Inc.",38,13,1.0,0.7631578947368421,109100.0,False,False,0.34210526315789475
"Health Catalyst, Inc.",38,13,1.0,0.4473684210526316,107200.0,False,False,0.34210526315789475
"International Flavors & Fragrances, Inc.",38,13,1.0,0.8947368421052632,103334.0,False,False,0.34210526315789475
Lennar Corporation,38,13,1.0,0.5263157894736842,171859.66,False,False,0.34210526315789475
"SGS NORTH AMERICA, INC.",38,13,1.0,0.47368421052631576,90189.0,False,False,0.34210526315789475
Solstice Solutions Inc,38,13,1.0,0.8157894736842105,64000.0,False,False,0.34210526315789475
"ValueMomentum, Inc.",231,79,1.0,0.22510822510822512,130000.0,False,False,0.341991341991342
"AIG Employee Services, Inc.",41,14,1.0,0.4146341463414634,142068.0,False,False,0.34146341463414637
GE VERNOVA INTERNATIONAL LLC,41,14,1.0,0.5365853658536586,120100.0,False,False,0.34146341463414637
"Worley Group, Inc.",41,14,1.0,0.5365853658536586,168480.0,False,False,0.34146341463414637
"Sephora USA, Inc.",91,31,1.0,0.25274725274725274,155605.0,False,False,0.34065934065934067
"Mohawk Industries, Inc.",53,18,0.9811320754716981,0.32075471698113206,135000.0,False,False,0.33962264150943394
"Gartner, Inc.",83,28,1.0,0.26506024096385544,148949.0,False,False,0.3373493975903614
"Zuora, Inc.",83,28,1.0,0.3855421686746988,181250.0,False,False,0.3373493975903614
"London Stock Exchange Group Holdings, Inc.",93,31,1.0,0.5698924731182796,130000.0,False,False,0.3333333333333333
"Navan, Inc.",81,27,1.0,0.6296296296296297,170227.0,False,False,0.3333333333333333
"XENONINFOTEK, INC",81,27,1.0,0.48148148148148145,90001.6,False,False,0.3333333333333333
PHILIPS NORTH AMERICA LLC,72,24,0.9861111111111112,0.2916666666666667,122970.0,False,False,0.3333333333333333
UL LLC,66,22,1.0,0.3787878787878788,132434.0,False,False,0.3333333333333333
"Tubi, Inc.",57,19,1.0,0.49122807017543857,203534.3,False,False,0.3333333333333333
"Spirent Communications, Inc.",51,17,1.0,0.3137254901960784,125883.0,False,False,0.3333333333333333
"RICONPHARMA, LLC",48,16,1.0,0.5,95750.0,False,False,0.3333333333333333
Infoblox Inc.,45,15,1.0,0.4444444444444444,160000.0,False,False,0.3333333333333333
Encora Digital LLC,42,14,1.0,0.38095238095238093,120000.0,False,False,0.3333333333333333
"Regeneron Genetics Center, LLC",42,14,1.0,0.5714285714285714,171105.755,False,False,0.3333333333333333
SMBC MANUBANK,36,12,1.0,0.3888888888888889,131893.0,False,False,0.3333333333333333
Asoft Consulting LLC,33,11,1.0,0.5757575757575758,98238.4,False,False,0.3333333333333333
"Bio-Med Services, Inc.",33,11,1.0,0.5757575757575758,76876.8,False,False,0.3333333333333333
"FMC Technologies, Inc.",33,11,1.0,0.696969696969697,120000.0,False,False,0.3333333333333333
"OneH2, Inc.",33,11,1.0,0.7878787878787878,92500.0,False,False,0.3333333333333333
JPMorgan Chase & Co.,6341,2109,0.9984229616779687,0.2671502917520896,155300.0,False,False,0.33259738211638545
UBS Business Solutions US LLC,701,233,0.9971469329529244,0.30385164051355207,137000.0,False,False,0.33238231098430815
Renesas Electronics America Inc.,133,44,1.0,0.5263157894736842,135012.48,False,False,0.3308270676691729
MPG Operations LLC,469,155,1.0,0.6204690831556503,121035.5,False,False,0.3304904051172708
"VOLVO GROUP NORTH AMERICA, LLC",73,24,1.0,0.589041095890411,95577.0,False,False,0.3287671232876712
"Live Nation Worldwide, Inc.",70,23,1.0,0.4,157000.0,False,False,0.32857142857142857
"Huron Consulting Services, LLC",61,20,1.0,0.4098360655737705,152500.0,False,False,0.32786885245901637
"Sensata Technologies, Inc.",61,20,1.0,0.5409836065573771,128092.02,False,False,0.32786885245901637
"Alkermes, Inc.",55,18,1.0,0.509090909090909,132000.0,False,False,0.32727272727272727
State Street Bank and Trust Company,603,197,0.9983416252072969,0.35655058043117743,133724.0,False,False,0.32669983416252074
"Circle Internet Financial, LLC",49,16,1.0,0.22448979591836735,184150.0,False,False,0.32653061224489793
"SquareTrade, Inc.",49,16,1.0,0.4897959183673469,140000.0,False,False,0.32653061224489793
"Santander Bank, N.A.",80,26,1.0,0.4,130000.0,False,False,0.325
"GXO Logistics Corporate Services, Inc.",40,13,1.0,0.275,100942.0,False,False,0.325
"Motive Technologies, Inc.",40,13,1.0,0.4,186900.0,False,False,0.325
"Verkada, Inc",148,48,1.0,0.6418918918918919,150000.0,False,False,0.32432432432432434
"Belk, Inc.",37,12,1.0,0.13513513513513514,131525.0,False,False,0.32432432432432434
"Hims, Inc.",37,12,1.0,0.7567567567567568,171700.0,False,False,0.32432432432432434
GenScript USA Inc.,71,23,1.0,0.8309859154929577,90000.0,False,False,0.323943661971831
Discover Products Inc,204,66,1.0,0.14705882352941177,119330.0,False,False,0.3235294117647059
"ZoomInfo Technologies, LLC",102,33,1.0,0.3431372549019608,164000.0,False,False,0.3235294117647059
"DRW Holdings, LLC",68,22,1.0,0.5882352941176471,150000.0,False,False,0.3235294117647059
Bright Horizons Children's Centers LLC,34,11,1.0,0.11764705882352941,140021.5,False,False,0.3235294117647059
Hikma Pharmaceuticals USA Inc.,34,11,1.0,0.17647058823529413,111249.0,False,False,0.3235294117647059
Pacific Life Insurance Company,34,11,1.0,0.5882352941176471,143037.0,False,False,0.3235294117647059
"Dow Jones and Company, Inc.",65,21,1.0,0.2,153830.5,False,False,0.3230769230769231
"Advanced Energy Industries, Inc.",62,20,0.9838709677419355,0.6774193548387096,99944.0,False,False,0.3225806451612903
Flowserve US Company,31,10,1.0,0.4838709677419355,104414.95,False,False,0.3225806451612903
"Mobile Programming, LLC",31,10,1.0,0.3870967741935484,139443.0,False,False,0.3225806451612903
"Uber Technologies, Inc.",1560,502,0.9993589743589744,0.4794871794871795,191700.0,False,False,0.3217948717948718
LOCAL INITIATIVE HEALTH AUTHORITY FOR LOS ANGELES COUNTY,56,18,0.9821428571428571,0.26785714285714285,152357.53,False,False,0.32142857142857145
"American Technology Consulting, LLC",50,16,1.0,0.72,77178.0,False,False,0.32
Bendix Commercial Vehicle Systems LLC,50,16,1.0,0.22,117875.0,False,False,0.32
"Morningstar, Inc.",50,16,1.0,0.38,124409.5,False,False,0.32
UST HEALTHPROOF INC.,97,31,1.0,0.7010309278350515,100714.0,False,False,0.31958762886597936
First Citizens Bank and Trust Co.,360,115,1.0,0.21666666666666667,132679.0,False,False,0.3194444444444444
"Arthur J. Gallagher Service Company, LLC",94,30,1.0,0.44680851063829785,130000.0,False,False,0.3191489361702128
"Blackline Systems, Inc.",69,22,1.0,0.42028985507246375,151503.0,False,False,0.3188405797101449
"Halliburton Energy Services, Inc.",69,22,1.0,0.5652173913043478,130824.0,False,False,0.3188405797101449
Parexel International LLC,69,22,1.0,0.34782608695652173,134000.0,False,False,0.3188405797101449
"MUFG Bank, Ltd.",176,56,1.0,0.16477272727272727,145000.0,False,False,0.3181818181818182
"Elasticsearch, Inc.",44,14,1.0,0.5,192450.0,False,False,0.3181818181818182
Amgen Inc.,745,237,0.9986577181208054,0.4174496644295302,135000.0,False,False,0.3181208053691275
LatentView Analytics Corporation,195,62,1.0,0.517948717948718,148699.0,False,False,0.31794871794871793
"Alexion Pharmaceuticals, Inc.",85,27,0.9882352941176471,0.5058823529411764,143776.76,False,False,0.3176470588235294
"LG Electronics U.S.A., Inc.",41,13,1.0,0.4634146341463415,102315.5,False,False,0.3170731707317073
"Becton, Dickinson and Company",262,83,1.0,0.46564885496183206,135000.0,False,False,0.31679389312977096
"People Center, Inc. d/b/a Rippling",180,57,1.0,0.6944444444444444,234000.0,False,False,0.31666666666666665
Kohler Company,60,19,1.0,0.5166666666666667,127186.5,False,False,0.31666666666666665
Bloom Energy Corporation,79,25,1.0,0.4430379746835443,167524.35,False,False,0.31645569620253167
Bloomberg L.P.,819,259,1.0,0.4542124542124542,151819.0,False,False,0.3162393162393162
"7-Eleven, Inc.",174,55,1.0,0.20689655172413793,128349.0,False,False,0.3160919540229885
INFOSYS LIMITED,10377,3280,1.0,0.23330442324371206,92581.0,False,False,0.3160836465259709
AMERISOURCEBERGEN SERVICES CORPORATION,76,24,1.0,0.39473684210526316,127000.0,False,False,0.3157894736842105
"Agilysys NV, LLC",57,18,1.0,0.543859649122807,112361.07,False,False,0.3157894736842105
Comerica Management Company,57,18,1.0,0.3157894736842105,142600.0,False,False,0.3157894736842105
"Ashley Furniture Industries, LLC",38,12,0.9736842105263158,0.23684210526315788,120458.0,False,False,0.3157894736842105
"Continental Tire The Americas, LLC",38,12,1.0,0.6842105263157895,105000.0,False,False,0.3157894736842105
"Hatch Associates Consultants, Inc.",38,12,1.0,0.6578947368421053,113400.0,False,False,0.3157894736842105
ByteDance Inc.,1957,617,1.0,0.71691364333163,204680.0,False,False,0.31527848748083803
DFS Services LLC,54,17,1.0,0.2962962962962963,136136.0,False,False,0.3148148148148148
"CYGNUS PROFESSIONALS, INC.",35,11,1.0,0.5428571428571428,93954.0,False,False,0.3142857142857143
"Flexport, Inc.",67,21,1.0,0.6417910447761194,163820.315,False,False,0.31343283582089554
"MedHOK, Inc.",32,10,1.0,0.125,126870.0,False,False,0.3125
Edwards Lifesciences LLC,119,37,1.0,0.37815126050420167,118664.0,False,False,0.31092436974789917
"GEODIS Logistics, LLC",74,23,1.0,0.17567567567567569,115856.0,False,False,0.3108108108108108
Trimble Inc.,116,36,0.9827586206896551,0.5172413793103449,117984.51,False,False,0.3103448275862069
Abercrombie & Fitch Management Co.,71,22,1.0,0.15492957746478872,140026.0,False,False,0.30985915492957744
"Credit One Bank, N.A.",155,48,1.0,0.45161290322580644,96798.0,False,False,0.3096774193548387
"ECCLESIASTES, INC.",42,13,1.0,0.5,72010.0,False,False,0.30952380952380953
"American Axle & Manufacturing, Inc.",55,17,1.0,0.10909090909090909,126062.16500000001,False,False,0.3090909090909091
"Cisco Systems, Inc.",2444,755,0.9995908346972177,0.707037643207856,140400.0,False,False,0.3089198036006547
"National Oilwell Varco, L.P.",81,25,0.9876543209876543,0.5185185185185185,126980.22,False,False,0.30864197530864196
"Infor (US), LLC",94,29,1.0,0.2978723404255319,135000.0,False,False,0.30851063829787234
"Peloton Interactive, Inc.",94,29,1.0,0.46808510638297873,127878.0,False,False,0.30851063829787234
"Semiconductor Components Industries, LLC",234,72,1.0,0.6752136752136753,108399.5,False,False,0.3076923076923077
"INCEDO, INC.",195,60,1.0,0.6205128205128205,112444.5,False,False,0.3076923076923077
Boston Medical Center Corporation,104,32,0.9807692307692307,0.5865384615384616,85925.0,False,False,0.3076923076923077
"DigitalOcean, LLC",65,20,0.9846153846153847,0.8769230769230769,166483.5,False,False,0.3076923076923077
"Primesoft, Inc.",39,12,1.0,0.10256410256410256,108222.0,False,False,0.3076923076923077
"ROOTSHELL ENTERPRISE TECHNOLOGIES, INC",39,12,1.0,0.8461538461538461,113079.0,False,False,0.3076923076923077
LendingClub Bank National Association,150,46,1.0,0.6066666666666667,174340.0,False,False,0.30666666666666664
"Globus Medical, Inc.",49,15,1.0,0.7346938775510204,106578.73999999999,False,False,0.30612244897959184
"Prosper Marketplace, Inc.",72,22,0.9861111111111112,0.3611111111111111,148155.5,False,False,0.3055555555555556
"Ripple Labs, Inc.",72,22,1.0,0.4027777777777778,202045.0,False,False,0.3055555555555556
Epic Systems Corporation,36,11,1.0,0.2222222222222222,128300.0,False,False,0.3055555555555556
"EvonSys, Inc.",36,11,1.0,0.5277777777777778,140000.0,False,False,0.3055555555555556
"McLane Company, Inc.",36,11,1.0,0.6666666666666666,109442.95,False,False,0.3055555555555556
"Trinamix, Inc.",36,11,1.0,0.5277777777777778,152500.0,False,False,0.3055555555555556
Tradeweb Markets LLC,95,29,1.0,0.5789473684210527,162500.0,False,False,0.30526315789473685
"Riot Games, Inc.",177,54,1.0,0.5310734463276836,151549.0,False,False,0.3050847457627119
Kyndryl Inc.,59,18,1.0,0.3389830508474576,149741.16,False,False,0.3050847457627119
NIKE USA Inc.,59,18,1.0,0.2711864406779661,170709.11,False,False,0.3050847457627119
"UiPath, Inc.",59,18,1.0,0.4915254237288136,162303.765,False,False,0.3050847457627119
PTC Inc.,92,28,1.0,0.32608695652173914,129379.5,False,False,0.30434782608695654
"Petco Animal Supplies Stores, Inc.",56,17,1.0,0.44642857142857145,156500.0,False,False,0.30357142857142855
"Exelixis, Inc.",66,20,1.0,0.4696969696969697,203883.88,False,False,0.30303030303030304
"ICW GROUP HOLDINGS, INC.",33,10,1.0,0.5151515151515151,136906.0,False,False,0.30303030303030304
NOUS INFOSYSTEMS INC,33,10,1.0,0.6666666666666666,107000.0,False,False,0.30303030303030304
"OPUS TECHNOLOGIES, INC.",33,10,1.0,0.5757575757575758,132000.0,False,False,0.30303030303030304
"Powerback Rehabilitation, LLC",33,10,1.0,0.48484848484848486,95451.20000000001,False,False,0.30303030303030304
"mPulse Mobile, Inc.",33,10,1.0,0.18181818181818182,117291.0,False,False,0.30303030303030304
"Cricut, Inc.",43,13,1.0,0.5813953488372093,120000.0,False,False,0.3023255813953488
"Discovery Communications, LLC",43,13,1.0,0.16279069767441862,158582.0,False,False,0.3023255813953488
"Volkswagen Group of America, Inc.",43,13,1.0,0.37209302325581395,153531.8,False,False,0.3023255813953488
"DGN Technologies, Inc",149,45,1.0,0.6510067114093959,135500.0,False,False,0.30201342281879195
Hyatt Corporation,73,22,1.0,0.2191780821917808,148742.0,False,False,0.3013698630136986
"Asana, Inc.",93,28,1.0,0.3548387096774194,182000.0,False,False,0.3010752688172043
"Datadog, Inc.",196,59,1.0,0.6326530612244898,195500.0,False,False,0.3010204081632653
Gen Digital Inc.,133,40,0.9924812030075187,0.40601503759398494,160698.27000000002,False,False,0.3007518796992481
Dollar General Corporation,70,21,1.0,0.2,122682.0,False,False,0.3
QUANTUM TECHNOLOGIES LLC,70,21,1.0,0.8428571428571429,81213.5,False,False,0.3
Brigham Young University,40,12,1.0,0.5,68640.0,False,False,0.3
"Hyundai AutoEver America, LLC",40,12,1.0,0.5,132500.0,False,False,0.3
"LMI, INC.",40,12,1.0,0.75,200000.0,False,False,0.3
PAX Technology Inc.,40,12,1.0,0.45,100000.0,False,False,0.3
"Southern Glazer's Wine and Spirits, LLC",40,12,1.0,0.3,127878.0,False,False,0.3
"Uktha Global, Inc.",40,12,1.0,0.5,101899.2,False,False,0.3
"Marriott International, Inc.",174,52,0.9942528735632183,0.3390804597701149,155531.64,False,False,0.2988505747126437
Western Alliance Bank,77,23,1.0,0.2727272727272727,144291.46000000002,False,False,0.2987012987012987
"Hinge Health, Inc.",47,14,1.0,0.5957446808510638,180960.0,False,False,0.2978723404255319
"Mouser Electronics, Inc.",47,14,1.0,0.3829787234042553,107328.0,False,False,0.2978723404255319
Fuyao Glass America Inc.,158,47,1.0,0.740506329113924,67683.0,False,False,0.2974683544303797
AMERICAN TECHNOLOGY GROUP LLC,37,11,1.0,0.8648648648648649,78686.0,False,False,0.2972972972972973
Banner Health,37,11,1.0,0.5675675675675675,82340.0,False,False,0.2972972972972973
"Svanaco, Inc.",37,11,1.0,0.4864864864864865,103500.0,False,False,0.2972972972972973
Schaeffler Group USA Inc.,64,19,1.0,0.359375,110657.0,False,False,0.296875
"Block, Inc.",391,116,1.0,0.4219948849104859,205000.0,False,False,0.2966751918158568
BANK OZK,54,16,1.0,0.7037037037037037,110000.0,False,False,0.2962962962962963
Amazon,43441,12866,0.9997237632651182,0.4759098547455169,152200.0,False,False,0.29617181924909647
"Fii USA, Inc.",71,21,1.0,0.7746478873239436,68174.5,False,False,0.29577464788732394
"Arthrex, Inc.",44,13,1.0,0.5227272727272727,148500.0,False,False,0.29545454545454547
Bayer HealthCare LLC,44,13,1.0,0.6363636363636364,142500.0,False,False,0.29545454545454547
"Ensono, Inc.",44,13,1.0,0.4318181818181818,130000.0,False,False,0.29545454545454547
"Lakeview Loan Servicing, LLC",44,13,1.0,0.8636363636363636,115000.0,False,False,0.29545454545454547
New York Power Authority,44,13,1.0,0.4090909090909091,138463.0,False,False,0.29545454545454547
"Slalom, Inc.",340,100,0.9970588235294118,0.20588235294117646,143477.5,False,False,0.29411764705882354
Amiti Consulting Inc,68,20,1.0,0.5294117647058824,105986.4,False,False,0.29411764705882354
Molson Coors Beverage Company USA LLC,34,10,1.0,0.5588235294117647,113110.0,False,False,0.29411764705882354
GE PRECISION HEALTHCARE LLC,92,27,1.0,0.5869565217391305,157000.0,False,False,0.29347826086956524
PRECISION TECHNOLOGIES CORP.,92,27,1.0,0.6956521739130435,99028.79999999999,False,False,0.29347826086956524
"Insight Direct USA, Inc.",75,22,1.0,0.16,135000.0,False,False,0.29333333333333333
"Stripe, Inc.",556,163,1.0,0.5863309352517986,162729.0,False,False,0.2931654676258993
"Intelligrated Systems, LLC",58,17,1.0,0.3793103448275862,105000.0,False,False,0.29310344827586204
The Options Clearing Corporation,205,60,1.0,0.47804878048780486,134585.5,False,False,0.2926829268292683
American General Life Insurance Company,130,38,1.0,0.3076923076923077,119250.0,False,False,0.2923076923076923
"ServiceNow, Inc.",1460,426,1.0,0.5136986301369864,142293.0,False,False,0.29178082191780824
Apex Fintech Services LLC,48,14,1.0,0.7083333333333334,130000.0,False,False,0.2916666666666667
Chicago Mercantile Exchange Inc.,127,37,1.0,0.4094488188976378,128000.0,False,False,0.29133858267716534
First Horizon Bank,62,18,1.0,0.6290322580645161,107596.5,False,False,0.2903225806451613
ClinChoice Inc.,38,11,1.0,0.2894736842105263,108645.5,False,False,0.2894736842105263
Medtronic MiniMed Inc.,38,11,1.0,0.5526315789473685,,False,False,0.2894736842105263
"Oportun, Inc.",38,11,1.0,0.05263157894736842,149760.0,False,False,0.2894736842105263
Pitney Bowes Inc.,38,11,1.0,0.21052631578947367,143327.5,False,False,0.2894736842105263
"Sodexo, Inc.",38,11,1.0,0.3684210526315789,125813.375,False,False,0.2894736842105263
Xylem Services USA LLC,45,13,1.0,0.5333333333333333,132250.0,False,False,0.28888888888888886
"eShares, Inc.",59,17,1.0,0.4406779661016949,200000.0,False,False,0.288135593220339
The Reinalt-Thomas Corporation,66,19,1.0,0.5151515151515151,120952.0,False,False,0.2878787878787879
Regions Bank,73,21,1.0,0.3561643835616438,120855.94,False,False,0.2876712328767123
Applied Medical Resources Corporation,63,18,1.0,0.5079365079365079,107000.0,False,False,0.2857142857142857
ConocoPhillips Company,42,12,1.0,0.5714285714285714,154160.0,False,False,0.2857142857142857
STARK PHARMA SOLUTIONS INC.,35,10,0.9714285714285714,1.0,75816.0,False,False,0.2857142857142857
"DoorDash, Inc.",949,270,1.0,0.613277133825079,176000.0,False,False,0.2845100105374078
eBay Inc.,1248,355,1.0,0.39663461538461536,185000.0,False,False,0.2844551282051282
Boston Scientific Corporation,204,58,1.0,0.35784313725490197,121555.0,False,False,0.28431372549019607
"SYSTECHCORP, INC.",67,19,1.0,0.0,92600.0,False,False,0.2835820895522388
Qualcomm Incorporated,127,36,1.0,0.6299212598425197,126940.0,False,False,0.28346456692913385
"Sagitec Solutions, LLC",92,26,1.0,0.11956521739130435,128250.0,False,False,0.2826086956521739
"Xpanse, LLC",46,13,1.0,0.9565217391304348,114421.0,False,False,0.2826086956521739
"HealthEdge Software, Inc.",78,22,1.0,0.21794871794871795,139259.25,False,False,0.28205128205128205
"OT Technology, Inc.",78,22,1.0,0.2564102564102564,158000.0,False,False,0.28205128205128205
SAVVY INFO SYSTEMS INC,78,22,1.0,0.38461538461538464,104218.5,False,False,0.28205128205128205
OneMain General Services Corporation,178,50,0.9831460674157303,0.6629213483146067,87761.0,False,False,0.2808988764044944
"INFORMATION TECHNOLOGY AND MANAGEMENT CONSULTING, INC.",57,16,1.0,0.5614035087719298,105019.0,False,False,0.2807017543859649
HITACHI ENERGY USA INC.,139,39,1.0,0.5899280575539568,106827.0,False,False,0.2805755395683453
"Applied Materials, Inc",913,256,1.0,0.4994523548740416,150000.0,False,False,0.28039430449069
Gap Inc.,157,44,0.9936305732484076,0.33121019108280253,178500.0,False,False,0.2802547770700637
CYBAGE SOFTWARE INC,75,21,0.9866666666666667,0.26666666666666666,108701.5,False,False,0.28
AXLE IT INC.,50,14,1.0,0.86,86000.0,False,False,0.28
"Amplitude, Inc.",50,14,1.0,0.62,210000.0,False,False,0.28
"STMICROELECTRONICS,INC",50,14,1.0,0.56,152500.4,False,False,0.28
"Crusoe Energy Systems, Inc.",179,50,1.0,0.9441340782122905,210000.0,False,False,0.27932960893854747
C2S Technologies Inc,43,12,1.0,0.5581395348837209,113090.0,False,False,0.27906976744186046
"The Elevance Health Companies, Inc.",122,34,1.0,0.10655737704918032,,False,False,0.2786885245901639
"Robinhood Markets, Inc.",341,95,1.0,0.6217008797653959,179982.0,False,False,0.2785923753665689
KAIZEN TECHNOLOGIES INC,36,10,1.0,0.1111111111111111,91842.4,False,False,0.2777777777777778
NEXTGEN TECHNOLOGIES INC,36,10,1.0,0.7222222222222222,104978.0,False,False,0.2777777777777778
Phygital24 Inc,36,10,1.0,0.6666666666666666,84000.0,False,False,0.2777777777777778
Global Payment Holding Company,83,23,1.0,0.5903614457831325,125949.5,False,False,0.27710843373493976
"OpenAI OpCo, LLC",354,98,1.0,0.8954802259887006,310000.0,False,False,0.2768361581920904
ARTIFINT TECHNOLOGIES LLC,134,37,1.0,0.8283582089552238,88088.0,False,False,0.27611940298507465
New York Life Insurance Company,243,67,0.9876543209876543,0.5308641975308642,126818.0,False,False,0.2757201646090535
"Cadence Design Systems, Inc.",642,177,1.0,0.5202492211838006,151656.0,False,False,0.2757009345794392
McKesson Corporation,236,65,1.0,0.326271186440678,158475.0,False,False,0.2754237288135593
"Trackonomy Systems, Inc.",40,11,1.0,0.7,163500.0,False,False,0.275
Elanco US Inc.,51,14,1.0,0.8235294117647058,90000.0,False,False,0.27450980392156865
"Siemens Healthcare Diagnostics, Inc.",51,14,1.0,0.35294117647058826,152404.0,False,False,0.27450980392156865
Barclays Services Corp.,1098,301,0.9981785063752276,0.3460837887067395,154000.0,False,False,0.27413479052823314
"CrowdStrike, Inc.",208,57,1.0,0.39903846153846156,195363.39,False,False,0.27403846153846156
"Smith & Nephew, Inc.",99,27,1.0,0.32323232323232326,123600.0,False,False,0.2727272727272727
Delta Electronics (Americas) Ltd.,55,15,1.0,0.8909090909090909,130988.0,False,False,0.2727272727272727
Siemens Industry Software Inc.,543,148,1.0,0.4990791896869245,146957.91999999998,False,False,0.27255985267034993
"AMERICAN TECH VISION SOLUTIONS, LLC",114,31,1.0,0.4473684210526316,90550.0,False,False,0.2719298245614035
"Arrow Electronics, Inc.",92,25,0.9782608695652174,0.17391304347826086,142800.0,False,False,0.2717391304347826
"Juniper Networks (US), Inc.",92,25,1.0,0.2608695652173913,127421.0,False,False,0.2717391304347826
"Airbus Americas, Inc.",59,16,1.0,0.8135593220338984,115000.0,False,False,0.2711864406779661
"Kaar Technologies, Inc.",74,20,1.0,0.33783783783783783,104000.0,False,False,0.2702702702702703
"LG Energy Solution Michigan, Inc.",74,20,1.0,0.8243243243243243,73902.0,False,False,0.2702702702702703
MIZ Tech Solutions LLC,37,10,1.0,0.7567567567567568,105227.0,False,False,0.2702702702702703
"OSI Digital, Inc.",37,10,1.0,0.35135135135135137,111500.0,False,False,0.2702702702702703
"OpenGov, Inc.",37,10,1.0,0.6486486486486487,122970.0,False,False,0.2702702702702703
"Ahold Delhaize USA Services, LLC",63,17,1.0,0.20634920634920634,125020.0,False,False,0.2698412698412698
Lincoln National Corporation,63,17,1.0,0.20634920634920634,133390.0,False,False,0.2698412698412698
"DIRECTV, LLC",89,24,1.0,0.20224719101123595,173056.0,False,False,0.2696629213483146
HEALTH CARE SERVICE CORPORATION,323,87,1.0,0.29411764705882354,127878.0,False,False,0.2693498452012384
"Staples, Inc.",260,70,1.0,0.4230769230769231,135137.38,False,False,0.2692307692307692
"DENSO International America, Inc.",52,14,1.0,0.28846153846153844,160073.0,False,False,0.2692307692307692
"Thales Avionics, Inc.",52,14,1.0,0.34615384615384615,137519.0,False,False,0.2692307692307692
"Urban Outfitters, Inc.",52,14,1.0,0.5,135000.0,False,False,0.2692307692307692
"GlobalFoundries U.S., Inc.",201,54,1.0,0.5024875621890548,105274.0,False,False,0.26865671641791045
"ICE DATA SERVICES, INC.",67,18,1.0,0.6417910447761194,139500.0,False,False,0.26865671641791045
"Sailpoint Technologies, Inc.",67,18,1.0,0.40298507462686567,151640.0,False,False,0.26865671641791045
"Western Union, LLC",175,47,1.0,0.3942857142857143,142375.5,False,False,0.26857142857142857
"Affirm, Inc.",164,44,1.0,0.5548780487804879,169000.0,False,False,0.2682926829268293
Wavesoft Solutions Inc,41,11,1.0,0.5365853658536586,109413.0,False,False,0.2682926829268293
"Box, Inc.",168,45,1.0,0.5238095238095238,180960.0,False,False,0.26785714285714285
Constellation Energy Generation LLC,56,15,1.0,0.48214285714285715,126589.0,False,False,0.26785714285714285
Jacobs Project Management Company,56,15,1.0,0.4642857142857143,108165.54000000001,False,False,0.26785714285714285
IQVIA RDS Inc.,127,34,1.0,0.36220472440944884,140000.0,False,False,0.2677165354330709
"Danfoss, LLC",71,19,1.0,0.6338028169014085,116052.0,False,False,0.2676056338028169
DocuSign Inc.,615,164,0.9983739837398374,0.38699186991869916,193500.0,False,False,0.26666666666666666
"CommVault Systems,Inc.",90,24,1.0,0.16666666666666666,155400.0,False,False,0.26666666666666666
"FBG Enterprises Opco, LLC",60,16,1.0,0.5666666666666667,210000.0,False,False,0.26666666666666666
"Entergy Services, LLC",45,12,1.0,0.28888888888888886,115376.0,False,False,0.26666666666666666
FORTNA Systems Inc.,45,12,1.0,0.6444444444444445,140000.0,False,False,0.26666666666666666
Validation Associates LLC,45,12,1.0,0.35555555555555557,76232.0,False,False,0.26666666666666666
Snowflake Inc.,893,238,0.9988801791713325,0.5867861142217246,180960.0,False,False,0.26651735722284436
TikTok,1913,509,1.0,0.7715629900679561,195000.0,False,False,0.2660742289597491
"Zscaler, Inc.",297,79,0.9966329966329966,0.47474747474747475,177074.0,False,False,0.265993265993266
"Kimberly-Clark USA, LLC",64,17,1.0,0.46875,113916.5,False,False,0.265625
"Fetch Rewards, LLC",83,22,1.0,0.7108433734939759,150000.0,False,False,0.26506024096385544
"NIKE, Inc.",457,121,1.0,0.25164113785557984,166561.3,False,False,0.2647702407002188
SEER SOLUTIONS INC,68,18,1.0,0.5147058823529411,98238.4,False,False,0.2647058823529412
"ValueLabs, Inc.",87,23,1.0,0.19540229885057472,108971.0,False,False,0.26436781609195403
"Cloud Software Group, Inc.",91,24,1.0,0.21978021978021978,155444.6,False,False,0.26373626373626374
"Motorola Solutions, Inc.",285,75,0.9824561403508771,0.3368421052631579,106558.0,False,False,0.2631578947368421
Sanofi Pasteur Inc.,57,15,1.0,0.49122807017543857,107182.5,False,False,0.2631578947368421
"Machinify, Inc.",38,10,1.0,0.9210526315789473,170726.5,False,False,0.2631578947368421
ResMed Digital Health Inc.,38,10,1.0,0.47368421052631576,150000.0,False,False,0.2631578947368421
RxAdvance Corporation,38,10,1.0,0.15789473684210525,140000.08000000002,False,False,0.2631578947368421
Winsupply Inc,38,10,1.0,0.5526315789473685,132600.0,False,False,0.2631578947368421
CitiusTech Inc.,688,181,0.997093023255814,0.3023255813953488,103100.0,False,False,0.26308139534883723
Informatica LLC,156,41,1.0,0.27564102564102566,135741.0,False,False,0.26282051282051283
Sanofi US Services Inc.,156,41,1.0,0.4230769230769231,126036.0,False,False,0.26282051282051283
"HM Health Solutions, Inc.",141,37,1.0,0.41843971631205673,118414.0,False,False,0.2624113475177305
"Consumerinfo.com, Inc.",61,16,1.0,0.39344262295081966,140000.0,False,False,0.26229508196721313
"Takeda Development Center Americas, Inc.",225,59,1.0,0.43555555555555553,159014.4,False,False,0.26222222222222225
HCL,4897,1284,1.0,0.3532775168470492,108722.0,False,False,0.2622013477639371
Cognex Corporation,42,11,1.0,0.14285714285714285,146100.0,False,False,0.2619047619047619
"Viacom International Services, Inc",42,11,1.0,0.3333333333333333,153830.0,False,False,0.2619047619047619
"Thermo Fisher Scientific, Inc.",405,106,0.9950617283950617,0.36790123456790125,115074.5,False,False,0.2617283950617284
"QUALYS, INC.",111,29,0.990990990990991,0.45045045045045046,130250.0,False,False,0.26126126126126126
EMD MILLIPORE CORPORATION,69,18,1.0,0.2318840579710145,113214.0,False,False,0.2608695652173913
CEREBRA CONSULTING INC.,46,12,1.0,0.2826086956521739,104000.0,False,False,0.2608695652173913
"Grammarly, Inc.",46,12,1.0,0.5434782608695652,218000.0,False,False,0.2608695652173913
"HealthVerity, Inc.",46,12,1.0,1.0,105206.0,False,False,0.2608695652173913
Truist Bank,560,146,0.9982142857142857,0.34285714285714286,135450.0,False,False,0.26071428571428573
"Expedia, Inc.",875,228,0.9988571428571429,0.35428571428571426,139370.5,False,False,0.26057142857142856
A9.com LLC,50,13,1.0,0.48,190000.0,False,False,0.26
PROCAL TECHNOLOGIES INC,50,13,1.0,0.26,125000.0,False,False,0.26
X.AI LLC,81,21,0.9753086419753086,0.9259259259259259,277500.0,False,False,0.25925925925925924
Tetra Pak Inc.,54,14,1.0,0.9074074074074074,107665.5,False,False,0.25925925925925924
"Crunchyroll, LLC",58,15,1.0,0.7241379310344828,200000.0,False,False,0.25862068965517243
"CSC  Investments II, LLC",89,23,1.0,1.0,,False,False,0.25842696629213485
"Quantiphi, Inc.",89,23,1.0,0.449438202247191,140000.0,False,False,0.25842696629213485
Sai Business Solutions LLC,89,23,1.0,0.550561797752809,67000.0,False,False,0.25842696629213485
Visa,1681,434,0.998810232004759,0.3277810826888757,141751.0,False,False,0.2581796549672814
"Brillio, LLC",403,104,1.0,0.23076923076923078,113277.0,False,False,0.25806451612903225
The Hertz Corporation,93,24,1.0,0.3978494623655914,137999.94,False,False,0.25806451612903225
The Veritas Healthcare Solutions LLC,93,24,1.0,0.956989247311828,80600.0,False,False,0.25806451612903225
"Synergyassure, Inc",62,16,1.0,0.9516129032258065,80000.0,False,False,0.25806451612903225
Blue Cross Blue Shield of Michigan,101,26,1.0,0.07920792079207921,116626.0,False,False,0.25742574257425743
"Teradata Operations, Inc.",101,26,1.0,0.2871287128712871,148838.0,False,False,0.25742574257425743
"GoDaddy.com, LLC",210,54,1.0,0.20952380952380953,133887.0,False,False,0.2571428571428571
"CLOUDFLARE, INC.",249,64,1.0,0.46184738955823296,156000.0,False,False,0.2570281124497992
"Bill Me Later, Inc.",39,10,1.0,0.3333333333333333,158000.0,False,False,0.2564102564102564
HSK Technologies Inc,39,10,1.0,0.4358974358974359,95493.0,False,False,0.2564102564102564
"Mythics, LLC",39,10,1.0,0.10256410256410256,155650.0,False,False,0.2564102564102564
"Turner Services, Inc.",39,10,1.0,0.23076923076923078,145354.5,False,False,0.2564102564102564
ROBOTICS TECHNOLOGIES LLC,168,43,1.0,0.9583333333333334,80163.0,False,False,0.25595238095238093
"Penumbra, Inc.",86,22,1.0,0.45348837209302323,116896.0,False,False,0.2558139534883721
"AutoZone, Inc.",141,36,0.9929078014184397,0.49645390070921985,126064.0,False,False,0.2553191489361702
"SQUARESPACE, INC.",47,12,1.0,0.48936170212765956,180790.75,False,False,0.2553191489361702
Brunswick Corporation,51,13,1.0,0.3137254901960784,112664.0,False,False,0.2549019607843137
City of Philadelphia,55,14,1.0,0.8363636363636363,79116.0,False,False,0.2545454545454545
Sabre GLBL Inc.,55,14,1.0,0.16363636363636364,127878.0,False,False,0.2545454545454545
"Molex, LLC",169,43,1.0,0.591715976331361,104874.0,False,False,0.25443786982248523
"Sigma Computing, Inc.",67,17,1.0,0.7761194029850746,163500.0,False,False,0.2537313432835821
CHRISTUS Health,75,19,1.0,0.3466666666666667,114434.11,False,False,0.25333333333333335
Refinitiv US LLC,79,20,1.0,0.4936708860759494,131309.0,False,False,0.25316455696202533
Granules Pharmaceuticals Inc.,91,23,0.989010989010989,0.5714285714285714,75000.0,False,False,0.25274725274725274
Infineon Technologies Americas Corp.,281,71,1.0,0.5551601423487544,163473.315,False,False,0.2526690391459075
"Marqeta, Inc.",95,24,1.0,0.35789473684210527,183787.0,False,False,0.25263157894736843
"Paycom Payroll, LLC",282,71,1.0,0.31560283687943264,114000.0,False,False,0.25177304964539005
Infogain Corporation,179,45,1.0,0.5418994413407822,110000.0,False,False,0.25139664804469275
"Epitec, Inc.",267,67,1.0,0.6591760299625468,101348.0,False,False,0.250936329588015
"LYFT, Inc.",216,54,1.0,0.6388888888888888,146307.0,False,False,0.25
"T. Rowe Price Associates, Inc.",116,29,0.9827586206896551,0.12931034482758622,125000.0,False,False,0.25
RGA Enterprise Services Company,96,24,1.0,0.5520833333333334,118680.0,False,False,0.25
"CSS PAYROLL CO, L.P.",80,20,1.0,0.725,210000.0,False,False,0.25
"Netskope, Inc.",68,17,1.0,0.25,160000.0,False,False,0.25
"Uline, Inc.",64,16,1.0,0.390625,135000.0,False,False,0.25
Providence Health & Services,60,15,1.0,0.16666666666666666,114213.0,False,False,0.25
ADT LLC,56,14,1.0,0.39285714285714285,129190.45,False,False,0.25
"Michaels Stores, Inc.",56,14,1.0,0.17857142857142858,137311.0,False,False,0.25
AllPros Consulting LLC,44,11,1.0,0.5681818181818182,86000.0,False,False,0.25
"Allegis Group, Inc.",44,11,1.0,0.20454545454545456,147052.0,False,False,0.25
Alstom Transport USA Inc.,44,11,1.0,0.36363636363636365,101249.0,False,False,0.25
California Physicians' Service,44,11,1.0,0.13636363636363635,164778.0,False,False,0.25
"HD Supply, Inc.",44,11,1.0,0.4772727272727273,143800.0,False,False,0.25
"Ironclad, Inc.",40,10,1.0,0.325,195000.0,False,False,0.25
"T-Mobile USA, Inc.",893,223,1.0,0.3751399776035834,146354.17,False,False,0.24972004479283313
"Charles River Laboratories, Inc.",85,21,0.9647058823529412,0.4,133179.02,False,False,0.24705882352941178
"REDWOOD MATERIALS, INC.",77,19,1.0,0.7012987012987013,135000.0,False,False,0.24675324675324675
lululemon usa inc.,69,17,1.0,0.07246376811594203,180584.5,False,False,0.2463768115942029
"Calix, Inc.",65,16,1.0,0.5384615384615384,137862.0,False,False,0.24615384615384617
Information Data Systems Inc.,57,14,1.0,0.6842105263157895,92300.0,False,False,0.24561403508771928
"BJ's Wholesale Club, Inc.",106,26,0.9905660377358491,0.42452830188679247,145708.0,False,False,0.24528301886792453
"JOHNSON CONTROLS, INC.",106,26,1.0,0.330188679245283,104125.0,False,False,0.24528301886792453
EMC Corporation,359,88,0.9944289693593314,0.24512534818941503,158922.0,False,False,0.24512534818941503
"Allegiant Air, LLC",49,12,1.0,0.2653061224489796,119953.6,False,False,0.24489795918367346
"Citrix Systems, Inc.",49,12,1.0,0.22448979591836735,,False,False,0.24489795918367346
"Cognizant TriZetto Software Group, Inc.",49,12,1.0,0.02040816326530612,123614.5,False,False,0.24489795918367346
"Viavi Solutions, Inc.",49,12,1.0,0.4897959183673469,122949.0,False,False,0.24489795918367346
Ancestry.com Operations Inc.,143,35,1.0,0.2097902097902098,155000.0,False,False,0.24475524475524477
"Siemens Medical Solutions USA, Inc.",188,46,1.0,0.5797872340425532,132652.31,False,False,0.24468085106382978
"Anthropic, PBC",368,90,1.0,0.904891304347826,300000.0,False,False,0.24456521739130435
SPLINT PHARMA LLC,45,11,1.0,0.8888888888888888,87380.8,False,False,0.24444444444444444
Wintrust Financial Corporation,45,11,1.0,0.3111111111111111,142000.0,False,False,0.24444444444444444
Wells Fargo,1154,282,0.9982668977469671,0.36741767764298094,141751.0,False,False,0.24436741767764297
"F5, Inc.",295,72,1.0,0.42033898305084744,171000.0,False,False,0.2440677966101695
Corning Incorporated,82,20,1.0,0.2926829268292683,133900.0,False,False,0.24390243902439024
"Foundation Medicine, Inc.",41,10,1.0,0.21951219512195122,141409.0,False,False,0.24390243902439024
"REVOLUTION MEDICINES, INC.",41,10,1.0,0.7073170731707317,178000.0,False,False,0.24390243902439024
"Sierra Technologies, Inc.",41,10,1.0,0.975609756097561,250000.0,False,False,0.24390243902439024
BILL Operations LLC,197,48,0.9949238578680203,0.38071065989847713,188000.0,False,False,0.2436548223350254
Sapient Corporation,148,36,0.9932432432432432,0.3783783783783784,155773.33500000002,False,False,0.24324324324324326
"Skydio, Inc.",66,16,1.0,0.6212121212121212,185000.0,False,False,0.24242424242424243
Shopify (USA) Inc.,95,23,1.0,0.631578947368421,139506.0,False,False,0.24210526315789474
"BECKMAN COULTER, INC.",62,15,1.0,0.5,142175.64,False,False,0.24193548387096775
"Notion Labs, Inc.",62,15,1.0,0.7096774193548387,215400.0,False,False,0.24193548387096775
AstraZeneca Pharmaceuticals LP,236,57,1.0,0.5508474576271186,149986.9,False,False,0.24152542372881355
Regal Rexnord Corporation,58,14,1.0,0.43103448275862066,139175.0,False,False,0.2413793103448276
"Elsevier, Inc.",54,13,1.0,0.2777777777777778,113141.37,False,False,0.24074074074074073
ABBOTT LABORATORIES,158,38,1.0,0.3924050632911392,119000.0,False,False,0.24050632911392406
"Flatiron Dragados USA, Inc.",50,12,1.0,0.62,92500.0,False,False,0.24
MAHARISHI International UNIVERSITY,50,12,1.0,0.66,64022.0,False,False,0.24
Panasonic Corporation of North America (PNA),50,12,1.0,0.62,120750.0,False,False,0.24
Cummins Inc.,1563,375,0.9961612284069098,0.30262316058861166,96265.5,False,False,0.2399232245681382
"General Motors Financial Company, Inc.",167,40,1.0,0.46107784431137727,145000.0,False,False,0.23952095808383234
"Atlassian US, Inc.",535,128,1.0,0.5308411214953271,185500.0,False,False,0.23925233644859814
"Conduent State Healthcare, LLC",46,11,1.0,0.32608695652173914,111966.0,False,False,0.2391304347826087
United Consulting Hub Inc,46,11,1.0,0.7391304347826086,81380.0,False,False,0.2391304347826087
"PayPal, Inc.",2326,555,0.999140154772141,0.6289767841788478,171674.75,False,False,0.23860705073086844
Cigna-Evernorth Services Inc.,654,156,0.9984709480122325,0.11926605504587157,144025.69,False,False,0.23853211009174313
TANISHA SYSTEMS INC,151,36,1.0,0.6688741721854304,85400.0,False,False,0.23841059602649006
NetJets Services Inc.,42,10,1.0,0.38095238095238093,124820.4,False,False,0.23809523809523808
"NAGARRO, INC",261,62,1.0,0.34099616858237547,102627.0,False,False,0.23754789272030652
"ChargePoint, Inc.",59,14,1.0,0.4915254237288136,168000.0,False,False,0.23728813559322035
"CRA International, Inc.",152,36,1.0,0.5921052631578947,113000.0,False,False,0.23684210526315788
"Sophos, Inc.",76,18,1.0,0.10526315789473684,155377.9,False,False,0.23684210526315788
M&T Bank,169,40,1.0,0.3609467455621302,123656.0,False,False,0.23668639053254437
"MetLife Group, Inc.",220,52,1.0,0.12727272727272726,127796.0,False,False,0.23636363636363636
"PURE STORAGE, INC.",220,52,1.0,0.5409090909090909,195000.0,False,False,0.23636363636363636
"FEV North America, Inc.",55,13,1.0,0.34545454545454546,98341.0,False,False,0.23636363636363636
"SPOTIFY USA, INC.",237,56,1.0,0.3628691983122363,201560.0,False,False,0.23628691983122363
OKBL USA Technology Inc.,89,21,1.0,0.5730337078651685,200796.0,False,False,0.23595505617977527
"The Fountain Group, LLC",85,20,1.0,0.7176470588235294,120640.0,False,False,0.23529411764705882
"AVEVA SOFTWARE, LLC",51,12,1.0,0.3333333333333333,136490.0,False,False,0.23529411764705882
Accenture LLP,4409,1037,1.0,0.1721478793377183,127600.0,False,False,0.2352007257881606
"United Parcel Service General Services, Co.",145,34,1.0,0.6758620689655173,140100.0,False,False,0.23448275862068965
"Daimler Truck North America, LLC",64,15,1.0,0.40625,135909.0,False,False,0.234375
GBT US LLC,47,11,1.0,0.2553191489361702,128877.0,False,False,0.23404255319148937
"BURNS & MCDONNELL ENGINEERING COMPANY, INC.",201,47,0.9900497512437811,0.3283582089552239,112773.0,False,False,0.23383084577114427
"Ryder System, Inc.",103,24,1.0,0.33980582524271846,119500.0,False,False,0.23300970873786409
DISH Network LLC,279,65,0.996415770609319,0.3942652329749104,111966.0,False,False,0.23297491039426524
The Huntington National Bank,189,44,1.0,0.3915343915343915,124000.0,False,False,0.2328042328042328
Dish Wireless LLC,421,98,1.0,0.5154394299287411,107307.0,False,False,0.2327790973871734
"Eight Eleven Group, LLC",43,10,1.0,0.9534883720930233,124800.0,False,False,0.23255813953488372
FAIR ISAAC CORPORATION,43,10,1.0,0.4186046511627907,155709.0,False,False,0.23255813953488372
"Fisher Asset Management, LLC",43,10,1.0,0.13953488372093023,148841.0,False,False,0.23255813953488372
"Moveworks, Inc.",43,10,1.0,0.6976744186046512,225000.0,False,False,0.23255813953488372
"North American Lighting, Inc.",43,10,1.0,0.20930232558139536,117853.0,False,False,0.23255813953488372
"Susquehanna International Group, LLP",168,39,1.0,0.6071428571428571,108100.0,False,False,0.23214285714285715
"MACY'S SYSTEMS & TECHNOLOGY, INC.",112,26,1.0,0.05357142857142857,171750.0,False,False,0.23214285714285715
HARMAN CONNECTED SERVICES INC,56,13,1.0,0.4107142857142857,127300.0,False,False,0.23214285714285715
Ibase Operations Corp.,125,29,1.0,0.6,99987.0,False,False,0.232
SPRUCE TECHNOLOGY INC.,69,16,1.0,0.2608695652173913,125000.0,False,False,0.2318840579710145
"ICF Incorporated, LLC",82,19,1.0,0.34146341463414637,104400.0,False,False,0.23170731707317074
SMARTSHEET INC.,82,19,1.0,0.2682926829268293,162000.0,False,False,0.23170731707317074
Capital Group Companies Global,130,30,0.9923076923076923,0.26153846153846155,174429.0,False,False,0.23076923076923078
"Entegris, Inc.",78,18,1.0,0.46153846153846156,114023.5,False,False,0.23076923076923078
AI TECHNOLOGIES LLC,52,12,1.0,0.2692307692307692,,False,False,0.23076923076923078
"EMPOWER RETIREMENT, LLC",52,12,1.0,0.19230769230769232,155985.2,False,False,0.23076923076923078
Electronic Arts Inc.,243,56,0.9917695473251029,0.45267489711934156,153835.0,False,False,0.23045267489711935
"Medtronic, Inc.",566,130,0.9946996466431095,0.3710247349823322,115420.5,False,False,0.22968197879858657
TMEIC CORPORATION AMERICAS,48,11,1.0,0.6875,109470.4,False,False,0.22916666666666666
"Roku, Inc.",175,40,1.0,0.10857142857142857,225250.0,False,False,0.22857142857142856
Adobe Inc.,2234,510,0.9977618621307073,0.5863921217547001,183750.0,False,False,0.22829006266786034
Zappos.com LLC,57,13,1.0,0.6491228070175439,177100.0,False,False,0.22807017543859648
"Coinbase, Inc.",307,70,1.0,0.6840390879478827,182812.5,False,False,0.2280130293159609
"Twitch Interactive, Inc.",101,23,1.0,0.39603960396039606,183000.0,False,False,0.22772277227722773
"Elevance Health, Inc.",743,169,0.9986541049798116,0.03768506056527591,136941.20500000002,False,False,0.2274562584118439
"Synopsys, Inc.",352,80,0.9943181818181818,0.8806818181818182,151217.0,False,False,0.22727272727272727
Infosoft Inc,44,10,1.0,0.7727272727272727,105976.0,False,False,0.22727272727272727
"Telecom Technology Services, Inc.",44,10,1.0,0.045454545454545456,99154.0,False,False,0.22727272727272727
"PPD Development, L.P.",163,37,1.0,0.34355828220858897,94130.0,False,False,0.22699386503067484
"Zillow, Inc.",247,56,1.0,0.2591093117408907,175000.0,False,False,0.22672064777327935
"Vistex, Inc.",75,17,1.0,0.6666666666666666,122700.0,False,False,0.22666666666666666
"Medline Industries, LP.",609,138,0.9950738916256158,0.41379310344827586,134000.0,False,False,0.22660098522167488
"BEST BUY CO., INC.",287,65,0.9965156794425087,0.18815331010452963,152168.595,False,False,0.2264808362369338
"BROADRIDGE FINANCIAL SOLUTIONS, INC.",159,36,1.0,0.24528301886792453,133078.0,False,False,0.22641509433962265
"CSTS TECHNOLOGIES, INC",53,12,1.0,0.660377358490566,97219.0,False,False,0.22641509433962265
CYPRESS SEMICONDUCTOR CORPORATION,53,12,1.0,0.41509433962264153,163044.31,False,False,0.22641509433962265
Harbinger Motors Inc.,71,16,1.0,0.8309859154929577,140000.0,False,False,0.22535211267605634
MAXIMUS Inc.,71,16,1.0,0.19718309859154928,137509.0,False,False,0.22535211267605634
"KEYSIGHT TECHNOLOGIES, INC.",191,43,1.0,0.5549738219895288,139256.0,False,False,0.225130890052356
"ASML US, LP",933,210,1.0,0.36441586280814575,125625.0,False,False,0.22508038585209003
"WAL-MART ASSOCIATES, INC.",6466,1455,0.9992267244045778,0.3255490256727498,145000.0,False,False,0.22502319826786266
"Omnissa, LLC",120,27,0.9916666666666667,0.18333333333333332,176051.2,False,False,0.225
"Fox Cable Network Services, LLC",80,18,1.0,0.4125,169541.0,False,False,0.225
Credit Karma LLC,218,49,1.0,0.2889908256880734,215438.0,False,False,0.22477064220183487
"Salesforce, Inc.",3499,786,1.0,0.36524721348956846,200366.10499999998,False,False,0.22463561017433553
"CBS Interactive, Inc.",98,22,1.0,0.21428571428571427,161915.9,False,False,0.22448979591836735
"First Solar, Inc.",98,22,1.0,0.7448979591836735,92321.0,False,False,0.22448979591836735
"B/E Aerospace, Inc.",49,11,1.0,0.3469387755102041,115336.0,False,False,0.22448979591836735
"Twilio, Inc.",290,65,1.0,0.2620689655172414,177580.76,False,False,0.22413793103448276
Gotion Illinois New Energy Inc.,58,13,1.0,1.0,90000.0,False,False,0.22413793103448276
The Boeing Company,125,28,1.0,0.704,118706.0,False,False,0.224
"Alnylam US, Inc.",76,17,1.0,0.5921052631578947,142397.5,False,False,0.2236842105263158
Vertex Pharmaceuticals Incorporated,336,75,1.0,0.41369047619047616,134202.0,False,False,0.22321428571428573
ACE American Insurance Company,242,54,1.0,0.256198347107438,153050.0,False,False,0.2231404958677686
KFORCE INC.,1399,312,1.0,1.0,117832.0,False,False,0.22301644031451037
"Zimmer, Inc.",175,39,1.0,0.4,105020.0,False,False,0.22285714285714286
Voya Services Company,72,16,1.0,0.4861111111111111,143030.0,False,False,0.2222222222222222
Egencia LLC,54,12,1.0,0.3333333333333333,135220.5,False,False,0.2222222222222222
"Impetus Technologies, Inc.",45,10,1.0,0.5777777777777777,126925.0,False,False,0.2222222222222222
"Intuitive Surgical Operations, Inc.",546,121,1.0,0.3992673992673993,151915.5,False,False,0.2216117216117216
Visionet Systems Inc,149,33,1.0,0.4966442953020134,93038.0,False,False,0.2214765100671141
ADITI CONSULTING LLC,122,27,1.0,0.8934426229508197,111817.5,False,False,0.22131147540983606
FCA US LLC,475,105,1.0,0.2863157894736842,130200.0,False,False,0.22105263157894736
"Cigna- Evernorth Services, Inc.",95,21,1.0,0.16842105263157894,151317.24,False,False,0.22105263157894736
GLOBAL INFOTECH INC,77,17,1.0,0.5324675324675324,95368.0,False,False,0.22077922077922077
Mastek Inc.,118,26,1.0,0.788135593220339,115000.0,False,False,0.22033898305084745
"Genesys Cloud Services, Inc.",59,13,1.0,0.3050847457627119,128625.0,False,False,0.22033898305084745
"Move Sales, Inc",59,13,1.0,0.9830508474576272,155000.0,False,False,0.22033898305084745
"Everpure, Inc.",109,24,1.0,0.5137614678899083,,False,False,0.22018348623853212
"THE TRADE DESK, INC.",109,24,1.0,0.6146788990825688,155605.0,False,False,0.22018348623853212
New York City Health and Hospitals Corporation,100,22,1.0,0.76,82864.5,False,False,0.22
CHS Inc.,50,11,1.0,0.26,128217.08,False,False,0.22
"Cognitus Consulting, LLC",50,11,1.0,0.66,105997.0,False,False,0.22
Federal Express Corporation,1593,350,0.9987445072190835,0.2693032015065913,107206.0,False,False,0.2197112366603892
CEPHEID,123,27,1.0,0.2601626016260163,137447.77,False,False,0.21951219512195122
Aptiv US Services General Partnership,196,43,1.0,0.3979591836734694,117484.0,False,False,0.2193877551020408
Orion Systems Integrators LLC,197,43,1.0,0.350253807106599,123656.0,False,False,0.2182741116751269
Onix Networking Corp.,55,12,1.0,0.5454545454545454,115000.0,False,False,0.21818181818181817
"Williams-Sonoma, Inc.",55,12,1.0,0.2545454545454545,150000.0,False,False,0.21818181818181817
Zebra Technologies Corporation,124,27,1.0,0.18548387096774194,125881.5,False,False,0.21774193548387097
Geminisoft Solutions Inc.,92,20,1.0,0.5760869565217391,130000.0,False,False,0.21739130434782608
ROYAL CYBER INC,69,15,1.0,0.5507246376811594,117728.0,False,False,0.21739130434782608
I GIANTS INC.,46,10,1.0,0.6739130434782609,93038.4,False,False,0.21739130434782608
Sentara Health,46,10,1.0,0.5434782608695652,108576.0,False,False,0.21739130434782608
"Joby Aero, Inc.",175,38,1.0,0.5542857142857143,161546.0,False,False,0.21714285714285714
Henry Ford Health System,318,69,1.0,0.5377358490566038,107993.6,False,False,0.2169811320754717
"Two Sigma Investments, LP",236,51,1.0,0.5466101694915254,221000.0,False,False,0.21610169491525424
ARTIFICIAL INTELLIGENCE STAFFING LLC,51,11,1.0,0.29411764705882354,,False,False,0.21568627450980393
"BlueCross BlueShield of Tennessee, Inc.",51,11,1.0,0.11764705882352941,98534.5,False,False,0.21568627450980393
MACHINE INTELLIGENCE LLC,51,11,1.0,0.35294117647058826,,False,False,0.21568627450980393
"Teladoc Health, Inc.",144,31,1.0,0.1736111111111111,127878.0,False,False,0.2152777777777778
LinkedIn Corporation,1992,428,0.998995983935743,0.5496987951807228,172931.0,False,False,0.21485943775100402
"AT&T SERVICES, INC.",973,209,0.998972250770812,0.4244604316546763,163737.0,False,False,0.2147995889003083
"Sonata Software North America, Inc.",98,21,1.0,0.6938775510204082,103230.0,False,False,0.21428571428571427
"Institutional Capital Network, Inc.",61,13,1.0,0.3442622950819672,130000.0,False,False,0.21311475409836064
"Purpose Financial, Inc.",61,13,1.0,0.639344262295082,97750.0,False,False,0.21311475409836064
CDW LLC,47,10,0.9787234042553191,0.2765957446808511,128000.0,False,False,0.2127659574468085
"HULU, LLC",47,10,1.0,0.2553191489361702,192171.5,False,False,0.2127659574468085
"Rubrik, Inc.",254,54,1.0,0.547244094488189,180000.0,False,False,0.2125984251968504
Genuine Parts Company,113,24,1.0,0.37168141592920356,125000.0,False,False,0.21238938053097345
Massachusetts Mutual Life Insurance Company,146,31,1.0,0.23972602739726026,134118.0,False,False,0.21232876712328766
Tractor Supply Company,99,21,1.0,0.3838383838383838,113597.5,False,False,0.21212121212121213
Apps Associates LLC,66,14,1.0,0.16666666666666666,149748.89,False,False,0.21212121212121213
BP America Inc.,66,14,1.0,0.3939393939393939,113922.0,False,False,0.21212121212121213
EVONIK CORPORATION,66,14,1.0,0.6818181818181818,127114.0,False,False,0.21212121212121213
"M.C. Dean, Inc.",66,14,1.0,0.7272727272727273,102001.12,False,False,0.21212121212121213
"Comcast Cable Communications, LLC",1052,223,0.997148288973384,0.1682509505703422,130406.0,False,False,0.21197718631178708
PALANTIR TECHNOLOGIES INC.,312,66,1.0,0.7692307692307693,148000.0,False,False,0.21153846153846154
"Social Finance, LLC",407,86,1.0,0.6339066339066339,200000.0,False,False,0.2113022113022113
Selective Insurance Company of America,71,15,1.0,0.22535211267605634,142880.0,False,False,0.2112676056338028
"Stanley Black and Decker, Inc.",71,15,1.0,0.352112676056338,122807.0,False,False,0.2112676056338028
"Reddit, Inc.",166,35,1.0,0.6265060240963856,255000.0,False,False,0.21084337349397592
"Acuity Brands Lighting, Inc.",57,12,1.0,0.5614035087719298,104790.0,False,False,0.21052631578947367
"CCC Intelligent Solutions, Inc",138,29,0.9927536231884058,0.2971014492753623,117821.5,False,False,0.21014492753623187
Navy Federal Credit Union,319,67,1.0,0.4482758620689655,154954.89,False,False,0.21003134796238246
Black & Veatch Corporation,244,51,1.0,0.35655737704918034,97240.0,False,False,0.20901639344262296
"NYSE Market (DE), Inc.",67,14,1.0,0.5223880597014925,143100.0,False,False,0.208955223880597
Equitable Financial Life Insurance Company,48,10,1.0,0.16666666666666666,120510.0,False,False,0.20833333333333334
"CDK GLOBAL, LLC",53,11,1.0,0.5094339622641509,139152.0,False,False,0.20754716981132076
"DAIICHI SANKYO, INC.",53,11,1.0,0.5660377358490566,163615.65,False,False,0.20754716981132076
"FedEx Freight, Inc.",174,36,0.9942528735632183,0.7413793103448276,119674.16,False,False,0.20689655172413793
"NRG Energy, Inc.",58,12,1.0,0.3793103448275862,125715.0,False,False,0.20689655172413793
"Dexcom, Inc.",92,19,1.0,0.2391304347826087,140038.08000000002,False,False,0.20652173913043478
AbbVie Inc.,403,83,1.0,0.36476426799007444,147000.0,False,False,0.20595533498759305
ABBOTT DIABETES CARE INC.,73,15,1.0,0.7397260273972602,132496.0,False,False,0.2054794520547945
"Etsy, Inc.",73,15,1.0,0.4657534246575342,183851.0,False,False,0.2054794520547945
Unicon Pharma Inc,117,24,1.0,0.19658119658119658,88462.0,False,False,0.20512820512820512
"Nordstrom, Inc.",318,65,0.9968553459119497,0.29559748427672955,157543.65,False,False,0.20440251572327045
LONZA HOUSTON INC,49,10,0.9795918367346939,0.4897959183673469,120000.0,False,False,0.20408163265306123
"Moloco, Inc.",103,21,1.0,0.7475728155339806,160000.0,False,False,0.20388349514563106
"Diversified Services Network, Inc.",54,11,1.0,0.7962962962962963,95232.8,False,False,0.2037037037037037
Occidental Petroleum Corporation,54,11,1.0,0.5370370370370371,150000.0,False,False,0.2037037037037037
"Silicon Laboratories, Inc.",54,11,1.0,0.35185185185185186,146623.1,False,False,0.2037037037037037
Isite Technologies Inc.,59,12,1.0,0.22033898305084745,95139.1,False,False,0.2033898305084746
"Mainspring Energy, Inc.",59,12,1.0,0.7288135593220338,118810.0,False,False,0.2033898305084746
"Dropbox, Inc.",187,38,1.0,0.34759358288770054,187000.0,False,False,0.20320855614973263
Kosma Tech Inc,64,13,1.0,0.96875,81500.0,False,False,0.203125
"Natera, Inc.",138,28,1.0,0.5289855072463768,133109.5,False,False,0.2028985507246377
Incyte Corporation,69,14,1.0,0.4927536231884058,135505.5,False,False,0.2028985507246377
"Qualtrics, LLC",143,29,1.0,0.5034965034965035,162250.0,False,False,0.20279720279720279
ZF Active Safety US Inc.,74,15,1.0,0.3918918918918919,119642.5,False,False,0.20270270270270271
GlaxoSmithKline LLC,104,21,1.0,0.5673076923076923,136125.0,False,False,0.20192307692307693
Safeway Inc.,363,73,1.0,0.2837465564738292,165078.34,False,False,0.20110192837465565
"Confluent, Inc.",200,40,1.0,0.415,194882.0,False,False,0.2
Ford Motor Credit Company LLC,75,15,1.0,0.38666666666666666,132350.0,False,False,0.2
"Health Management Systems, Inc.",65,13,1.0,0.3076923076923077,111966.0,False,False,0.2
John Hancock Life Insurance Company (USA),65,13,1.0,0.3384615384615385,142044.0,False,False,0.2
"CARIAD, Inc.",60,12,0.9666666666666667,0.35,171062.58,False,False,0.2
"HERE North America, LLC",60,12,1.0,0.18333333333333332,138600.5,False,False,0.2
"MAST Technology Services, Inc.",60,12,1.0,0.16666666666666666,140000.0,False,False,0.2
"QuantumScape Battery, Inc.",55,11,1.0,0.32727272727272727,143874.0,False,False,0.2
The Northern Trust Company,221,44,1.0,0.5203619909502263,142418.24,False,False,0.19909502262443438
"Palo Alto Networks, Inc.",1025,204,0.9980487804878049,0.6956097560975609,182994.0,False,False,0.19902439024390245
Dassault Systemes Americas Corp,196,39,0.9948979591836735,0.2755102040816326,133934.0,False,False,0.1989795918367347
"Point72, L.P.",146,29,1.0,0.6643835616438356,200000.0,False,False,0.19863013698630136
"TriNet USA, Inc.",111,22,1.0,0.3153153153153153,154451.0,False,False,0.1981981981981982
"Tesla, Inc.",5676,1123,0.9992952783650458,0.5604298801973221,150696.0,False,False,0.19785059901338972
"Ameriprise Financial, Inc.",152,30,1.0,0.3618421052631579,129100.0,False,False,0.19736842105263158
"Regeneron Pharmaceuticals, Inc.",451,89,1.0,0.4501108647450111,149754.43,False,False,0.1973392461197339
MICROLAND LIMITED,66,13,1.0,0.4393939393939394,85218.0,False,False,0.19696969696969696
Thomson Reuters Holdings Inc.,66,13,1.0,0.4696969696969697,152000.0,False,False,0.19696969696969696
Vastek Inc,259,51,1.0,0.25868725868725867,87360.0,False,False,0.1969111969111969
Covidien LP,178,35,1.0,0.42134831460674155,106215.0,False,False,0.19662921348314608
Zipline International Inc.,112,22,1.0,0.7232142857142857,156000.0,False,False,0.19642857142857142
The Chamberlain Group LLC,56,11,1.0,0.25,150000.0,False,False,0.19642857142857142
"SS&C Technologies, Inc.",209,41,1.0,0.2679425837320574,140000.0,False,False,0.19617224880382775
"AIRBNB, INC.",413,81,1.0,0.5980629539951574,191000.0,False,False,0.19612590799031476
"Meritor Heavy Vehicle Systems, LLC",51,10,1.0,0.39215686274509803,98800.0,False,False,0.19607843137254902
ROBOTICS STAFFING LLC,51,10,1.0,0.4117647058823529,,False,False,0.19607843137254902
"Guidewire Software, Inc.",154,30,1.0,0.34415584415584416,148824.0,False,False,0.19480519480519481
Savannah College of Art and Design,113,22,1.0,0.4247787610619469,60361.5,False,False,0.19469026548672566
Stanley Black & Decker Inc.,72,14,1.0,0.2916666666666667,130000.0,False,False,0.19444444444444445
The New York Times Company,67,13,1.0,0.47761194029850745,160444.5,False,False,0.19402985074626866
National Railroad Passenger Corporation,98,19,1.0,0.22448979591836735,129500.0,False,False,0.19387755102040816
"Target Enterprise, Inc.",382,74,0.9973821989528796,0.13350785340314136,141898.0,False,False,0.193717277486911
NCR Voyix Corporation,93,18,1.0,0.3010752688172043,118152.09,False,False,0.1935483870967742
Concentrix CVG Customer Management Group Inc.,393,76,1.0,0.21374045801526717,116000.0,False,False,0.19338422391857507
"Amneal Pharmaceuticals, LLC",57,11,1.0,0.2631578947368421,105000.0,False,False,0.19298245614035087
ITG TECHNOLOGIES INC,57,11,1.0,0.3333333333333333,103834.0,False,False,0.19298245614035087
"Munich Re America Services, Inc.",57,11,1.0,0.2982456140350877,136875.0,False,False,0.19298245614035087
Parker Hannifin Corporation,57,11,1.0,0.3157894736842105,113869.5,False,False,0.19298245614035087
SVASTHA INFOTECH INC,57,11,1.0,0.9649122807017544,86500.0,False,False,0.19298245614035087
"Illumio, Inc.",83,16,1.0,0.7108433734939759,172931.0,False,False,0.1927710843373494
Lam Research Corporation,462,89,0.9978354978354979,0.577922077922078,137093.0,False,False,0.19264069264069264
Grubhub Holdings Inc.,78,15,1.0,0.15384615384615385,168500.0,False,False,0.19230769230769232
JetBlue Airways,52,10,0.9807692307692307,0.28846153846153844,142176.0,False,False,0.19230769230769232
Selsoft Inc,52,10,1.0,0.38461538461538464,90000.0,False,False,0.19230769230769232
"Hitachi Rail STS USA, Inc.",73,14,1.0,0.2602739726027397,135000.0,False,False,0.1917808219178082
"MONGODB, INC.",262,50,1.0,0.6374045801526718,187423.0,False,False,0.19083969465648856
"Rocket Mortgage, LLC",126,24,1.0,0.2619047619047619,108278.5,False,False,0.19047619047619047
SAS Institute Inc.,84,16,1.0,0.3333333333333333,132205.0,False,False,0.19047619047619047
CLOUD ANALYTICS TECHNOLOGIES LLC,63,12,1.0,0.2698412698412698,,False,False,0.19047619047619047
"Insurance Services Office, Inc",248,47,0.9959677419354839,0.2903225806451613,125200.0,False,False,0.18951612903225806
"CoreWeave, Inc.",95,18,1.0,0.9578947368421052,201000.0,False,False,0.18947368421052632
Pilot Technologies LLC,74,14,1.0,0.6486486486486487,92000.0,False,False,0.1891891891891892
"Proofpoint, Inc.",74,14,1.0,0.24324324324324326,171011.0,False,False,0.1891891891891892
"AECOM Technical Services, Inc.",445,84,1.0,0.4898876404494382,98332.0,False,False,0.18876404494382024
"Valeo North America, Inc.",106,20,1.0,0.330188679245283,124424.0,False,False,0.18867924528301888
Masimo Corporation,53,10,1.0,0.4528301886792453,125742.5,False,False,0.18867924528301888
"Moderna Services, Inc.",69,13,1.0,0.2898550724637681,142000.0,False,False,0.18840579710144928
"Nextdoor, Inc.",69,13,1.0,0.782608695652174,190000.0,False,False,0.18840579710144928
"Delta Air Lines, Inc.",239,45,1.0,0.2594142259414226,143572.97999999998,False,False,0.18828451882845187
"Amdocs, Inc.",186,35,1.0,0.4946236559139785,127878.0,False,False,0.1881720430107527
"AUDIBLE, INC.",303,57,1.0,0.40264026402640263,160000.0,False,False,0.18811881188118812
Standard & Poor's Financial Services LLC,101,19,1.0,0.40594059405940597,151749.5,False,False,0.18811881188118812
LTM Limited,218,41,1.0,0.5458715596330275,,False,False,0.18807339449541285
"DaVita, Inc.",128,24,1.0,0.3671875,117426.5,False,False,0.1875
STV Incorporated,187,35,1.0,0.732620320855615,84614.0,False,False,0.18716577540106952
Agility Robotics Inc.,59,11,1.0,0.9152542372881356,188000.0,False,False,0.1864406779661017
ACTIVISION PUBLISHING INC,102,19,1.0,0.5392156862745098,134658.5,False,False,0.18627450980392157
"Plaid, Inc.",70,13,1.0,0.6285714285714286,188944.0,False,False,0.18571428571428572
Penske Truck Leasing Co LP,124,23,0.9919354838709677,0.49193548387096775,128898.5,False,False,0.18548387096774194
Humana Inc.,545,101,0.998165137614679,0.3577981651376147,130923.2,False,False,0.1853211009174312
"Discord, Inc.",81,15,1.0,0.7037037037037037,235000.0,False,False,0.18518518518518517
"Figma, Inc.",119,22,1.0,0.6974789915966386,201845.0,False,False,0.18487394957983194
Archer Aviation Inc.,92,17,0.9891304347826086,1.0,189280.0,False,False,0.18478260869565216
DXC Technology Services LLC,92,17,1.0,0.5108695652173914,124000.0,False,False,0.18478260869565216
"Interactive Communications International, Inc.",65,12,1.0,0.12307692307692308,125424.0,False,False,0.18461538461538463
"ADP, Inc.",103,19,0.9902912621359223,0.5242718446601942,119142.0,False,False,0.18446601941747573
"NewQuest, LLC",60,11,1.0,1.0,141484.605,False,False,0.18333333333333332
"W.W. Grainger, Inc.",60,11,1.0,0.5166666666666667,144458.47,False,False,0.18333333333333332
"Cohesity, Inc.",213,39,0.9953051643192489,0.41784037558685444,163200.0,False,False,0.18309859154929578
AGILISIUM CONSULTING LLC,71,13,1.0,0.8169014084507042,124800.0,False,False,0.18309859154929578
Hudson River Trading LLC,71,13,1.0,0.5774647887323944,185000.0,False,False,0.18309859154929578
Unisys Corporation,71,13,1.0,0.5492957746478874,123656.0,False,False,0.18309859154929578
"Medidata Solutions, Inc.",110,20,1.0,0.16363636363636364,163626.96000000002,False,False,0.18181818181818182
Georgia-Pacific LLC,88,16,1.0,0.36363636363636365,140000.0,False,False,0.18181818181818182
VIRTUAL REALITY TECHNOLOGIES LLC,55,10,1.0,0.5454545454545454,,False,False,0.18181818181818182
The Guardian Life Insurance Company of America,105,19,1.0,0.2761904761904762,150397.0,False,False,0.18095238095238095
Mastercard,1002,181,1.0,0.2465069860279441,119237.5,False,False,0.18063872255489022
City of Hope National Medical Center,72,13,1.0,0.5277777777777778,120000.0,False,False,0.18055555555555555
UST Global Inc,1376,248,1.0,0.4120639534883721,109000.0,False,False,0.18023255813953487
"Citizens Financial Group, Inc.",328,59,1.0,0.3628048780487805,128639.0,False,False,0.1798780487804878
"Financial Industry Regulatory Authority, Inc.",89,16,1.0,0.29213483146067415,148221.0,False,False,0.1797752808988764
"FedEx Dataworks, Inc.",240,43,1.0,0.32083333333333336,123552.0,False,False,0.17916666666666667
LTIMindtree Limited,3802,681,1.0,0.30010520778537614,105997.0,False,False,0.1791162546028406
CEREBRAS SYSTEMS INC.,67,12,1.0,0.9104477611940298,215592.0,False,False,0.1791044776119403
"St. Jude Medical, Cardiology Division, Inc.",179,32,1.0,0.41899441340782123,120000.0,False,False,0.1787709497206704
Hitachi Digital Services LLC,207,37,1.0,0.3526570048309179,105997.0,False,False,0.178743961352657
"Illumina, Inc.",207,37,1.0,0.2608695652173913,135949.0,False,False,0.178743961352657
"eviCore healthcare MSI, LLC",84,15,1.0,0.08333333333333333,122803.0,False,False,0.17857142857142858
ARTIFICIAL INTELLIGENCE LLC,56,10,1.0,0.6428571428571429,,False,False,0.17857142857142858
Anagh Technologies Inc,56,10,1.0,0.7321428571428571,112320.0,False,False,0.17857142857142858
CNN IT Corp Inc.,56,10,1.0,0.44642857142857145,92000.0,False,False,0.17857142857142858
"Turo, Inc.",56,10,1.0,0.5357142857142857,185937.0,False,False,0.17857142857142858
"ZENITH INFOTEK, LLC",56,10,1.0,0.5178571428571429,99736.0,False,False,0.17857142857142858
Akshaya Inc.,73,13,1.0,0.2602739726027397,120000.0,False,False,0.1780821917808219
"Applied Optoelectronics, Inc.",73,13,1.0,0.9178082191780822,79996.8,False,False,0.1780821917808219
"Charter Communications, Inc.",1051,187,0.9971455756422455,0.08087535680304472,118162.0,False,False,0.1779257849666984
EATEAM INC,90,16,1.0,0.5222222222222223,90001.6,False,False,0.17777777777777778
"Emory Healthcare, Inc.",90,16,1.0,0.45555555555555555,87193.6,False,False,0.17777777777777778
"Lucid USA, Inc.",1092,194,1.0,0.6062271062271062,142854.0,False,False,0.17765567765567766
"PHOTON INFOTECH, INC.",417,74,1.0,0.539568345323741,111512.5,False,False,0.1774580335731415
"Zions Bancorporation, N.A.",124,22,1.0,0.3387096774193548,120682.0,False,False,0.1774193548387097
"SQUAD SOFTWARE, INC.",265,47,1.0,0.7018867924528301,93000.0,False,False,0.17735849056603772
Intellyk Inc.,85,15,1.0,0.6,85000.0,False,False,0.17647058823529413
Kaseya US LLC,68,12,1.0,0.8382352941176471,103893.0,False,False,0.17647058823529413
"ZipHQ, Inc.",68,12,1.0,0.7941176470588235,190000.0,False,False,0.17647058823529413
INFOSTRETCH CORPORATION,176,31,1.0,0.4602272727272727,115000.0,False,False,0.17613636363636365
Consultadd Inc.,108,19,1.0,0.3425925925925926,103709.0,False,False,0.17592592592592593
"athenahealth, Inc.",148,26,1.0,0.25675675675675674,147950.0,False,False,0.17567567567567569
SK Hynix NAND Product Solutions Corp,188,33,0.9946808510638298,0.22340425531914893,142022.0,False,False,0.17553191489361702
SONY INTERACTIVE ENTERTAINMENT LLC,342,60,1.0,0.3508771929824561,158900.0,False,False,0.17543859649122806
Beacon Hill Solutions Group LLC,246,43,1.0,0.8536585365853658,106080.0,False,False,0.17479674796747968
New York Independent System Operator,63,11,1.0,0.5714285714285714,111404.88,False,False,0.1746031746031746
"ServiceTitan, Inc.",92,16,1.0,0.42391304347826086,177300.0,False,False,0.17391304347826086
"PayPal Data Services, Inc.",69,12,1.0,0.4782608695652174,156397.71000000002,False,False,0.17391304347826086
Cardinal Health,259,45,1.0,0.3436293436293436,120598.0,False,False,0.17374517374517376
University of Notre Dame du Lac,196,34,1.0,0.5714285714285714,83190.0,False,False,0.17346938775510204
"Sonos, Inc.",75,13,1.0,0.22666666666666666,134000.0,False,False,0.17333333333333334
Wipro,3994,691,1.0,0.3740610916374562,89898.0,False,False,0.17300951427140712
Stanford Health Care,174,30,1.0,0.39655172413793105,126712.0,False,False,0.1724137931034483
"Aeva, Inc.",58,10,1.0,0.5,181847.04,False,False,0.1724137931034483
Quanta Technology LLC,58,10,1.0,0.7931034482758621,114950.0,False,False,0.1724137931034483
"VIRTUSA CONSULTING SERVICES PVT., LTD",192,33,1.0,0.005208333333333333,119600.0,False,False,0.171875
Rheem Manufacturing Company,64,11,1.0,0.59375,106832.215,False,False,0.171875
Panasonic Avionics Corporation,105,18,1.0,0.5142857142857142,155000.0,False,False,0.17142857142857143
"WarnerMedia Services, LLC",105,18,1.0,0.3904761904761905,167730.13,False,False,0.17142857142857143
Merkle Inc.,70,12,1.0,0.5714285714285714,119038.0,False,False,0.17142857142857143
"AGILENT TECHNOLOGIES, INC.",76,13,1.0,0.39473684210526316,160260.55,False,False,0.17105263157894737
"H. LEE MOFFITT CANCER CENTER & RESEARCH INSTITUTE, INC.",123,21,1.0,0.5447154471544715,79623.0,False,False,0.17073170731707318
Coforge Limited,606,103,0.9983498349834984,0.5115511551155115,105997.0,False,False,0.16996699669966997
"Moss & Associates, LLC",106,18,1.0,0.5471698113207547,75600.0,False,False,0.16981132075471697
Prabhav Services Inc,59,10,1.0,0.7288135593220338,100000.0,False,False,0.1694915254237288
"Thumbtack, Inc.",65,11,1.0,0.47692307692307695,185000.0,False,False,0.16923076923076924
"EPAM Systems, Inc.",201,34,1.0,0.34328358208955223,115000.0,False,False,0.1691542288557214
Bristol-Myers Squibb Company,426,72,1.0,0.4765258215962441,149954.7,False,False,0.16901408450704225
"GE ENERGY MANAGEMENT SERVICES, LLC",83,14,1.0,0.3493975903614458,141150.0,False,False,0.1686746987951807
"LiveRamp, Inc.",83,14,0.9879518072289156,0.5903614457831325,159483.125,False,False,0.1686746987951807
Lennox International Inc.,89,15,1.0,0.4606741573033708,118000.0,False,False,0.16853932584269662
"Woven by Toyota, U.S., Inc.",113,19,1.0,0.6106194690265486,206248.0,False,False,0.168141592920354
Dematic Corp.,102,17,1.0,0.39215686274509803,104749.0,False,False,0.16666666666666666
Aptiv Corporation,96,16,1.0,0.20833333333333334,119816.5,False,False,0.16666666666666666
Wise Equation Solutions Inc,72,12,1.0,0.19444444444444445,101358.5,False,False,0.16666666666666666
X Corp.,72,12,0.9583333333333334,0.6944444444444444,190000.0,False,False,0.16666666666666666
"iLink Systems, Inc.",66,11,1.0,0.3939393939393939,112923.0,False,False,0.16666666666666666
"Pearson Education, Inc.",60,10,1.0,0.31666666666666665,140530.075,False,False,0.16666666666666666
Hewlett Packard Enterprise Company,1033,172,1.0,0.44724104549854793,136989.0,False,False,0.1665053242981607
KLA Corporation,637,106,1.0,0.543171114599686,150227.0,False,False,0.1664050235478807
DFS Corporate Services LLC,487,81,0.997946611909651,0.12525667351129363,126000.0,False,False,0.16632443531827515
Apple Inc.,11999,1994,0.9995832986082174,0.40520043336944744,175800.0,False,False,0.16618051504292025
"FIS Management Services, LLC",916,152,0.9956331877729258,0.3875545851528384,132000.0,False,False,0.16593886462882096
Ericsson Inc.,223,37,1.0,0.20179372197309417,126506.5,False,False,0.16591928251121077
Populus Group LLC,615,102,1.0,0.7772357723577236,128897.59999999999,False,False,0.16585365853658537
"LexisNexis Risk Solutions FL, Inc.",205,34,1.0,0.28292682926829266,120000.0,False,False,0.16585365853658537
"Fortinet, Inc.",296,49,0.9966216216216216,0.34121621621621623,152855.0,False,False,0.16554054054054054
"Upstart Network, Inc.",115,19,1.0,0.6173913043478261,179300.0,False,False,0.16521739130434782
"Optum Services, Inc.",999,165,0.998998998998999,0.16616616616616617,125288.0,False,False,0.16516516516516516
NVIDIA Corporation,4356,719,0.9990817263544536,0.6767676767676768,185155.0,False,False,0.1650596877869605
"Iris Software, Inc",206,34,1.0,0.5679611650485437,120000.0,False,False,0.1650485436893204
TOPSYS IT SOLUTIONS LLC,85,14,1.0,0.5058823529411764,92040.0,False,False,0.16470588235294117
Toyota Material Handling Inc.,85,14,1.0,0.7058823529411765,100846.5,False,False,0.16470588235294117
"Intercontinental Exchange Holdings, Inc.",401,66,1.0,0.48129675810473815,119100.0,False,False,0.16458852867830423
XORIANT CORPORATION,152,25,1.0,0.5,117520.0,False,False,0.16447368421052633
"Shipt, Inc.",73,12,1.0,0.2328767123287671,149500.0,False,False,0.1643835616438356
Stryker Corporation,159,26,0.9937106918238994,0.33962264150943394,136136.0,False,False,0.16352201257861634
CNH Industrial America LLC,129,21,1.0,0.3798449612403101,115650.0,False,False,0.16279069767441862
PFIZER INC.,129,21,1.0,0.21705426356589147,103272.0,False,False,0.16279069767441862
United Services Automobile Association,339,55,1.0,0.29793510324483774,137649.2,False,False,0.16224188790560473
Sysintelli Inc.,148,24,0.9932432432432432,0.5675675675675675,106000.0,False,False,0.16216216216216217
"Relevantz Technology Services, Inc.",111,18,1.0,0.1981981981981982,108250.0,False,False,0.16216216216216217
Level 3 Communications LLC,74,12,1.0,0.3783783783783784,119608.06,False,False,0.16216216216216217
"Wabtec US Rail, Inc.",74,12,0.9864864864864865,0.2702702702702703,128544.0,False,False,0.16216216216216217
"Centene Management Company, LLC",223,36,1.0,0.13004484304932734,132672.92,False,False,0.16143497757847533
"Dolby Laboratories, Inc.",62,10,1.0,0.6612903225806451,143068.0,False,False,0.16129032258064516
Exelon Business Services Company LLC,62,10,1.0,0.4032258064516129,124738.0,False,False,0.16129032258064516
Pilot Travel Centers LLC,62,10,1.0,0.4032258064516129,129000.0,False,False,0.16129032258064516
"Juniper Networks, Inc.",267,43,1.0,0.3707865168539326,149365.0,False,False,0.16104868913857678
Zoox Inc.,652,105,0.9984662576687117,0.5766871165644172,171000.0,False,False,0.16104294478527606
"AvidXchange, Inc.",81,13,0.9876543209876543,0.43209876543209874,140000.0,False,False,0.16049382716049382
Hughes Network Systems LLC,187,30,0.9946524064171123,0.33689839572192515,119099.35,False,False,0.16042780748663102
Texas Instruments Incorporated,362,58,0.9972375690607734,0.48342541436464087,137711.06,False,False,0.16022099447513813
CGI Technologies and Solutions Inc.,1313,210,1.0,0.6207159177456207,115130.0,False,False,0.15993907083015993
"Databricks, Inc.",847,135,0.9988193624557261,0.6174734356552538,166962.0,False,False,0.15938606847697756
"ITC INFOTECH (USA), INC.",113,18,1.0,0.5663716814159292,99070.0,False,False,0.1592920353982301
Hilton Domestic Operating Company Inc.,88,14,1.0,0.09090909090909091,148703.0,False,False,0.1590909090909091
"INTRAEDGE, INC.",321,51,1.0,0.7289719626168224,106000.0,False,False,0.1588785046728972
"NC Health Affiliates, LLC",63,10,1.0,0.1746031746031746,127365.47,False,False,0.15873015873015872
VSION TECHNOLOGIES INC,101,16,1.0,0.3069306930693069,109412.8,False,False,0.15841584158415842
"Arcadis U.S., Inc.",203,32,0.9950738916256158,0.5812807881773399,97302.0,False,False,0.15763546798029557
Federal National Mortgage Association,70,11,1.0,0.21428571428571427,149000.0,False,False,0.15714285714285714
Pantar Solutions Inc,70,11,1.0,0.2857142857142857,115000.0,False,False,0.15714285714285714
Quantum Integrators Group LLC,83,13,1.0,0.6144578313253012,103925.0,False,False,0.1566265060240964
Avanade Inc.,96,15,1.0,0.28125,146000.0,False,False,0.15625
"Grid Dynamics Holdings, Inc.",64,10,1.0,0.609375,136000.0,False,False,0.15625
"COPART, INC",154,24,1.0,0.512987012987013,116737.83,False,False,0.15584415584415584
Total System Services LLC,122,19,1.0,0.13114754098360656,119099.5,False,False,0.1557377049180328
Eaton Corporation,239,37,1.0,0.7154811715481172,120000.0,False,False,0.15481171548117154
"Cloudera, Inc.",84,13,1.0,0.23809523809523808,186075.0,False,False,0.15476190476190477
Experian Information Solutions Inc.,149,23,1.0,0.35570469798657717,157145.37,False,False,0.15436241610738255
"Yash Technologies, Inc",169,26,1.0,0.5680473372781065,113000.0,False,False,0.15384615384615385
"Itron, Inc.",91,14,1.0,0.5604395604395604,117512.5,False,False,0.15384615384615385
Tencent America LLC,91,14,1.0,0.7472527472527473,165600.0,False,False,0.15384615384615385
"SEL Engineering Services, Inc.",98,15,1.0,0.4897959183673469,118184.0,False,False,0.15306122448979592
BEACONFIRE STAFFING SOLUTIONS INC.,242,37,1.0,0.8099173553719008,80995.2,False,False,0.15289256198347106
"Asurion, LLC",158,24,1.0,0.22151898734177214,156723.84,False,False,0.1518987341772152
Hector Systems Inc,66,10,1.0,0.7121212121212122,99091.0,False,False,0.15151515151515152
Mott MacDonald Group Inc.,66,10,1.0,0.696969696969697,96138.0,False,False,0.15151515151515152
SIRITEK INC,66,10,1.0,0.21212121212121213,105997.0,False,False,0.15151515151515152
"Cotiviti, Inc.",344,52,1.0,0.4273255813953488,118645.5,False,False,0.1511627906976744
"The Vanguard Group, Inc.",470,71,1.0,0.20425531914893616,147784.76,False,False,0.15106382978723404
Catalent Pharma Solutions,126,19,1.0,0.6984126984126984,100000.0,False,False,0.15079365079365079
"Arista Networks, Inc.",325,49,0.9969230769230769,0.4369230769230769,136011.0,False,False,0.15076923076923077
"Terracon Consultants, Inc.",133,20,1.0,0.6090225563909775,85500.0,False,False,0.15037593984962405
WSP USA Inc.,527,79,1.0,0.5692599620493358,100880.0,False,False,0.14990512333965844
"Genentech, Inc.",287,43,1.0,0.5226480836236934,138944.0,False,False,0.14982578397212543
Starbucks Coffee Company,314,47,1.0,0.2770700636942675,156998.4,False,False,0.14968152866242038
"Together Computer, Inc.",67,10,1.0,0.9104477611940298,211432.0,False,False,0.14925373134328357
"TORC Robotics, Inc.",168,25,1.0,0.6845238095238095,164600.0,False,False,0.1488095238095238
McDonald's Corporation,121,18,1.0,0.48760330578512395,161000.0,False,False,0.1487603305785124
Roblox Corporation,444,66,1.0,0.6418918918918919,257520.0,False,False,0.14864864864864866
"Applied Intuition, Inc.",229,34,1.0,0.8253275109170306,200000.0,False,False,0.14847161572052403
TSMC Arizona Corporation,270,40,1.0,0.8592592592592593,104000.0,False,False,0.14814814814814814
"Red Hat, Inc.",277,41,1.0,0.5234657039711191,137983.0,False,False,0.148014440433213
"Birlasoft Solutions, Inc.",196,29,1.0,0.3469387755102041,105227.0,False,False,0.14795918367346939
"ASTIR IT SOLUTIONS, INC",176,26,1.0,0.2784090909090909,97000.0,False,False,0.14772727272727273
Bayer Research and Development Services LLC,122,18,1.0,0.38524590163934425,128807.76,False,False,0.14754098360655737
WGU Corporation,95,14,1.0,0.6526315789473685,151610.0,False,False,0.14736842105263157
Microsoft Corporation,14461,2123,0.9999308484890395,0.31705967775395894,170440.0,False,False,0.14680865776917226
ATOS SYNTEL INC,430,63,1.0,0.24883720930232558,96657.59999999999,False,False,0.14651162790697675
MERRILL LYNCH,82,12,1.0,0.036585365853658534,152131.0,False,False,0.14634146341463414
"C3.ai, Inc.",171,25,1.0,0.6666666666666666,155000.0,False,False,0.14619883040935672
LEAR CORPORATION,69,10,1.0,0.463768115942029,118477.5,False,False,0.14492753623188406
Google LLC,16421,2377,0.998416661591864,0.6179282625905852,184000.0,False,False,0.1447536690822727
Bahwan Cybertek Inc.,76,11,1.0,0.5921052631578947,68000.0,False,False,0.14473684210526316
Narvee Tech Inc,76,11,1.0,0.8026315789473685,84094.0,False,False,0.14473684210526316
Sathram Corporation,83,12,1.0,0.27710843373493976,98405.0,False,False,0.14457831325301204
Synchrony Bank,139,20,1.0,0.28776978417266186,148500.0,False,False,0.14388489208633093
"Meta Platforms, Inc",11908,1706,0.999916022841787,0.5454316425932146,203350.0,False,False,0.14326503191132012
"Fiserv Solutions, LLC",727,104,0.9986244841815681,0.33012379642365886,136200.0,False,False,0.14305364511691884
Gainwell Technologies LLC,140,20,1.0,0.4357142857142857,105997.0,False,False,0.14285714285714285
Amarthy IT Solutions LLC,126,18,1.0,1.0,85384.0,False,False,0.14285714285714285
"CoStar Realty Information, Inc.",77,11,1.0,0.2597402597402597,172641.58,False,False,0.14285714285714285
"Kelly Services, Inc.",120,17,1.0,0.6166666666666667,110192.8,False,False,0.14166666666666666
Eli Lilly and Company,833,118,1.0,0.6074429771908764,132000.0,False,False,0.14165666266506602
Cruise LLC,113,16,1.0,0.22123893805309736,208250.0,False,False,0.1415929203539823
Unity Technologies SF,99,14,1.0,0.5050505050505051,164000.0,False,False,0.1414141414141414
Kelith Group Inc,92,13,1.0,0.5,89835.0,False,False,0.14130434782608695
DIGITAL DATUM INC,85,12,1.0,0.5529411764705883,106000.0,False,False,0.1411764705882353
"ModernaTX, Inc.",163,23,0.9815950920245399,0.4049079754601227,122325.0,False,False,0.1411042944785276
FACTORY MUTUAL INSURANCE COMPANY,78,11,1.0,0.1794871794871795,130790.0,False,False,0.14102564102564102
Northwestern Mutual Life Insurance Company,227,32,0.9955947136563876,0.19823788546255505,132907.5,False,False,0.14096916299559473
White & Case LLP,213,30,1.0,0.7417840375586855,235000.0,False,False,0.14084507042253522
"Rockwell Automation, Inc.",142,20,1.0,0.323943661971831,130192.23000000001,False,False,0.14084507042253522
"Micron Technology, Inc.",1038,146,1.0,0.5452793834296724,127020.0,False,False,0.14065510597302505
MAHAUGHA LLC,128,18,1.0,0.4140625,95493.0,False,False,0.140625
"Netflix, Inc.",676,95,1.0,0.6997041420118343,226158.0,False,False,0.14053254437869822
Birlasoft Inc,299,42,1.0,0.391304347826087,103418.0,False,False,0.14046822742474915
"TEKsystems Global Services, LLC",129,18,1.0,0.31007751937984496,133120.0,False,False,0.13953488372093023
INFOTECH PRISM LLC,86,12,1.0,0.47674418604651164,105227.0,False,False,0.13953488372093023
Symbotic LLC,115,16,1.0,0.5478260869565217,152065.5,False,False,0.1391304347826087
"Logging-in.com, LLC",108,15,1.0,0.9259259259259259,85000.0,False,False,0.1388888888888889
NEXUS IT INC,101,14,1.0,0.2079207920792079,99133.0,False,False,0.13861386138613863
"Nan, Inc.",101,14,1.0,0.7227722772277227,80000.0,False,False,0.13861386138613863
Tata Elxsi Limited,101,14,1.0,0.5247524752475248,92394.0,False,False,0.13861386138613863
SDH Systems LLC,130,18,1.0,0.5846153846153846,95472.0,False,False,0.13846153846153847
"Nutanix, Inc.",398,55,1.0,0.33668341708542715,181374.0,False,False,0.13819095477386933
NORTHWELL HEALTH,326,45,0.9938650306748467,0.588957055214724,97264.0,False,False,0.13803680981595093
"Early Warning Services, LLC",87,12,1.0,0.10344827586206896,141777.0,False,False,0.13793103448275862
"Akkodis, Inc.",247,34,1.0,0.7692307692307693,105227.20000000001,False,False,0.13765182186234817
"Ascendion, Inc. (Formerly known as Collabera, Inc.)",269,37,1.0,0.6728624535315985,122860.0,False,False,0.137546468401487
"BOEHRINGER INGELHEIM PHARMACEUTICALS, INC.",73,10,1.0,0.5205479452054794,148462.91999999998,False,False,0.136986301369863
"Krasan Consulting Services, Inc.",73,10,1.0,0.8356164383561644,82368.0,False,False,0.136986301369863
MANKIND AMERICA LLC,139,19,1.0,0.9640287769784173,85925.0,False,False,0.1366906474820144
"Arup US, Inc.",103,14,1.0,0.6310679611650486,116683.0,False,False,0.13592233009708737
PACCAR Inc,141,19,1.0,0.41843971631205673,105997.0,False,False,0.1347517730496454
"Raymond James & Associates, Inc.",193,26,1.0,0.3316062176165803,142000.0,False,False,0.13471502590673576
Epsilon Data Management LLC,208,28,1.0,0.23076923076923078,140200.0,False,False,0.1346153846153846
Equifax Inc.,387,52,0.9974160206718347,0.19121447028423771,126676.0,False,False,0.1343669250645995
"Infinite Computer Solutions, Inc.",1105,148,0.9990950226244344,0.7104072398190046,110799.04000000001,False,False,0.1339366515837104
"Zensar Technologies, Inc.",314,42,1.0,0.4681528662420382,110000.0,False,False,0.1337579617834395
"Workday, Inc.",599,80,0.998330550918197,0.328881469115192,155605.0,False,False,0.1335559265442404
CyberSource Corporation,210,28,1.0,0.29523809523809524,139589.0,False,False,0.13333333333333333
"4CONSULTING, INC",105,14,1.0,0.8857142857142857,85000.0,False,False,0.13333333333333333
"GFT Infrastructure, Inc.",90,12,1.0,0.6666666666666666,105498.0,False,False,0.13333333333333333
"INSPYR Solutions, LLC",90,12,1.0,0.8111111111111111,132849.6,False,False,0.13333333333333333
Su Escuela Language Academy LLC,90,12,1.0,0.45555555555555555,41000.0,False,False,0.13333333333333333
Archer Daniels Midland Company,197,26,1.0,0.43147208121827413,120000.0,False,False,0.1319796954314721
"NetApp, Inc.",326,43,1.0,0.4110429447852761,152560.0,False,False,0.13190184049079753
Whatnot Inc.,76,10,1.0,0.7368421052631579,211500.0,False,False,0.13157894736842105
Verizon Data Services LLC,443,58,0.9954853273137697,0.0744920993227991,155324.0,False,False,0.1309255079006772
"ZIFO TECHNOLOGIES, INC",199,26,1.0,0.3869346733668342,83500.0,False,False,0.1306532663316583
"Akamai Technologies, Inc.",391,51,1.0,0.289002557544757,153489.03,False,False,0.13043478260869565
"Zoom Communications, Inc.",407,53,0.9975429975429976,0.7248157248157249,165393.5,False,False,0.13022113022113022
"Blue Yonder, Inc.",154,20,0.9935064935064936,0.43506493506493504,124337.0,False,False,0.12987012987012986
"Pinterest, Inc.",655,85,1.0,0.616793893129771,163862.0,False,False,0.1297709923664122
"Kyyba, Inc.",131,17,1.0,0.6641221374045801,119995.2,False,False,0.1297709923664122
"Worldpay, LLC",201,26,1.0,0.21393034825870647,144108.6,False,False,0.12935323383084577
"Oracle America, Inc.",2061,266,0.9985443959243085,0.7384764677341097,144781.0,False,False,0.12906356137797187
Southwest Airlines Co.,163,21,1.0,0.05521472392638037,149781.0,False,False,0.12883435582822086
Cloud Data Systems Inc,78,10,1.0,0.6538461538461539,91062.0,False,False,0.1282051282051282
Coupang Global LLC,165,21,1.0,0.6242424242424243,190486.0,False,False,0.12727272727272726
Grainger Management LLC,79,10,1.0,0.4430379746835443,140000.0,False,False,0.12658227848101267
"Group Health, Inc.",79,10,1.0,0.2911392405063291,107224.0,False,False,0.12658227848101267
Galileo Financial Technologies,87,11,1.0,0.5287356321839081,190000.0,False,False,0.12643678160919541
HL Mando America Corporation,87,11,1.0,0.2413793103448276,113120.28,False,False,0.12643678160919541
"BLIZZARD ENTERTAINMENT, INC.",103,13,1.0,0.5339805825242718,139524.0,False,False,0.1262135922330097
The Prudential Insurance Company of America,238,30,1.0,0.5756302521008403,148400.0,False,False,0.12605042016806722
"Prodapt North America, Inc.",127,16,1.0,0.6220472440944882,94544.0,False,False,0.12598425196850394
"Rivian Automotive, LLC",1063,133,1.0,0.5070555032925682,151048.0,False,False,0.1251175917215428
GlobalLogic Inc.,600,75,1.0,0.62,112986.0,False,False,0.125
VMware LLC,224,28,1.0,0.36160714285714285,190486.0,False,False,0.125
cyberThink Inc,112,14,1.0,0.4017857142857143,90300.0,False,False,0.125
Wolters Kluwer United States Inc.,88,11,1.0,0.17045454545454544,142874.0,False,False,0.125
Schlumberger Technology Corporation,281,35,1.0,0.501779359430605,120050.06,False,False,0.12455516014234876
IBM Corporation,4104,511,1.0,0.3983918128654971,118102.0,False,False,0.12451267056530214
"Sandisk Technologies, Inc.",402,50,0.9975124378109452,0.7711442786069652,147848.0,False,False,0.12437810945273632
"NTT DATA Americas, Inc.",531,66,1.0,0.2711864406779661,116221.0,False,False,0.12429378531073447
"Charles Schwab & Company, Inc.",942,117,0.9957537154989384,0.2940552016985138,153158.25,False,False,0.12420382165605096
Harvey Nash Inc.,121,15,1.0,0.39669421487603307,110240.0,False,False,0.12396694214876033
Samsung,1138,141,0.9991212653778558,0.5096660808435852,156853.0,False,False,0.12390158172231985
"People Tech Group, Inc",842,104,1.0,0.9180522565320665,108098.0,False,False,0.12351543942992874
American Bankers Insurance Company of Florida,81,10,1.0,0.49382716049382713,121888.0,False,False,0.12345679012345678
Rocket Limited Partnership,284,35,1.0,0.9190140845070423,146475.0,False,False,0.12323943661971831
"CA, Inc.",122,15,1.0,0.6229508196721312,149781.0,False,False,0.12295081967213115
SNAP INC.,663,81,0.9969834087481146,0.6018099547511312,165610.0,False,False,0.12217194570135746
"Magna Electronics, Inc.",131,16,1.0,0.29770992366412213,113547.2,False,False,0.12213740458015267
"LexisNexis Risk Solutions, Inc.",230,28,0.991304347826087,0.3782608695652174,110088.0,False,False,0.12173913043478261
Mindlance Inc.,124,15,1.0,0.7983870967741935,134347.0,False,False,0.12096774193548387
U.S. Bank National Association,1290,156,0.9984496124031008,0.289922480620155,127878.0,False,False,0.12093023255813953
InterSystems Corporation,116,14,1.0,0.5862068965517241,117755.125,False,False,0.1206896551724138
"Foot Locker Corporate Services, Inc.",83,10,1.0,0.3373493975903614,137582.25,False,False,0.12048192771084337
"Hexaware Technologies, Inc.",1031,124,1.0,0.3734238603297769,103605.0,False,False,0.12027158098933075
"Artech, LLC",367,44,1.0,0.896457765667575,141440.0,False,False,0.11989100817438691
Jacobs Engineering Group Inc.,385,46,1.0,0.5974025974025974,95483.54000000001,False,False,0.11948051948051948
Yahoo Holdings Inc.,512,61,1.0,0.33203125,163550.0,False,False,0.119140625
"Farmers Group, Inc.",160,19,1.0,0.11875,143131.93,False,False,0.11875
"SAP America, Inc.",759,90,1.0,0.461133069828722,159257.5,False,False,0.11857707509881422
THE UNIVERSITY OF TEXAS RIO GRANDE VALLEY,194,23,1.0,0.6443298969072165,71000.0,False,False,0.11855670103092783
CORE TECH CONSTRUCTION CORPORATION,245,29,1.0,0.5551020408163265,60000.0,False,False,0.11836734693877551
"TECH MAHINDRA (AMERICAS), INC",1943,228,1.0,0.42563046834791557,105997.0,False,False,0.11734431291816778
"Klaviyo, Inc.",94,11,1.0,0.6063829787234043,150000.0,False,False,0.11702127659574468
"Analog Devices, Inc.",507,59,0.9980276134122288,0.45956607495069035,132323.765,False,False,0.11637080867850098
MSRCOSMOS LLC,129,15,1.0,0.5348837209302325,116300.0,False,False,0.11627906976744186
DVG TECH SOLUTIONS LLC.,86,10,1.0,0.3488372093023256,91582.40000000001,False,False,0.11627906976744186
"DENKEN SOLUTIONS, INC.",276,32,1.0,0.31521739130434784,108160.0,False,False,0.11594202898550725
"The MathWorks, Inc.",716,83,0.9986033519553073,0.24860335195530725,131082.0,False,False,0.11592178770949721
VISTALTECH INC,113,13,1.0,0.6194690265486725,89065.5,False,False,0.11504424778761062
Presbyterian Healthcare Services,174,20,1.0,0.40804597701149425,196234.4,False,False,0.11494252873563218
Corteva Agriscience LLC,87,10,1.0,0.5402298850574713,113950.5,False,False,0.11494252873563218
The Children's Hospital of Philadelphia,270,31,1.0,0.4962962962962963,70803.0,False,False,0.11481481481481481
Aetna Resources LLC,527,60,1.0,0.25996204933586337,143491.495,False,False,0.11385199240986717
"Emergtech Business Solutions, Inc",88,10,1.0,0.6363636363636364,84047.0,False,False,0.11363636363636363
"BAPTIST HEALTH SOUTH FLORIDA, INC.",97,11,1.0,0.6597938144329897,75952.0,False,False,0.1134020618556701
Zurich American Insurance Company,159,18,1.0,0.3584905660377358,134634.0,False,False,0.11320754716981132
The Jackson Laboratory,134,15,1.0,0.5223880597014925,86039.0,False,False,0.11194029850746269
"Infovision, Inc.",135,15,1.0,0.5851851851851851,115000.0,False,False,0.1111111111111111
COMTEC CONSULTANTS INC,108,12,1.0,0.4166666666666667,106000.0,False,False,0.1111111111111111
"Mercedes-Benz Research & Development North America, Inc.",90,10,0.9888888888888889,0.3111111111111111,154763.925,False,False,0.1111111111111111
PRN IT CORP,109,12,1.0,0.7522935779816514,95472.0,False,False,0.11009174311926606
"Janssen Research & Development, LLC",100,11,1.0,0.63,156900.0,False,False,0.11
"Indeed, Inc.",346,38,0.9971098265895953,0.1676300578034682,137259.0,False,False,0.10982658959537572
Altera Corporation,110,12,1.0,0.45454545454545453,148903.0,False,False,0.10909090909090909
"IBS SOFTWARE AMERICAS, INC. (f/k/a IBS Software Services Americas, Inc.)",92,10,1.0,0.5869565217391305,88150.0,False,False,0.10869565217391304
Xylo Consulting LLC,120,13,1.0,0.7,106750.0,False,False,0.10833333333333334
VIRTUSA CORPORATION,1243,133,1.0,0.4577634754625905,118360.0,False,False,0.10699919549477072
"HDR Engineering, Inc.",234,25,1.0,0.6452991452991453,94057.6,False,False,0.10683760683760683
UNIVERSITY OF MIAMI,337,36,1.0,0.5964391691394659,85300.0,False,False,0.10682492581602374
Laboratory Corporation of America Holdings,206,22,1.0,0.35436893203883496,118389.315,False,False,0.10679611650485436
JRI America Inc.,122,13,1.0,0.6311475409836066,155616.0,False,False,0.10655737704918032
"Skyworks Solutions, Inc.",236,25,1.0,0.690677966101695,132704.0,False,False,0.1059322033898305
Corewell Health,104,11,1.0,0.38461538461538464,89482.0,False,False,0.10576923076923077
"Duolingo, Inc.",142,15,1.0,0.647887323943662,170000.0,False,False,0.1056338028169014
FORD MOTOR COMPANY,1662,175,0.98676293622142,0.30806257521058966,131130.0,False,False,0.10529482551143202
SOPHLOGIC GLOBAL LLC.,133,14,1.0,0.8270676691729323,106080.0,False,False,0.10526315789473684
Administrators of the Tulane Educational Fund,219,23,1.0,0.589041095890411,79665.0,False,False,0.1050228310502283
ND Global Consulting Services Inc.,105,11,1.0,0.5714285714285714,88462.0,False,False,0.10476190476190476
Georgetown University,191,20,1.0,0.5916230366492147,80000.0,False,False,0.10471204188481675
"Eliassen Group, LLC",134,14,1.0,0.8582089552238806,135557.5,False,False,0.1044776119402985
"Western Digital Technologies, Inc.",412,43,1.0,0.8470873786407767,136552.0,False,False,0.10436893203883495
Career Soft Solutions Inc,115,12,1.0,0.26956521739130435,105710.0,False,False,0.10434782608695652
DOTCOM TEAM LLC,96,10,1.0,0.2604166666666667,100000.0,False,False,0.10416666666666667
"Clayco, Inc.",106,11,1.0,0.3584905660377358,105513.0,False,False,0.10377358490566038
Tinder LLC,106,11,1.0,0.5283018867924528,179000.0,False,False,0.10377358490566038
"GSK Solutions, Inc.",97,10,1.0,0.711340206185567,94009.0,False,False,0.10309278350515463
LanceSoft Inc.,98,10,1.0,0.8061224489795918,86882.0,False,False,0.10204081632653061
Datanormus LLC,108,11,1.0,0.6388888888888888,105228.5,False,False,0.10185185185185185
ASPIRE SYSTEMS DIGITAL TRANSFORMATION INC.,128,13,1.0,0.3984375,93974.0,False,False,0.1015625
Fidelity Investments,4954,502,0.9989907145740815,0.28603148970528863,122583.0,False,False,0.10133225676221236
TECHNOSOFT CORPORATION,168,17,1.0,0.5119047619047619,86320.0,False,False,0.10119047619047619
"Northstar Group, Inc",119,12,1.0,0.7310924369747899,109283.1,False,False,0.10084033613445378
"Axon Enterprise, Inc.",260,26,1.0,0.6961538461538461,152000.0,False,False,0.1
Educational Testing Service,110,11,0.990909090909091,0.11818181818181818,136323.0,False,False,0.1
REI Systems Inc.,110,11,1.0,0.10909090909090909,128093.87,False,False,0.1
"SRI Tech Solutions, Inc.",110,11,1.0,0.6818181818181818,83000.0,False,False,0.1
"Super Micro Computer, Inc.",100,10,1.0,0.65,128000.0,False,False,0.1
Capgemini,4484,446,1.0,0.3008474576271186,130000.0,False,False,0.09946476360392506
Tempus AI,121,12,1.0,0.5454545454545454,141900.0,False,False,0.09917355371900827
"Ana-Data Consulting, Inc.",122,12,1.0,0.2540983606557377,105997.0,False,False,0.09836065573770492
"i-Link Solutions, Inc.",133,13,1.0,0.48120300751879697,108160.0,False,False,0.09774436090225563
Northwestern Memorial HealthCare,123,12,1.0,0.3333333333333333,87360.0,False,False,0.0975609756097561
"Adventist Health System/Sunbelt, Inc.",257,25,1.0,0.4591439688715953,69712.46,False,False,0.09727626459143969
"NXP USA, Inc.",319,31,1.0,0.5078369905956113,149623.5,False,False,0.09717868338557993
Fred Hutchinson Cancer Center,155,15,1.0,0.36129032258064514,97369.63,False,False,0.0967741935483871
"American Family Mutual Insurance Company, S.I.",176,17,1.0,0.3693181818181818,138922.33000000002,False,False,0.09659090909090909
"Aurora Operations, Inc.",197,19,1.0,0.4517766497461929,162000.0,False,False,0.09644670050761421
Mphasis Corporation,2803,270,1.0,0.41027470567249374,118000.0,False,False,0.09632536567962897
SLK AMERICA INC,387,37,1.0,0.46770025839793283,94030.0,False,False,0.09560723514211886
Nokia of America Corporation,587,56,1.0,0.4514480408858603,145571.3,False,False,0.09540034071550256
New York Technology Partners Inc,105,10,1.0,0.37142857142857144,90100.0,False,False,0.09523809523809523
LPL Financial LLC,190,18,1.0,0.2631578947368421,159092.0,False,False,0.09473684210526316
Federal Home Loan Mortgage Corporation,264,25,1.0,0.3106060606060606,131165.0,False,False,0.0946969696969697
University of Utah,370,35,1.0,0.5459459459459459,90458.4,False,False,0.0945945945945946
Micron Idaho Semiconductor Manufacturing (Triton) LLC,106,10,1.0,0.9150943396226415,110000.0,False,False,0.09433962264150944
Icahn School of Medicine at Mount Sinai,509,48,1.0,0.5206286836935167,93600.0,False,False,0.09430255402750491
Synechron Inc.,914,86,1.0,0.387308533916849,114000.0,False,False,0.09409190371991247
Merck Sharp & Dohme LLC,288,27,1.0,0.5034722222222222,122800.0,False,False,0.09375
"ADP Technology Services, Inc.",749,70,0.9973297730307076,0.3417890520694259,127504.0,False,False,0.09345794392523364
"Fujitsu North America, Inc.",214,20,1.0,0.4719626168224299,112818.0,False,False,0.09345794392523364
"HubSpot, Inc.",291,27,1.0,0.5463917525773195,157600.0,False,False,0.09278350515463918
CORPORATE SOLUTIONS GENERAL INC,151,14,1.0,0.5695364238410596,98613.0,False,False,0.09271523178807947
"KPIT Technologies, Inc.",283,26,1.0,0.26148409893992935,110000.0,False,False,0.09187279151943463
L&T Technology Services Limited,1202,109,0.997504159733777,0.40266222961730447,93029.0,False,False,0.09068219633943428
"NTT DATA Services, LLC",232,21,1.0,0.1810344827586207,125876.0,False,False,0.09051724137931035
Intel Corporation,4533,406,0.99955879108758,0.500551511140525,128738.0,False,False,0.08956540922126627
"SYSTEM SOFT TECHNOLOGIES, LLC",324,29,1.0,0.404320987654321,106000.0,False,False,0.08950617283950617
AMERICAN IT SOLUTIONS INC.,123,11,1.0,0.5609756097560976,90448.79999999999,False,False,0.08943089430894309
"Yoh, A Day & Zimmermann Company",123,11,1.0,0.8455284552845529,140000.0,False,False,0.08943089430894309
"Insight Global, LLC",732,65,1.0,0.8538251366120219,116064.0,False,False,0.08879781420765027
Orpine Inc,147,13,1.0,0.2925170068027211,94650.5,False,False,0.08843537414965986
The University of Southern California,374,33,0.9973262032085561,0.5106951871657754,77630.0,False,False,0.08823529411764706
Veeva Systems Inc.,159,14,1.0,0.5786163522012578,135000.0,False,False,0.0880503144654088
"ANSYS, Inc.",183,16,0.9890710382513661,0.3770491803278688,122751.5,False,False,0.08743169398907104
The Kroger Company,126,11,1.0,0.25396825396825395,130940.25,False,False,0.0873015873015873
Broadcom Corporation,172,15,1.0,0.7383720930232558,173930.0,False,False,0.0872093023255814
"Ventois, Inc",197,17,1.0,0.350253807106599,112091.0,False,False,0.08629441624365482
"NobleSoft Solutions, Inc.",128,11,1.0,0.3515625,96033.6,False,False,0.0859375
"PYRAMID TECHNOLOGY SOLUTIONS, INC",128,11,1.0,0.34375,102357.0,False,False,0.0859375
"INFOSHARE SYSTEMS, INC.",140,12,1.0,0.4142857142857143,103210.0,False,False,0.08571428571428572
"Strategic Staffing Solutions, L.C.",187,16,1.0,0.7112299465240641,147680.0,False,False,0.0855614973262032
"Pyramid Consulting, Inc.",366,31,1.0,0.8961748633879781,113453.5,False,False,0.08469945355191257
"TAVANT TECHNOLOGIES, INC.",190,16,1.0,0.28421052631578947,127878.0,False,False,0.08421052631578947
The University of Texas at Arlington,119,10,1.0,0.5462184873949579,87627.31,False,False,0.08403361344537816
UNIVERSITY OF DELAWARE,119,10,1.0,0.5462184873949579,92269.0,False,False,0.08403361344537816
"SAP Labs, LLC",203,17,1.0,0.3399014778325123,160139.5,False,False,0.08374384236453201
"Arm, Inc.",552,46,1.0,0.697463768115942,154565.0,False,False,0.08333333333333333
"Experis US, LLC",318,26,0.9968553459119497,0.7924528301886793,124176.0,False,False,0.08176100628930817
Quest IT Solutions Inc,136,11,1.0,0.125,86923.0,False,False,0.08088235294117647
Dataquad Inc.,150,12,1.0,0.5666666666666667,100000.0,False,False,0.08
University of Georgia; OGE,138,11,1.0,0.5362318840579711,75000.0,False,False,0.07971014492753623
CVS Health,2387,190,0.9995810640971932,0.5136154168412232,140000.0,False,False,0.0795978215333054
The University of Chicago,566,45,1.0,0.6307420494699647,77501.0,False,False,0.07950530035335689
Cincinnati Children's Hospital Medical Center,266,21,1.0,0.6278195488721805,72259.2,False,False,0.07894736842105263
"V-Soft Consulting Group, INC",699,55,1.0,0.5908440629470673,96000.0,False,False,0.07868383404864092
The Depository Trust & Clearing Corporation,178,14,0.9943820224719101,0.29775280898876405,148000.0,False,False,0.07865168539325842
University of Colorado Denver,204,16,1.0,0.6470588235294118,68088.5,False,False,0.0784313725490196
Microchip Technology Inc.,282,22,1.0,0.5035460992907801,100000.0,False,False,0.07801418439716312
COGNIZANT TECHNOLOGY SOLUTIONS US CORP,16918,1318,1.0,0.15646057453599715,109886.0,False,False,0.0779051897387398
"Publix Super Markets, Inc.",129,10,1.0,0.2868217054263566,155012.0,False,False,0.07751937984496124
Cleveland Clinic,143,11,1.0,0.5174825174825175,229000.0,False,False,0.07692307692307693
"Rivian and Volkswagen Group Technologies, LLC",130,10,1.0,0.8923076923076924,160000.0,False,False,0.07692307692307693
Mass General Brigham Incorporated,144,11,1.0,0.5069444444444444,82500.0,False,False,0.0763888888888889
University of Illinois Chicago,289,22,1.0,0.5086505190311419,85344.56,False,False,0.07612456747404844
"Advanced Micro Devices, Inc.",1336,101,0.999251497005988,0.41691616766467066,149864.0,False,False,0.07559880239520958
"TECHPRO SOLUTIONS, INC.",146,11,1.0,0.684931506849315,86500.0,False,False,0.07534246575342465
TATA CONSULTANCY SERVICES LIMITED,10806,813,1.0,0.2362576346474181,85634.0,False,False,0.07523598001110494
HCA Management Services LP,267,20,0.9887640449438202,0.5093632958801498,116438.0,False,False,0.0749063670411985
"Perficient, Inc.",294,22,0.9965986394557823,0.2687074829931973,135370.5,False,False,0.07482993197278912
THE DEVEREUX FOUNDATION,349,26,1.0,0.08595988538681948,38605.0,False,False,0.07449856733524356
"INTELLECTT, INC.",523,38,1.0,0.4091778202676864,95680.0,False,False,0.07265774378585087
"Schweitzer Engineering Laboratories, Inc.",166,12,1.0,0.6746987951807228,110552.0,False,False,0.07228915662650602
"ICE MORTGAGE TECHNOLOGY, INC.",237,17,1.0,0.5569620253164557,128000.0,False,False,0.07172995780590717
Elite IT Technologies LLC,211,15,1.0,0.8767772511848341,104000.0,False,False,0.07109004739336493
Liberty Mutual Technology Group Inc.,155,11,1.0,0.2709677419354839,153587.0,False,False,0.07096774193548387
Temple University--A Commonwealth University,185,13,1.0,0.5351351351351351,70573.5,False,False,0.07027027027027027
Conflux Systems Inc,186,13,1.0,0.2956989247311828,97032.0,False,False,0.06989247311827956
ST. JUDE CHILDREN'S RESEARCH HOSPITAL,618,43,1.0,0.48058252427184467,78000.0,False,False,0.06957928802588997
"Lowe's Companies, Inc.",619,43,0.9983844911147012,0.09046849757673667,133536.0,False,False,0.06946688206785137
Virginia Polytechnic Institute & State University,391,27,0.9974424552429667,0.5933503836317136,81401.0,False,False,0.06905370843989769
University of South Florida,232,16,1.0,0.6637931034482759,81000.0,False,False,0.06896551724137931
Altimetrik Corp.,160,11,1.0,0.61875,123656.0,False,False,0.06875
"INNOVA SOLUTIONS, INC.",802,55,0.9975062344139651,0.6733167082294265,112985.6,False,False,0.0685785536159601
3i INFOTECH INC.,175,12,1.0,0.18285714285714286,89045.0,False,False,0.06857142857142857
"COMPUNNEL SOFTWARE GROUP, INC",4225,286,1.0,0.5988165680473373,109000.0,False,False,0.06769230769230769
"Alten Technology USA, Inc.",178,12,0.9887640449438202,0.7191011235955056,81515.2,False,False,0.06741573033707865
"University of California, Los Angeles",461,31,1.0,0.579175704989154,90100.0,False,False,0.06724511930585683
TRUSTEES OF BOSTON UNIVERSITY,268,18,1.0,0.4925373134328358,103996.0,False,False,0.06716417910447761
KASTECH SOLUTIONS LLC,151,10,1.0,0.4304635761589404,106000.0,False,False,0.06622516556291391
Stantec Consulting Services Inc.,258,17,1.0,0.5697674418604651,92456.0,False,False,0.06589147286821706
Arizona State University,382,25,1.0,0.5863874345549738,78838.0,False,False,0.06544502617801047
SIRIUS XM RADIO LLC,184,12,1.0,0.29347826086956524,138200.5,False,False,0.06521739130434782
Vanderbilt University Medical Center,155,10,1.0,0.5741935483870968,96127.5,False,False,0.06451612903225806
"Sapphire Software Solutions, Inc.",296,19,1.0,0.44256756756756754,106000.0,False,False,0.06418918918918919
Caterpillar Inc.,633,40,0.9984202211690363,0.2890995260663507,112611.0,False,False,0.0631911532385466
Cedars-Sinai Medical Center,208,13,1.0,0.5865384615384616,84042.0,False,False,0.0625
Northeastern University,228,14,1.0,0.5087719298245614,111515.04,False,False,0.06140350877192982
MediaTek USA Inc.,165,10,1.0,0.6363636363636364,151091.0,False,False,0.06060606060606061
Oregon State University,232,14,1.0,0.6336206896551724,70344.0,False,False,0.0603448275862069
Rockwell Collins Inc.,299,18,1.0,0.12709030100334448,108139.0,False,False,0.06020066889632107
General Motors,1410,84,0.997872340425532,0.41843971631205673,135340.0,False,False,0.059574468085106386
"Millennium Software, Inc.",168,10,1.0,0.7797619047619048,115003.2,False,False,0.05952380952380952
Waymo LLC,538,32,1.0,0.7211895910780669,204000.0,False,False,0.05947955390334572
"Goken America, LLC",169,10,1.0,0.6568047337278107,85883.2,False,False,0.05917159763313609
"Marvell Semiconductor, Inc.",510,30,0.9980392156862745,0.6705882352941176,152000.0,False,False,0.058823529411764705
"Tata Technologies, Inc.",206,12,1.0,0.5145631067961165,93769.5,False,False,0.05825242718446602
"Rivian and VW Group Technology, LLC",276,16,1.0,0.2971014492753623,190000.0,False,False,0.057971014492753624
ROBERT BOSCH LLC,226,13,1.0,0.3274336283185841,141278.01,False,False,0.05752212389380531
Kiewit Engineering Group Inc.,174,10,0.9885057471264368,0.5517241379310345,105291.16,False,False,0.05747126436781609
University of Michigan,1200,68,1.0,0.5,72000.0,False,False,0.056666666666666664
"Environmental Systems Research Institute, Inc.",230,13,1.0,0.48695652173913045,105102.4,False,False,0.05652173913043478
Latham & Watkins LLP,177,10,1.0,0.6384180790960452,260000.0,False,False,0.05649717514124294
"Richmond Children Center, Inc.",234,13,0.9914529914529915,0.3418803418803419,38604.799999999996,False,False,0.05555555555555555
Collabera LLC,254,14,1.0,0.84251968503937,141440.0,False,False,0.05511811023622047
Case Western Reserve University,182,10,1.0,0.510989010989011,68982.0,False,False,0.054945054945054944
"Xilinx, Inc.",347,19,0.9942363112391931,0.3919308357348703,172022.0,False,False,0.05475504322766571
University of Oklahoma,202,11,1.0,0.6138613861386139,72500.0,False,False,0.054455445544554455
EFICENS SYSTEMS INC,333,18,1.0,0.2552552552552553,86500.0,False,False,0.05405405405405406
New York University,260,14,1.0,0.6923076923076923,87550.0,False,False,0.05384615384615385
The University of Arizona,250,13,1.0,0.54,75543.0,False,False,0.052
"RELX, Inc.",426,22,1.0,0.47417840375586856,125000.0,False,False,0.051643192488262914
The Curators of the University of Missouri,390,20,1.0,0.6538461538461539,60000.0,False,False,0.05128205128205128
Memorial Sloan Kettering Cancer Center,432,22,1.0,0.5092592592592593,85000.0,False,False,0.05092592592592592
MONTEFIORE MEDICAL CENTER,336,17,1.0,0.5595238095238095,107592.81,False,False,0.050595238095238096
Government Employee Insurance Company (GEICO),791,38,0.9974715549936789,0.5145385587863464,158325.0,False,False,0.04804045512010114
"RANDSTAD DIGITAL, LLC",1464,70,1.0,0.7848360655737705,130000.0,False,False,0.04781420765027322
The Ohio State University,530,25,1.0,0.630188679245283,72862.0,False,False,0.04716981132075472
"Qualcomm Technologies, Inc.",2746,129,1.0,0.6547705753823744,133600.0,False,False,0.04697742170429716
Genesis Corp,235,11,1.0,0.9702127659574468,112985.6,False,False,0.04680851063829787
The University of Iowa,601,28,1.0,0.5440931780366056,84100.0,False,False,0.04658901830282862
Board of Regents of the University of Nebraska,346,16,1.0,0.5520231213872833,74450.0,False,False,0.046242774566473986
ASM AMERICA INC.,326,15,0.9969325153374233,0.7515337423312883,107026.5,False,False,0.046012269938650305
"Beth Israel Deaconess Medical Center, Inc.",240,11,1.0,0.5791666666666667,69722.0,False,False,0.04583333333333333
The Florida State University,240,11,1.0,0.5708333333333333,85000.0,False,False,0.04583333333333333
UNIVERSITY OF KENTUCKY,285,13,0.9964912280701754,0.6,89000.0,False,False,0.0456140350877193
Carnegie Mellon University,222,10,1.0,0.43243243243243246,87175.0,False,False,0.04504504504504504
Texas A&M University,527,23,1.0,0.6015180265654649,83150.0,False,False,0.04364326375711575
Weill Cornell Medical College,321,14,1.0,0.5825545171339563,80000.0,False,False,0.04361370716510903
"University of California, Berkeley",385,16,1.0,0.5558441558441558,89000.0,False,False,0.04155844155844156
MICHIGAN STATE UNIVERSITY,363,15,1.0,0.509641873278237,85090.0,False,False,0.04132231404958678
General Hospital Corporation,464,19,1.0,0.6142241379310345,73611.0,False,False,0.040948275862068964
North Carolina State University,319,13,0.9937304075235109,0.47962382445141066,77500.0,False,False,0.04075235109717868
"Mastech Digital Technologies, Inc.",547,22,1.0,1.0,105997.0,False,False,0.04021937842778794
The University of Virginia,424,17,1.0,0.5283018867924528,77685.4,False,False,0.04009433962264151
Indiana University,305,12,1.0,0.5770491803278689,80381.5,False,False,0.03934426229508197
UT Southwestern Medical Center,626,24,1.0,0.5862619808306709,69000.0,False,False,0.038338658146964855
Brigham and Women's Hospital,342,13,1.0,0.652046783625731,78000.0,False,False,0.038011695906432746
The University of Alabama at Birmingham,580,22,0.9982758620689656,0.5103448275862069,77917.0,False,False,0.03793103448275862
HTC GLOBAL SERVICES INC.,660,25,1.0,0.4,104010.5,False,False,0.03787878787878788
University of Illinois,451,17,1.0,0.614190687361419,77310.0,False,False,0.037694013303769404
The University of Texas M.D. Anderson Cancer Center,463,17,0.9956803455723542,0.593952483801296,79500.0,False,False,0.0367170626349892
Georgia Institute of Technology,273,10,1.0,0.6007326007326007,86821.0,False,False,0.03663003663003663
"The Leland Stanford, Jr University",839,30,1.0,0.5852205005959475,85384.0,False,False,0.03575685339690107
SATIN SOLUTIONS LLC,342,12,1.0,0.49707602339181284,98450.0,False,False,0.03508771929824561
Dana-Farber Cancer Institute,377,13,0.9946949602122016,0.6445623342175066,75999.99,False,False,0.034482758620689655
TRUSTEES OF THE UNIVERSITY OF PENNSYLVANIA,825,28,1.0,0.6036363636363636,80000.0,False,False,0.03393939393939394
Washington University,859,29,1.0,0.5855646100116414,70000.0,False,False,0.033760186263096625
Collaborate Solutions Inc.,302,10,1.0,0.18874172185430463,95680.0,False,False,0.033112582781456956
GP TECHNOLOGIES LLC,687,22,1.0,0.7409024745269287,95800.0,False,False,0.03202328966521106
Emory University,694,20,1.0,0.5086455331412104,75000.0,False,False,0.02881844380403458
MSR TECHNOLOGY GROUP LLC,527,15,1.0,0.18785578747628084,102190.0,False,False,0.028462998102466792
Massachusetts Institute of Technology,424,12,1.0,0.5825471698113207,78395.0,False,False,0.02830188679245283
University of Rochester,364,10,1.0,0.695054945054945,87131.2,False,False,0.027472527472527472
Duke University,446,12,1.0,0.42376681614349776,75254.0,False,False,0.026905829596412557
University of Pittsburgh,547,14,1.0,0.5594149908592322,70000.0,False,False,0.025594149908592323
The University of Texas at Austin,483,12,1.0,0.5942028985507246,87360.0,False,False,0.024844720496894408
Mayo Clinic,967,24,1.0,0.5336091003102379,81016.0,False,False,0.02481902792140641
The Trustees of Princeton University,467,11,1.0,0.7387580299785867,74800.0,False,False,0.023554603854389723
Capital One,2493,58,1.0,0.4388287204171681,149781.0,False,False,0.023265142398716406
University of Minnesota,526,12,0.9980988593155894,0.5475285171102662,72706.5,False,False,0.022813688212927757
Columbia University,668,14,1.0,0.6002994011976048,81370.0,False,False,0.020958083832335328
Johns Hopkins University,823,17,1.0,0.5759416767922235,74161.5,False,False,0.020656136087484813
UNIVERSITY OF FLORIDA,640,13,1.0,0.565625,97800.0,False,False,0.0203125
Northwestern University,593,12,1.0,0.521079258010118,71532.0,False,False,0.02023608768971332
Purdue University,577,10,1.0,0.5441941074523396,90000.0,False,False,0.01733102253032929
SKILLTUNE TECHNOLOGIES INC,829,11,1.0,0.5428226779252111,100630.0,False,False,0.013268998793727383
