EMPLOYER_NAME,total,mba_relevant,mba_share
"MANHATTAN ASSOCIATES, INC.",103,103,1.0
Moelis & Company Group LP,59,59,1.0
"A.T. Kearney, Inc.",48,48,1.0
"Standish Management US, LLC",42,42,1.0
"SCOTIA CAPITAL (USA), INC.",40,40,1.0
Inrika Inc,31,31,1.0
Newton Consulting Inc.,30,30,1.0
"Houlihan Lokey Financial Advisors, Inc.",26,26,1.0
Santander U.S. Capital Markets LLC,26,26,1.0
The Siegfried Group LLP,26,26,1.0
Mizuho Securities USA LLC,24,24,1.0
Evercore Partners Services East LLC,19,19,1.0
"BlackRock Institutional Trust Company, N.A.",18,18,1.0
Rothschild & Co US Inc.,18,18,1.0
CohnReznick Advisory LLC,17,17,1.0
Macias Gini & O'Connell LLP,17,17,1.0
EASY SURFACES CORPORATION,16,16,1.0
"ROCKY MOUNTAIN INSTITUTE, INC.",16,16,1.0
US Elogistics Service Corp,16,16,1.0
"Accenture Infrastructure & Capital Projects, LLC",15,15,1.0
"Alvarez & Marsal Tax, LLC",14,14,1.0
COMMONWEALTH BANK OF AUSTRALIA ,14,14,1.0
GOFO Inc,14,14,1.0
"Intel Americas, Inc. ",14,14,1.0
LEGO Construction Co.,14,14,1.0
"Priority Care Staffing, LLC",14,14,1.0
"The Smile Mission South Miami, PLLC",14,14,1.0
YQN TRANSPORT SERVICE LLC,14,14,1.0
"Arthur D. Little, LLC",13,13,1.0
Natixis New York Branch,13,13,1.0
PLAUD INC.,13,13,1.0
Royal Bank of Canada US,13,13,1.0
"Cartesian, Inc",12,12,1.0
Macquarie America Holdings Inc.,12,12,1.0
Stifel Financial Corp,12,12,1.0
The Carlyle Group Employee Co. LLC,12,12,1.0
WebBank,12,12,1.0
"Alvarez & Marsal Consumer and Retail Group, LLC",11,11,1.0
"Alvarez & Marsal Corporate Performance Improvement, LLC",11,11,1.0
"Anchin, Block and Anchin LLP",11,11,1.0
ELogisTek LLC,11,11,1.0
GALLEROS ROBINSON CPA's LLP,11,11,1.0
GMI Cloud US Inc.,11,11,1.0
KKR Credit Advisors (US) LLC,11,11,1.0
"Logistics Plus, Inc.",11,11,1.0
PWP Employer LP,11,11,1.0
TEMASEK INTERNATIONAL (USA) LLC,11,11,1.0
CBIZ MAG LLC,10,10,1.0
"FTI, LLC",10,10,1.0
G Ashley Inc,10,10,1.0
GLENCORE LTD.,10,10,1.0
I Squared Capital Advisors (US) LLC,10,10,1.0
Intellipro Group Inc,10,10,1.0
Los Angeles Organizing Committee for the Olympic and Paralympic Games 2028,10,10,1.0
MACE NORTH AMERICA LIMITED,10,10,1.0
"PROMETRICS LEGAL HUB, LLC",10,10,1.0
Roland Berger LP,10,10,1.0
Toscano Clements Taylor LLC,10,10,1.0
UBS Securities LLC,10,10,1.0
Warburg Pincus LLC,10,10,1.0
"Tiger Analytics, Inc.",174,172,0.9885057471264368
"Evercore Partners Services East, LLC",66,65,0.9848484848484849
PwC US Tax LLP,118,115,0.9745762711864406
CrossCountry Consulting LLC,34,33,0.9705882352941176
EVERCORE PARTNERS SERVICES EAST LLC,32,31,0.96875
PJT Partners Holdings LP,63,61,0.9682539682539683
Trenmor LLC,62,60,0.967741935483871
"BDO USA, P.C.",58,56,0.9655172413793104
"Wells Fargo Securities, LLC",28,27,0.9642857142857143
SQUAREPOINT SERVICES US LLC,53,51,0.9622641509433962
Macquarie Asset Management US Inc.,24,23,0.9583333333333334
Brookfield Asset Management LLC,22,21,0.9545454545454546
Morgan Stanley Fund Services Inc.,22,21,0.9545454545454546
"Connor Group, Inc.",21,20,0.9523809523809523
NextDecade LNG LLC,21,20,0.9523809523809523
"Deutsche Bank Securities, Inc.",125,119,0.952
Blue Matter Consulting LLC,19,18,0.9473684210526315
Mattel Sales Corp.,19,18,0.9473684210526315
Barclays Capital Inc. ,138,130,0.9420289855072463
"BOFA SECURITIES, INC.",257,242,0.9416342412451362
"RiskSpan, Inc.",17,16,0.9411764705882353
"Cumming Management Group, Inc.",67,63,0.9402985074626866
PwC US Business Advisory LLP,49,46,0.9387755102040817
Turner Construction Company ,80,75,0.9375
"IMC Americas, Inc.",32,30,0.9375
"Alvarez & Marsal Private Equity Performance Improvement Group, LLC",16,15,0.9375
Mace North America Ltd,16,15,0.9375
"Weaver and Tidwell, L.L.P.",16,15,0.9375
"AlixPartners, LLP",63,59,0.9365079365079365
Banco Santander S.A. New York Branch,15,14,0.9333333333333333
"SG Americas Securities, LLC",42,39,0.9285714285714286
"Radix Trading, LLC",28,26,0.9285714285714286
"Navillus Tile, Inc. ",14,13,0.9285714285714286
PRICEWATERHOUSECOOPERS LLP,14,13,0.9285714285714286
UBS SECURITIES LLC,80,74,0.925
"Nomura Securities International, Inc.",52,48,0.9230769230769231
Dhabawale LLC,13,12,0.9230769230769231
Morgan Stanley Bank N.A.,13,12,0.9230769230769231
Partners Group (USA) Inc.,13,12,0.9230769230769231
Citigroup Global Markets Inc.,127,117,0.9212598425196851
"Morgan Stanley & Co., LLC",235,216,0.9191489361702128
Deloitte Tax LLP,654,601,0.918960244648318
Brevan Howard US Investment Management LP,24,22,0.9166666666666666
Genius Minds LLC,12,11,0.9166666666666666
"GuruNanda, LLC.",12,11,0.9166666666666666
HSBC Securities (USA) Inc.,12,11,0.9166666666666666
IHS Global Inc.,12,11,0.9166666666666666
"Turner & Townsend, Inc.",78,71,0.9102564102564102
"BAIN & COMPANY, INC.",111,101,0.9099099099099099
Bernstein Institutional Services LLC,33,30,0.9090909090909091
Kohlberg Kravis Roberts & Co. L.P.,22,20,0.9090909090909091
"US Tiger Securities, Inc.",22,20,0.9090909090909091
Ares Operations LLC,11,10,0.9090909090909091
Capital Research and Management Company,11,10,0.9090909090909091
"DHL Express (USA), Inc.",11,10,0.9090909090909091
Deutsche Bank Trust Company Americas,11,10,0.9090909090909091
Greenwood MCN,11,10,0.9090909090909091
Simon Kucher & Partners Strategy & Marketing Consultants LLC,11,10,0.9090909090909091
TD Securities (USA) LLC,42,38,0.9047619047619048
Fidelity Management & Research Company LLC d/b/a Fidelity Investments,50,45,0.9
Standard Chartered Bank,30,27,0.9
Accordion Partners LLC,10,9,0.9
Albatross America Inc.,10,9,0.9
"Altman Solon US, LP",10,9,0.9
Armanino Advisory LLC,10,9,0.9
AustralianSuper US LLC,10,9,0.9
DAVIDSON KEMPNER CAPITAL MANAGEMENT LP,10,9,0.9
"Freyr,Inc.",10,9,0.9
Hisense USA Corporation,10,9,0.9
"ISPRING WATER SYSTEMS, LLC",10,9,0.9
Morgan Stanley Private Bank NA,10,9,0.9
"Oak Hill Advisors, LP",10,9,0.9
"Paraform, Inc.",10,9,0.9
Piper Sandler & Co.,10,9,0.9
"Relex Solutions, Inc.",10,9,0.9
"ST. JUDE MEDICAL S.C., INC.",10,9,0.9
Morgan Stanley Investment Management Inc.,28,25,0.8928571428571429
Accenture Infrastructure and Capital Projects LLC,27,24,0.8888888888888888
BNP Paribas,27,24,0.8888888888888888
PricewaterhouseCoopers LLP,98,87,0.8877551020408163
CITADEL AMERICAS SERVICES LLC,123,109,0.8861788617886179
"Baker Tilly Advisory Group, LP",17,15,0.8823529411764706
Macquarie Holdings (USA) Inc.,33,29,0.8787878787878788
"Mediterranean Shipping Company (USA), Inc.",16,14,0.875
Style Link Logistics LLC,16,14,0.875
"Universal Processing, LLC",16,14,0.875
RSM US LLP,86,75,0.872093023255814
CIBC Bank USA,39,34,0.8717948717948718
UNIUNI LOGISTICS INC.,62,54,0.8709677419354839
Grant Thornton Advisors LLC,108,94,0.8703703703703703
ADVENTIST HEALTH SYSTEM SUNBELT HEALTHCARE CORP.,23,20,0.8695652173913043
Weee! Inc.,23,20,0.8695652173913043
"Apollo Management Holdings, L.P.",60,52,0.8666666666666667
"Ares Operations, LLC",30,26,0.8666666666666667
Bank of Montreal,15,13,0.8666666666666667
"Strata Solar, LLC",15,13,0.8666666666666667
Strategic Advisers LLC d/b/a Fidelity Investments,15,13,0.8666666666666667
"TPG GLOBAL, LLC",15,13,0.8666666666666667
Transamerica Life Insurance Company,15,13,0.8666666666666667
SUMITOMO MITSUI BANKING CORPORATION,96,83,0.8645833333333334
BNP Paribas Securities Corp.,88,76,0.8636363636363636
"Bayview Asset Management, LLC",29,25,0.8620689655172413
"ZS Associates, Inc.",213,183,0.8591549295774648
"WIN.IT America, Inc.",21,18,0.8571428571428571
Cainiao Supply Chain U.S. Inc.,14,12,0.8571428571428571
Forvis Mazars LLP,14,12,0.8571428571428571
NETSTAR (US) INC.,14,12,0.8571428571428571
"Oliver Wyman, LLC",14,12,0.8571428571428571
GOFO Inc.,82,70,0.8536585365853658
"Pattern, Inc.",33,28,0.8484848484848485
Bank of China,26,22,0.8461538461538461
"Marketing Associates, LLC dba OneMagnify",13,11,0.8461538461538461
Transcend Solutions LLC,13,11,0.8461538461538461
Lazard Freres & Co. LLC,38,32,0.8421052631578947
"J.T. MAGEN & COMPANY, INC.",19,16,0.8421052631578947
"GroupM Worldwide, LLC",68,57,0.8382352941176471
"IQLogg, Inc.",37,31,0.8378378378378378
"MCKINSEY & COMPANY, INC. UNITED STATES",144,120,0.8333333333333334
FTI LLC,18,15,0.8333333333333334
AUSTRALIA AND NEW ZEALAND BANKING GROUP LIMITED,12,10,0.8333333333333334
CIBC World Markets Corp. ,12,10,0.8333333333333334
CRRC MA CORPORATION,12,10,0.8333333333333334
"NextEra Energy Marketing, LLC",12,10,0.8333333333333334
Santander US Capital Markets LLC,12,10,0.8333333333333334
South32 Hermosa Inc.,12,10,0.8333333333333334
"ING Financial Services, LLC",23,19,0.8260869565217391
"Crowe, LLP",85,70,0.8235294117647058
"DWS INVESTMENT MANAGEMENT AMERICAS, INC.",17,14,0.8235294117647058
"Cubist Systematic Strategies, LLC",50,41,0.82
Aurora Energy Research LLC,22,18,0.8181818181818182
"Folio Financial, Inc.",22,18,0.8181818181818182
"Trinity Partners, LLC",22,18,0.8181818181818182
"Essen Care Management, LLC",11,9,0.8181818181818182
KIDE INTERNATIONAL (THE STATES) LLC.,11,9,0.8181818181818182
"Miniso Depot CA, Inc.",11,9,0.8181818181818182
NIKE RETAIL SERVICES INC,11,9,0.8181818181818182
Q-Edge Corporation,11,9,0.8181818181818182
TRANSOCEAN RESOURCES MANAGEMENT INC,11,9,0.8181818181818182
TCW LLC,16,13,0.8125
"Boston Consulting Group, Inc.",671,543,0.8092399403874814
Admerasia Inc.,15,12,0.8
OMD USA LLC,15,12,0.8
BRIGHAM YOUNG UNIVERSITY,10,8,0.8
GLOBANT IT SERVICES CORP,10,8,0.8
"Kroll Bond Rating Agency, LLC",10,8,0.8
"Liberate Innovations, Inc.",10,8,0.8
Madison-Davis LLC,10,8,0.8
Monster Energy Company,10,8,0.8
UNIQUE DESIGNS INC,10,8,0.8
"BRIDGEWATER ASSOCIATES, LP",58,46,0.7931034482758621
CGG Services (U.S.) Inc. ,29,23,0.7931034482758621
"Point72 Asset Management, L.P.",62,49,0.7903225806451613
UBS Financial Services Inc.,19,15,0.7894736842105263
CIBC World Markets Corp.,14,11,0.7857142857142857
Mylan Inc.,14,11,0.7857142857142857
"Blackstone, Inc.",105,82,0.780952380952381
"Suffolk Construction Company, Inc.",27,21,0.7777777777777778
L.E.K. Consulting LLC,35,27,0.7714285714285715
"Chowbus, Inc.",13,10,0.7692307692307693
"Coastal Construction of Miami-Dade County, Inc.",13,10,0.7692307692307693
Emerson Electric Co.,13,10,0.7692307692307693
"MENUSIFU, INC.",13,10,0.7692307692307693
Marsh USA LLC,17,13,0.7647058823529411
Pacific Investment Management Company LLC,93,71,0.7634408602150538
SWIFTX INC,21,16,0.7619047619047619
Adroit Associates Inc,25,19,0.76
Barclays Bank Delaware ,29,22,0.7586206896551724
Verition Group LLC,33,25,0.7575757575757576
Macquarie Global Services (USA) LLC,41,31,0.7560975609756098
"Fifth Third Bank, National Association ",44,33,0.75
"Sundt Construction, Inc.",20,15,0.75
Dodge & Cox,16,12,0.75
FCI USA LLC,16,12,0.75
New Beginnings Creator Network Corp,16,12,0.75
"Carilion Services, Inc. ",12,9,0.75
"HANWHA Q CELLS AMERICA, INC.",12,9,0.75
Incode Technologies Inc.,12,9,0.75
Orsted North America Inc.,12,9,0.75
Yanwen Express LLC,12,9,0.75
"NextEra Energy Resources, LLC",63,47,0.746031746031746
RBC Capital Markets LLC,119,88,0.7394957983193278
"HSBC Bank USA, N.A",23,17,0.7391304347826086
Carnival Corporation Ltd.,19,14,0.7368421052631579
"BlackRock Investment Management, LLC",49,36,0.7346938775510204
AbbVie US LLC,15,11,0.7333333333333333
Akuna Investment Operations LLC,15,11,0.7333333333333333
"Centiva Capital, LP",15,11,0.7333333333333333
"TPG Global, LLC",15,11,0.7333333333333333
"Yipit, LLC",15,11,0.7333333333333333
Morgan Stanley Smith Barney LLC,41,30,0.7317073170731707
"INDEGENE, INC",22,16,0.7272727272727273
"Gate Gourmet, Inc. ",11,8,0.7272727272727273
"INFOSYS PUBLIC SERVICES, INC.",11,8,0.7272727272727273
JSM CONSULTING INC,11,8,0.7272727272727273
Jain Global LLC,11,8,0.7272727272727273
"Mercuria Energy America, LLC",11,8,0.7272727272727273
N Space LLC,11,8,0.7272727272727273
Ecolab USA Inc.,18,13,0.7222222222222222
Tower Research Capital LLC,43,31,0.7209302325581395
"Genentech USA, Inc.",25,18,0.72
KPMG LLP,285,205,0.7192982456140351
THE BANK OF NOVA SCOTIA,46,33,0.717391304347826
"NB Ventures, Inc. ",21,15,0.7142857142857143
CSCS LLC,14,10,0.7142857142857143
"Clune Construction Company, LP",14,10,0.7142857142857143
"Nasdaq, Inc.",14,10,0.7142857142857143
"SimCorp USA, Inc.",14,10,0.7142857142857143
Tekion Corp,14,10,0.7142857142857143
GOLDMAN SACHS & CO. LLC,1101,782,0.7102633969118983
Deloitte & Touche LLP,778,551,0.7082262210796915
Edgile LLC,17,12,0.7058823529411765
LATENTVIEW ANALYTICS CORPORATION,17,12,0.7058823529411765
"SE2, LLC",17,12,0.7058823529411765
"McKinsey & Company, Inc. United States",311,219,0.7041800643086816
Deutsche Bank New York Branch,20,14,0.7
AlphaSights Inc.,10,7,0.7
BMO Capital Markets Corp.,10,7,0.7
"EBIN New York, Inc.",10,7,0.7
"Gestamp Chattanooga, LLC",10,7,0.7
"Icertis, Inc.",10,7,0.7
Oasys Technologies Inc,10,7,0.7
"Richemont North America, Inc.",10,7,0.7
"Sedgwick Claims Management Services, Inc.",10,7,0.7
"Smart Energy Systems, Inc.",10,7,0.7
"viaPhoton, Inc.",10,7,0.7
"AQR Capital Management, LLC",39,27,0.6923076923076923
"OM Partners USA, Inc.",39,27,0.6923076923076923
Epson America Inc,13,9,0.6923076923076923
"Olam Americas, LLC",13,9,0.6923076923076923
"William Blair & Company, LLC",13,9,0.6923076923076923
Faraday & Future Inc.,16,11,0.6875
UBS Asset Management (Americas) LLC,16,11,0.6875
"PCE Paragon Solutions USA, Inc.",19,13,0.6842105263157895
PCI Energy Solutions,19,13,0.6842105263157895
VIRGINIA TRANSFORMER CORP. (VTCR),19,13,0.6842105263157895
"Home Depot USA, Inc.",41,28,0.6829268292682927
"Cox Automotive Corporate Services, LLC",72,49,0.6805555555555556
"Avant, LLC",25,17,0.68
Jefferies LLC,126,85,0.6746031746031746
PricewaterhouseCoopers Advisory Services LLC,629,420,0.6677265500794912
"Balyasny Asset Management, L.P.",96,64,0.6666666666666666
Virtu Financial Operating LLC,30,20,0.6666666666666666
"LNW Gaming, Inc.",27,18,0.6666666666666666
Levi Strauss & Co.,24,16,0.6666666666666666
"Odoo, Inc.",24,16,0.6666666666666666
"Nissan North America, Inc.",21,14,0.6666666666666666
STV Construction Inc.,21,14,0.6666666666666666
BRIDGE INVESTMENT GROUP LLC,18,12,0.6666666666666666
Crown Equipment Corporation,15,10,0.6666666666666666
Genzyme Corporation,15,10,0.6666666666666666
"GuarantR, Inc. d/b/a TheGuarantors",15,10,0.6666666666666666
Interlake Mecalux Inc.,15,10,0.6666666666666666
"FairSquare, Inc.",12,8,0.6666666666666666
Jeffersonville PVcells Corporation,12,8,0.6666666666666666
"Scopely, Inc.",12,8,0.6666666666666666
Smart Solutions CPA Inc,12,8,0.6666666666666666
VLink Inc.,12,8,0.6666666666666666
Stryder Corporation,32,21,0.65625
Neuberger Berman Group LLC,29,19,0.6551724137931034
"MSCI, INC.",55,36,0.6545454545454545
Mercor.io Corporation,49,32,0.6530612244897959
"WHITE COLLAR TECHNOLOGIES, INC",23,15,0.6521739130434783
CITADEL SECURITIES AMERICAS SERVICES LLC,149,97,0.6510067114093959
Freshworks Inc. ,20,13,0.65
"Mattel HQ, Inc.",34,22,0.6470588235294118
Finovax Technologies Inc.,17,11,0.6470588235294118
"NB Ventures, Inc.",28,18,0.6428571428571429
"BDT Capital Partners, LLC",14,9,0.6428571428571429
"Beyond Finance, LLC",14,9,0.6428571428571429
California Capital Insurance Company,14,9,0.6428571428571429
"Iron Mountain Information Management, LLC",14,9,0.6428571428571429
Kenvue Brands LLC,14,9,0.6428571428571429
"S.C. Johnson & Son, Inc.",14,9,0.6428571428571429
"Stout Risius Ross, LLC",25,16,0.64
"AES Clean Energy Services, LLC",11,7,0.6363636363636364
"ASTRABRIGHT ANALYTICS & KNOWLEDGE ALLIANCE, INC.",11,7,0.6363636363636364
Cyera US Inc.,11,7,0.6363636363636364
"IPG Health, LLC",11,7,0.6363636363636364
"Intuitive Surgical, Inc.",11,7,0.6363636363636364
"Janus Henderson Investors US, LLC",11,7,0.6363636363636364
"LandisGyr Technology, Inc.",11,7,0.6363636363636364
"Nuveen Services, LLC",11,7,0.6363636363636364
PRICEWATERHOUSECOOPERS ADVISORY SERVICES LLC,126,80,0.6349206349206349
Deloitte Transactions and Business Analytics LLP,38,24,0.631578947368421
APIC US INC.,19,12,0.631578947368421
"AUTOMATION ANYWHERE, INC.",19,12,0.631578947368421
"Flagstar Bank, NA",19,12,0.631578947368421
RBC Capital Markets LLC ,19,12,0.631578947368421
IQVIA Inc.,146,92,0.6301369863013698
American Express National Bank,24,15,0.625
Mondelez Global LLC,16,10,0.625
Luxottica of America Inc.,26,16,0.6153846153846154
Ambit RD Inc,13,8,0.6153846153846154
"Arrowstreet Capital, Limited Partnership",13,8,0.6153846153846154
Envogue International LLC,13,8,0.6153846153846154
"Graham Capital Management, L.P.",13,8,0.6153846153846154
"Intellinum, Inc.",13,8,0.6153846153846154
Neutron Holdings Inc. ,13,8,0.6153846153846154
ProcDNA Inc.,13,8,0.6153846153846154
"Welltower, Inc. ",13,8,0.6153846153846154
"Arevon Energy, Inc.",18,11,0.6111111111111112
Gilbane Building Company,18,11,0.6111111111111112
Epickx Inc,41,25,0.6097560975609756
"United HealthCare Services, Inc.",41,25,0.6097560975609756
"JUMP OPERATIONS, LLC",66,40,0.6060606060606061
FactSet Research Systems Inc.,30,18,0.6
"Bristlecone, Inc.",20,12,0.6
"Rent-a-Center Texas, LP",20,12,0.6
BNP PARIBAS SECURITIES CORP.,15,9,0.6
CCI Corporate Services LLC,15,9,0.6
"Phenom People, Inc.",15,9,0.6
"VIA TRANSPORTATION, INC.",15,9,0.6
"Willmeng Construction, Inc.",15,9,0.6
"6Sense Insights, Inc.",10,6,0.6
FRESH DIRECT LLC,10,6,0.6
"Lucid Group USA, Inc.",10,6,0.6
"ST. JUDE MEDICAL BUSINESS SERVICES, INC.",10,6,0.6
Trident Seafoods Corporation,10,6,0.6
"SG Americas Operational Services, LLC",47,28,0.5957446808510638
Guidehouse Inc.,22,13,0.5909090909090909
Marketech International Corporation USA,22,13,0.5909090909090909
StoneX Group Inc.,22,13,0.5909090909090909
Wellington Management Company LLP,22,13,0.5909090909090909
"Yardi Systems, Inc.",22,13,0.5909090909090909
GOLDMAN SACHS BANK USA,322,190,0.5900621118012422
Tredence Inc. ,107,63,0.5887850467289719
DELL MARKETING L.P.,51,30,0.5882352941176471
"Remitly, Inc.",34,20,0.5882352941176471
Attain Finance LLC,17,10,0.5882352941176471
Henkel Corporation,17,10,0.5882352941176471
"Persona Identities, Inc.",17,10,0.5882352941176471
"AT&T MOBILITY SERVICES, LLC",12,7,0.5833333333333334
"DataDirect Networks, Inc.",12,7,0.5833333333333334
Doss Inc.,12,7,0.5833333333333334
"Hatch Associates Consultants, Inc.",12,7,0.5833333333333334
INTELLIPRO SERVICE INC. ,12,7,0.5833333333333334
"Mohawk Industries, Inc.",12,7,0.5833333333333334
"Red Bull North America, Inc.",12,7,0.5833333333333334
"S&P OpCo, LLC",12,7,0.5833333333333334
Stark America Inc,12,7,0.5833333333333334
Swiss Re America Holding Corporation,19,11,0.5789473684210527
"Vistra Retail Operations Company, LLC",19,11,0.5789473684210527
BNP Paribas RCC Inc.,26,15,0.5769230769230769
Frontier Airlines,26,15,0.5769230769230769
Mastercard International Incorporated,87,50,0.5747126436781609
American Express Company,94,54,0.574468085106383
"D. E. Shaw & Co., L.P.",61,35,0.5737704918032787
"Commure, Inc.",42,24,0.5714285714285714
"Jones Lang LaSalle Americas, Inc.",35,20,0.5714285714285714
Fidelity Investments Institutional Operations Company d/b/a Fidelity Investments,28,16,0.5714285714285714
Exzac,21,12,0.5714285714285714
Caliber Holdings LLC,14,8,0.5714285714285714
"Heidelberg Materials US, Inc.",14,8,0.5714285714285714
NCL (Bahamas) Ltd.,14,8,0.5714285714285714
Pella Corporation,14,8,0.5714285714285714
WESTPAC BANKING CORPORATION,14,8,0.5714285714285714
"Exel, Inc. ",44,25,0.5681818181818182
"AllianceBernstein, L.P.",30,17,0.5666666666666667
Amazon Advertising LLC,129,73,0.5658914728682171
AMAZON.COM SERVICES LLC,244,138,0.5655737704918032
Deel US LLC,46,26,0.5652173913043478
Schonfeld Strategic Advisors LLC,23,13,0.5652173913043478
United Rentals Inc. ,23,13,0.5652173913043478
Harness Inc.,32,18,0.5625
Align Technology Inc,16,9,0.5625
Global Lending Services LLC,16,9,0.5625
Newmont International Services Limited,16,9,0.5625
Pillpack LLC,16,9,0.5625
SOFTWARE ENTERPRISE LLC,16,9,0.5625
Sigma-Aldrich Corporation,16,9,0.5625
Ernst & Young U.S. LLP,5494,3086,0.5617036767382599
Global Atlantic Financial Company,25,14,0.56
"Anaplan, Inc.",27,15,0.5555555555555556
National Financial Services LLC d/b/a Fidelity Investments,27,15,0.5555555555555556
Eastman Chemical Company,18,10,0.5555555555555556
Man Investments USA Holdings Inc,18,10,0.5555555555555556
"Suki AI, Inc.",18,10,0.5555555555555556
TT Commerce & Global Services LLC,1390,772,0.5553956834532374
"Johnson & Johnson Services, Inc.",49,27,0.5510204081632653
"BlackRock Corporation US, Inc.",20,11,0.55
IM PRO MAKEUP NY LP,20,11,0.55
"Novo Nordisk, Inc.",20,11,0.55
"GOLDMAN SACHS WEALTH SERVICES, L.P.",51,28,0.5490196078431373
"Niagara Bottling, LLC",88,48,0.5454545454545454
"CALIFORNIA CREATIVE SOLUTIONS, INC.",55,30,0.5454545454545454
"Alkermes, Inc. ",22,12,0.5454545454545454
"Fitch Ratings, Inc.",22,12,0.5454545454545454
Nexturn Inc,22,12,0.5454545454545454
AGILETECH SOLUTIONS INC,11,6,0.5454545454545454
Alfa Laval Inc.,11,6,0.5454545454545454
"BlackRock Financial Management, Inc. ",11,6,0.5454545454545454
Blink Health Group LLC,11,6,0.5454545454545454
Cummins Filtration Inc.,11,6,0.5454545454545454
Dynasticx LLC,11,6,0.5454545454545454
Federal-Mogul Powertrain LLC,11,6,0.5454545454545454
Franklin Templeton Companies LLC,11,6,0.5454545454545454
"General Catalyst Enterprises, Inc.",11,6,0.5454545454545454
Global GP LLC,11,6,0.5454545454545454
LAN Cargo S.A.,11,6,0.5454545454545454
Maganti IT Resources LLC,11,6,0.5454545454545454
"SCI Shared Resources, LLC",11,6,0.5454545454545454
"SVTronics, Inc.",11,6,0.5454545454545454
Wise US Inc.,11,6,0.5454545454545454
Optiver Services US LLC,39,21,0.5384615384615384
Arch Capital Services LLC,13,7,0.5384615384615384
"BAIN CAPITAL, LP",13,7,0.5384615384615384
"Cypress Creek Renewables, LLC",13,7,0.5384615384615384
DATASYS CONSULTING AND SOFTWARE INC,13,7,0.5384615384615384
"Global Applications, LLC",13,7,0.5384615384615384
"ICONIQ Capital, LLC",13,7,0.5384615384615384
INDUSTRIAL CONNECTIONS & SOLUTIONS LLC (AN ABB COMPANY),13,7,0.5384615384615384
"Ivalua, Inc.",13,7,0.5384615384615384
"Jinko Solar (U.S.) Industries, Inc.",13,7,0.5384615384615384
Rio Tinto Services Inc.,13,7,0.5384615384615384
"Seatrium LeTourneau USA, Inc.",13,7,0.5384615384615384
"Siemens Healthcare Diagnostics, Inc.",13,7,0.5384615384615384
"a16z Capital Management, L.L.C.",13,7,0.5384615384615384
"Invesco Group Services, Inc.",41,22,0.5365853658536586
KeyBank National Association,28,15,0.5357142857142857
NOVARTIS PHARMACEUTICALS CORPORATION,71,38,0.5352112676056338
Pacific Gas and Electric Company ,30,16,0.5333333333333333
"WestRock Services, LLC",30,16,0.5333333333333333
"Argano, LLC",15,8,0.5333333333333333
Bankers Healthcare Group LLC,15,8,0.5333333333333333
Deckers Outdoor Corporation,15,8,0.5333333333333333
Linde Inc.,15,8,0.5333333333333333
"SciPlay Games, LLC",15,8,0.5333333333333333
Traba Inc.,15,8,0.5333333333333333
"Team Belvedere, LLC",34,18,0.5294117647058824
ARi Holdings LLC,17,9,0.5294117647058824
Veolia North America LLC,17,9,0.5294117647058824
GALAXY DIGITAL SERVICES LLC,19,10,0.5263157894736842
Verizon Corporate Resources Group LLC,19,10,0.5263157894736842
"Zendesk, Inc.",40,21,0.525
eClinicalWorks LLC,103,54,0.5242718446601942
"SPi Global US, Inc.",21,11,0.5238095238095238
"American Credit Acceptance, LLC",25,13,0.52
Lenovo Global Technology (United States) Inc,25,13,0.52
THE CAPITAL MARKETS COMPANY,27,14,0.5185185185185185
M. A. Mortenson Company,31,16,0.5161290322580645
LatentView Analytics Corporation,70,36,0.5142857142857142
"SMBC Capital Markets, Inc.",35,18,0.5142857142857142
"InvaGen Pharmaceuticals, Inc.",37,19,0.5135135135135135
"Circana, LLC",43,22,0.5116279069767442
"Asta CRS, Inc.",51,26,0.5098039215686274
Open Avenues Foundation,165,84,0.509090909090909
"Deloitte Touche Tohmatsu Services, LLC",59,30,0.5084745762711864
"Fluor Enterprises, Inc.",40,20,0.5
MH Sub I LLC,38,19,0.5
GURU CONSULTING SERVICES LLC,36,18,0.5
S&P Global Inc. ,32,16,0.5
Florida Power & Light Company,28,14,0.5
PwC US Group LLP,28,14,0.5
"Decagon AI, Inc.",26,13,0.5
Fanatics Retail Group Fulfillment LLC,26,13,0.5
"Cricut, Inc.",22,11,0.5
DIMENSIONAL FUND ADVISORS LP,22,11,0.5
Grey Orange Incorporated,22,11,0.5
Atmus Filtration Inc.,20,10,0.5
Computek Solutions Inc.,20,10,0.5
"ICU Medical, Inc. ",20,10,0.5
"PA Consulting Group, Inc.",20,10,0.5
Brex Inc.,18,9,0.5
AllianceBernstein L.P.,16,8,0.5
Alstom Transport USA Inc.,16,8,0.5
"Bechtel Manufacturing & Technology, Inc.",16,8,0.5
Cognowiz LLC,16,8,0.5
Pitney Bowes Inc.,16,8,0.5
"Eversana Life Science Services, LLC",14,7,0.5
Freedom Mortgage Corporation,14,7,0.5
HOUNEN SOLAR AMERICA INC.,14,7,0.5
My Life Registry LLC,14,7,0.5
NewRez LLC,14,7,0.5
Zion Cloud Solutions LLC,14,7,0.5
"Avis Budget Car Rental, LLC",12,6,0.5
Denago EV Corporation,12,6,0.5
"Eigen X, LLC",12,6,0.5
Goosehead Insurance Agency LLC,12,6,0.5
INFOSYS BPM LIMITED,12,6,0.5
"PC Connection, Inc.",12,6,0.5
Sony Music Entertainment,12,6,0.5
"Uktha Global, Inc.",12,6,0.5
"Volkswagen Group of America, Inc.",12,6,0.5
Alibaba.com US E-commerce Corporation,10,5,0.5
Anchor Labs Inc,10,5,0.5
"Arch Labs, Inc.",10,5,0.5
"Axium Packaging, LLC",10,5,0.5
California Physician's Service,10,5,0.5
Farm Credit Bank of Texas,10,5,0.5
G-INFOTECH INC,10,5,0.5
HARMAN CONNECTED SERVICES INC,10,5,0.5
"HIRANI ENGINEERING & LAND SURVEYING, P.C.",10,5,0.5
IMC Capital Investment LLC,10,5,0.5
"Integration Appliance, Inc. (DBA Intapp, Inc.)",10,5,0.5
International Investing Group Inc,10,5,0.5
MICRO1 INC.,10,5,0.5
Midwest Global Solutions LLC,10,5,0.5
"NHS US, LLC",10,5,0.5
Nova Biomedical,10,5,0.5
"PECO Energy, An Exelon Company",10,5,0.5
Plymouth Rock Assurance Corporation,10,5,0.5
"Radial, Inc.",10,5,0.5
Shree Meldi Krupa LLC,10,5,0.5
Tek Dallas Inc,10,5,0.5
"The Children's Place Services Company, LLC",10,5,0.5
The Scotts Company LLC,10,5,0.5
"Veza Technologies, Inc.",10,5,0.5
"Chime Financial, Inc.",93,46,0.4946236559139785
 Axtria INC,87,43,0.4942528735632184
"SIEMENS ENERGY, INC.",87,43,0.4942528735632184
"Moody's Investors Service, Inc.",98,48,0.4897959183673469
"BlackRock Financial Management, Inc.",343,167,0.4868804664723032
"eHealthInsurance Services, Inc.",33,16,0.48484848484848486
Intuit Inc.,606,293,0.4834983498349835
Bhrigus Inc.,29,14,0.4827586206896552
Bayer U.S. LLC,27,13,0.48148148148148145
"HiLabs, Inc",27,13,0.48148148148148145
Mesabi Metallics Company LLC,25,12,0.48
ABB Inc.,92,44,0.4782608695652174
"Clearwater Analytics, LLC",46,22,0.4782608695652174
"Saama Technologies, LLC",23,11,0.4782608695652174
Trimble Inc.,23,11,0.4782608695652174
DoubleVerify Inc.,21,10,0.47619047619047616
Heidi Health Corp.,21,10,0.47619047619047616
"Huron Consulting Services, LLC",21,10,0.47619047619047616
PharmaACE LLC,21,10,0.47619047619047616
The Lane Construction Corporation,21,10,0.47619047619047616
Workato Inc.,21,10,0.47619047619047616
"Wyze Labs, Inc.",21,10,0.47619047619047616
"Alcon Vision, LLC",19,9,0.47368421052631576
"DATSON360, LLC",19,9,0.47368421052631576
Venture Global LNG Inc.,19,9,0.47368421052631576
"Biogen, Inc.",55,26,0.4727272727272727
Mesquite Modules Corporation,36,17,0.4722222222222222
PwC US Consulting LLP,89,42,0.47191011235955055
Home Depot Management Company LLC,172,81,0.47093023255813954
"Abnormal AI, Inc.",17,8,0.47058823529411764
"Amadeus North America, Inc.",17,8,0.47058823529411764
Bridgenext Digital Engineering Inc.,17,8,0.47058823529411764
Clay Labs Inc.,17,8,0.47058823529411764
E&I Engineering USA Corporation,17,8,0.47058823529411764
Trendset IT Inc.,17,8,0.47058823529411764
"CTC Trading Group, LLC",32,15,0.46875
SEER SOLUTIONS INC,32,15,0.46875
APEXUS TECH LLC,15,7,0.4666666666666667
"Afterpay US, Inc.",15,7,0.4666666666666667
"Atlas Securitized Products Partners, L.P.",15,7,0.4666666666666667
Avery Dennison Corporation,15,7,0.4666666666666667
"Meter, Inc.",15,7,0.4666666666666667
"Optym, Inc.",15,7,0.4666666666666667
"Six Continents Hotels, Inc. (InterContinental Hotels Group)",15,7,0.4666666666666667
Sungrow USA Corporation,15,7,0.4666666666666667
TIFFANY & CO.,15,7,0.4666666666666667
"Akuna Capital, LLC",43,20,0.46511627906976744
Mizuho Americas Services LLC,41,19,0.4634146341463415
"Siemens Industry, Inc.",78,36,0.46153846153846156
"BeOne Medicines USA, Inc.",26,12,0.46153846153846156
East West Bank,26,12,0.46153846153846156
"Allegis Group, Inc.",13,6,0.46153846153846156
"Checkr, Inc.",13,6,0.46153846153846156
"Chobani, LLC",13,6,0.46153846153846156
"Cooper Square Technologies, Inc.",13,6,0.46153846153846156
EMC Corporation,13,6,0.46153846153846156
"Model N, Inc",13,6,0.46153846153846156
Sallie Mae Bank,13,6,0.46153846153846156
"Snap Finance, LLC.",13,6,0.46153846153846156
"Svanaco, Inc.",13,6,0.46153846153846156
Tudor Investment Corporation ,13,6,0.46153846153846156
"CareSource Management Services, LLC",50,23,0.46
ASARCO LLC,24,11,0.4583333333333333
"Takeda Pharmaceuticals USA, Inc.",24,11,0.4583333333333333
Circle K Stores Inc. ,35,16,0.45714285714285713
Bechtel Energy Inc.,57,26,0.45614035087719296
Flexon Technologies Inc,44,20,0.45454545454545453
GREENSKY MANAGEMENT COMPANY LLC,22,10,0.45454545454545453
Saks & Company LLC,22,10,0.45454545454545453
Walleye Capital LLC,22,10,0.45454545454545453
AlphaSense Inc.,11,5,0.45454545454545453
Amica Mutual Insurance Company,11,5,0.45454545454545453
"Base Power, Inc.",11,5,0.45454545454545453
"Five Below, Inc.",11,5,0.45454545454545453
"IFS North America, Inc",11,5,0.45454545454545453
"Kore.ai, Inc. ",11,5,0.45454545454545453
"Light & Wonder, Inc.",11,5,0.45454545454545453
"Mellanox Technologies, Inc.",11,5,0.45454545454545453
"Otsuka Pharmaceutical Development & Commercialization, Inc.",11,5,0.45454545454545453
PRICELINE.COM LLC,11,5,0.45454545454545453
Philips Ultrasound LLC,11,5,0.45454545454545453
"STUBHUB, INC.",11,5,0.45454545454545453
Sanhua International Inc.,11,5,0.45454545454545453
"Santander Holdings USA, Inc.",11,5,0.45454545454545453
"Sidecat, LLC  (DC)",11,5,0.45454545454545453
Upwork Services LLC,11,5,0.45454545454545453
WIPRO CONNECTED SERVICES INC,11,5,0.45454545454545453
TE Connectivity Corporation,108,49,0.4537037037037037
"Siemens Mobility, Inc.",64,29,0.453125
Visa U.S.A. Inc.,296,134,0.4527027027027027
"o9 Solutions, Inc. ",42,19,0.4523809523809524
"Midland Credit Management, Inc",31,14,0.45161290322580644
"NextEra Energy Project Management, LLC",31,14,0.45161290322580644
"DPR Construction, A General Partnership",82,37,0.45121951219512196
"AIG PC Global Services, Inc.",40,18,0.45
"Cornerstone OnDemand, Inc.",20,9,0.45
Flowserve US Company,20,9,0.45
"PEPSICO, INC.",20,9,0.45
STARK PHARMA SOLUTIONS INC.,20,9,0.45
"Tyson Foods, Inc.",29,13,0.4482758620689655
"Compass Group USA, Inc.",45,20,0.4444444444444444
"ZoomInfo Technologies, LLC",27,12,0.4444444444444444
MICROLAND LIMITED,18,8,0.4444444444444444
"SMBC Nikko Securities America, Inc.",18,8,0.4444444444444444
"ExlService.com, LLC",313,138,0.44089456869009586
Rivian LLC,25,11,0.44
Uber Freight US LLC,25,11,0.44
Lenovo (United States) Inc,66,29,0.4393939393939394
HSBC Technology & Services (USA) Inc.,41,18,0.43902439024390244
"Braze, Inc.",16,7,0.4375
"GRAIL, Inc.",16,7,0.4375
"Prime Healthcare Management, Inc",16,7,0.4375
VIAC SERVICES COMPANY,16,7,0.4375
Neurealm Inc,23,10,0.43478260869565216
DELL PRODUCTS L.P.,113,49,0.4336283185840708
Adyen N.V.,30,13,0.43333333333333335
"Attentive Mobile, Inc.",30,13,0.43333333333333335
"Guardant Health, Inc.",30,13,0.43333333333333335
"Temenos USA, Inc.",30,13,0.43333333333333335
"Harman Becker Automotive Systems, Inc.",37,16,0.43243243243243246
Keystone Strategy LLC,37,16,0.43243243243243246
Jabil Inc.,51,22,0.43137254901960786
"Sensata Technologies, Inc.",35,15,0.42857142857142855
Circle Internet Management Services LLC,28,12,0.42857142857142855
ATLANTICUS SERVICES CORPORATION,21,9,0.42857142857142855
BMO Bank N.A.,21,9,0.42857142857142855
Illinois Tool Works Inc.,21,9,0.42857142857142855
PMG Worldwide LLC,21,9,0.42857142857142855
SAILPOINT TECHNOLOGIES INC.,21,9,0.42857142857142855
"BMC HELIX, INC.",14,6,0.42857142857142855
"Definitive Healthcare, LLC",14,6,0.42857142857142855
"FEV North America, Inc. ",14,6,0.42857142857142855
Invisible Technologies Inc. ,14,6,0.42857142857142855
"Ipsos MMA, Inc.",14,6,0.42857142857142855
"NODAL EXCHANGE, LLC",14,6,0.42857142857142855
"North American Lighting, Inc.",14,6,0.42857142857142855
Purpose Financial LLC,14,6,0.42857142857142855
"QXO, Inc.",14,6,0.42857142857142855
Sonoco Products Company,14,6,0.42857142857142855
United Parcel Service General Services Co.,14,6,0.42857142857142855
Conga Corporation,52,22,0.4230769230769231
Infinity Tech Group Inc.,26,11,0.4230769230769231
Kohler Co.,26,11,0.4230769230769231
Philips North America LLC,26,11,0.4230769230769231
"AUS Merchant Services, Inc.",19,8,0.42105263157894735
"Carvana, LLC",19,8,0.42105263157894735
"Enphase Energy, Inc.",19,8,0.42105263157894735
"GoFundMe, Inc.",19,8,0.42105263157894735
Masimo Corporation,19,8,0.42105263157894735
"Sunbelt Rentals, Inc.",19,8,0.42105263157894735
"Varian Medical Systems, Inc.",69,29,0.42028985507246375
"TD Bank, National Association ",50,21,0.42
"World Wide Technology Holding Company, LLC",50,21,0.42
"Gilead Sciences, Inc.",131,55,0.4198473282442748
"Home Depot Management Company, LLC",48,20,0.4166666666666667
"Alexion Pharmaceuticals, Inc.",36,15,0.4166666666666667
"Airwallex US, LLC",24,10,0.4166666666666667
"BLEND360, LLC",24,10,0.4166666666666667
"Aktra, Inc.",12,5,0.4166666666666667
"Bio-Med Services, Inc.",12,5,0.4166666666666667
Brex LLC,12,5,0.4166666666666667
"Cargill, Incorporated",12,5,0.4166666666666667
"Commonwealth Edison, An Exelon Company",12,5,0.4166666666666667
Constellation Energy Generation LLC,12,5,0.4166666666666667
"Discovery Communications, LLC",12,5,0.4166666666666667
Eastern Contractors Corporation,12,5,0.4166666666666667
Elicc Americas Corporation,12,5,0.4166666666666667
Geisinger System Services,12,5,0.4166666666666667
"Gruve Tech, Inc.",12,5,0.4166666666666667
"Imprint Payments, Inc.",12,5,0.4166666666666667
"Infoblox, Inc",12,5,0.4166666666666667
"LG Energy Solution Arizona, Inc.",12,5,0.4166666666666667
"LeanTaaS, Inc.",12,5,0.4166666666666667
MMB GLOBAL TECH LLC,12,5,0.4166666666666667
"Mevion Medical Systems, Inc.",12,5,0.4166666666666667
"Peak Energy Technologies, Inc.",12,5,0.4166666666666667
"QUANTUM TECHNOLOGIES, INC.",12,5,0.4166666666666667
R1 RCM Holdco Inc.,12,5,0.4166666666666667
SILVERXIS INC,12,5,0.4166666666666667
"Wabtec Railway Electronics, Inc.",12,5,0.4166666666666667
JPMorgan Chase & Co.,2788,1160,0.41606886657101866
FMR LLC d/b/a Fidelity Investments,65,27,0.4153846153846154
"Okta, Inc. ",94,39,0.4148936170212766
"The PNC Financial Services Group, Inc.",70,29,0.4142857142857143
UL LLC,29,12,0.41379310344827586
"American Airlines, Inc.",352,145,0.4119318181818182
PTC Inc.,34,14,0.4117647058823529
APPLE PAYMENTS SERVICES LLC,17,7,0.4117647058823529
"Governmentjobs.com, Inc.",17,7,0.4117647058823529
Grocery Delivery E-Services USA Inc.,17,7,0.4117647058823529
Intergraph Corporation,17,7,0.4117647058823529
"Jazz Pharmaceuticals, Inc.",17,7,0.4117647058823529
ROYAL CARIBBEAN CRUISES LTD.,17,7,0.4117647058823529
eSolutionsFirst LLC,17,7,0.4117647058823529
TransUnion LLC,88,36,0.4090909090909091
"Private National Mortgage Acceptance Company, LLC",22,9,0.4090909090909091
"Faire Wholesale, Inc.",27,11,0.4074074074074074
"Academy, LTD",37,15,0.40540540540540543
Americold Logistics LLC,42,17,0.40476190476190477
DREAM Venture Labs Inc.,42,17,0.40476190476190477
Honeywell International Inc.,136,55,0.40441176470588236
"Danfoss, LLC",35,14,0.4
Delta Electronics (Americas) Ltd.,25,10,0.4
"ExodusPoint Capital Management, LP",20,8,0.4
InnovAccer Inc.,20,8,0.4
"Analytic Partners, LP",15,6,0.4
"Credo Semiconductor, Inc.",15,6,0.4
"FMC Technologies, Inc. ",15,6,0.4
GROKSYS LLC,15,6,0.4
"JINKO SOLAR (U.S.) INDUSTRIES, INC.",15,6,0.4
PANDA FEST LLC,15,6,0.4
"Skechers USA, Inc.",15,6,0.4
Veradigm LLC,15,6,0.4
ADIENT US LLC,10,4,0.4
"Ampirical Solutions, LLC",10,4,0.4
"CITRIX SYSTEMS, INC.",10,4,0.4
"Cardone Ventures, LLC",10,4,0.4
"Cribl, Inc.",10,4,0.4
DELTA ELECTRONICS (USA) INC.,10,4,0.4
Danfoss Power Solutions (US) Company,10,4,0.4
"Datavant, LLC",10,4,0.4
"Flexible Finance, Inc.",10,4,0.4
"GitHub, Inc.",10,4,0.4
Glowin Technology Inc,10,4,0.4
HNI Corporation,10,4,0.4
"Insperity Services, L.P.",10,4,0.4
"MGM Resorts International Operations, Inc.",10,4,0.4
"MS INTERNATIONAL, INC.",10,4,0.4
Macrosoft Inc.,10,4,0.4
NEXTEER AUTOMOTIVE CORPORATION,10,4,0.4
"Owens Corning Corporate Services, LLC",10,4,0.4
SIDRAM TECHNOLOGIES LLC,10,4,0.4
SRI SOFTWARE SOLUTIONS LLC,10,4,0.4
"SWIFT BEEF COMPANY, A JBS USA SUBSIDIARY",10,4,0.4
Saint-Gobain Performance Plastics Corporation,10,4,0.4
Stark Associates LLC,10,4,0.4
"Thales DIS USA, Inc.",10,4,0.4
"The Nielsen Company (US), LLC",10,4,0.4
Genpact LLC,163,65,0.3987730061349693
"Citibank, N.A.",1118,442,0.3953488372093023
Applied Medical Resources Corporation,28,11,0.39285714285714285
ELC Beauty LLC,28,11,0.39285714285714285
Fidelity Workplace Investing LLC d/b/a Fidelity Investments,46,18,0.391304347826087
"BlackLine Systems, Inc.",23,9,0.391304347826087
MPG Operations LLC,213,83,0.38967136150234744
Whirlpool Corporation,54,21,0.3888888888888889
"ABC Supply NSC, LLC",18,7,0.3888888888888889
Dynatrace LLC,18,7,0.3888888888888889
Kraft Foods Group Brands LLC,18,7,0.3888888888888889
UNUM Group,18,7,0.3888888888888889
"Woodside Energy USA Services, Inc.",18,7,0.3888888888888889
Dell USA L.P.,139,54,0.38848920863309355
Capital Group Companies Global,39,15,0.38461538461538464
"Aristocrat Technologies, Inc.",26,10,0.38461538461538464
Selective Insurance Company of America,26,10,0.38461538461538464
Alstom Transportation Inc.,13,5,0.38461538461538464
Brightspeed Management LLC,13,5,0.38461538461538464
"Clarios, LLC ",13,5,0.38461538461538464
"Finzly, Inc. (fka SwapsTech Inc.)",13,5,0.38461538461538464
GameChange Solar Corp.,13,5,0.38461538461538464
"HANWHA Q CELLS GEORGIA, INC.",13,5,0.38461538461538464
"Hinge, Inc.",13,5,0.38461538461538464
KANSHE INFOTECH INC,13,5,0.38461538461538464
Modine Manufacturing Company,13,5,0.38461538461538464
Onix Networking Corp.,13,5,0.38461538461538464
R.R. Donnelley & Sons Company,13,5,0.38461538461538464
RNBW Holdings LLC,13,5,0.38461538461538464
Sutter Health,13,5,0.38461538461538464
"Watershed Technology, Inc.",13,5,0.38461538461538464
"West Pharmaceutical Services, Inc.",13,5,0.38461538461538464
"PERSISTENT SYSTEMS, INC.",183,70,0.3825136612021858
 Yelp Inc.,34,13,0.38235294117647056
Logitech Inc.,34,13,0.38235294117647056
AUGMENTED REALITY TECHNOLOGIES LLC,55,21,0.38181818181818183
"American Express Travel Related Services Company, Inc.",399,152,0.38095238095238093
7TH Sky Technologies LLC,21,8,0.38095238095238093
"CSC Holdings, LLC",21,8,0.38095238095238093
"Driscoll's, Inc.",21,8,0.38095238095238093
"Gartner, Inc. ",21,8,0.38095238095238093
MOTOROLA MOBILITY LLC,21,8,0.38095238095238093
"MUFG Bank, Ltd.",71,27,0.38028169014084506
"Bio-Rad Laboratories, Inc.",29,11,0.3793103448275862
" Flextronics International USA, Inc.",37,14,0.3783783783783784
AppLovin Corporation ,37,14,0.3783783783783784
"Arrow Electronics, Inc.",37,14,0.3783783783783784
Ally Bank,53,20,0.37735849056603776
CITADEL ENTERPRISE AMERICAS SERVICES LLC,64,24,0.375
Nextpower LLC,32,12,0.375
"Regeneron Genetics Center, LLC",32,12,0.375
"Advita Ortho, LLC",24,9,0.375
"Worley Group, Inc.",24,9,0.375
"Ashley Furniture Industries, LLC",16,6,0.375
"Circle Internet Financial, LLC",16,6,0.375
"Ebates Performance Marketing, Inc.",16,6,0.375
"Fastly, Inc. ",16,6,0.375
Globant IT Services Corp.,16,6,0.375
"Hyundai AutoEver America, LLC",16,6,0.375
"Munich Reinsurance America, Inc.",16,6,0.375
"Republic Services, Inc.",16,6,0.375
"Span.IO, Inc.",16,6,0.375
Verkada Inc.,16,6,0.375
"Versant Media, LLC",16,6,0.375
IP HEIGHTS LLC,99,37,0.37373737373737376
Siemens Corporation,59,22,0.3728813559322034
"Credit One Bank, N.A.",57,21,0.3684210526315789
Ralph Lauren Corporation,38,14,0.3684210526315789
SCALIAN CORPORATION,19,7,0.3684210526315789
"Tapestry, Inc.",19,7,0.3684210526315789
iManage LLC,19,7,0.3684210526315789
Ingram Micro Inc.,79,29,0.3670886075949367
"ICF Resources, LLC",30,11,0.36666666666666664
"Navan, Inc.",30,11,0.36666666666666664
AMERISOURCEBERGEN SERVICES CORPORATION,41,15,0.36585365853658536
Elise A.I. Technologies Corp.,55,20,0.36363636363636365
"Sephora USA, Inc",33,12,0.36363636363636365
"Upgrade, Inc.",33,12,0.36363636363636365
JOHN WILEY & SONS INC.,22,8,0.36363636363636365
Lincoln National Corporation,22,8,0.36363636363636365
"Prosper Marketplace, Inc.",22,8,0.36363636363636365
AtkinsRéalis USA Inc.,11,4,0.36363636363636365
"BOEHRINGER INGELHEIM ANIMAL HEALTH USA, INC.",11,4,0.36363636363636365
CS Sunshine Holdings Inc.,11,4,0.36363636363636365
Coalition Inc.,11,4,0.36363636363636365
Colby College,11,4,0.36363636363636365
CoxHealth,11,4,0.36363636363636365
"Dr Pepper Seven Up, Inc.",11,4,0.36363636363636365
Gentherm Incorporated,11,4,0.36363636363636365
"Gratiture Solutions, LLC.",11,4,0.36363636363636365
"ICE DATA ANALYTICS, LLC",11,4,0.36363636363636365
Instalily Inc,11,4,0.36363636363636365
LTM Limited Ltd.,11,4,0.36363636363636365
MAHARISHI INTERNATIONAL UNIVERSITY,11,4,0.36363636363636365
National Instruments Corporation,11,4,0.36363636363636365
Resource Innovations Inc.,11,4,0.36363636363636365
Rillavoice Inc,11,4,0.36363636363636365
SSQUARESSOFT LLC,11,4,0.36363636363636365
Scott & White Health Plan,11,4,0.36363636363636365
"Sila Nanotechnologies, Inc.",11,4,0.36363636363636365
Sony Pictures Entertainment Inc.,11,4,0.36363636363636365
"Success in Cloud, Inc",11,4,0.36363636363636365
"Sun Life Financial (U.S.) Services Company, Inc.",11,4,0.36363636363636365
Tetra Pak Inc. ,11,4,0.36363636363636365
"Wisdom AI, Inc.",11,4,0.36363636363636365
"Moody's Analytics, Inc.",152,55,0.3618421052631579
Samsara Inc.,47,17,0.3617021276595745
"Gilead Sciences, Inc",36,13,0.3611111111111111
Dell Products L.P.,25,9,0.36
"GoodLeap, LLC",25,9,0.36
"Inspire Resources, LLC",25,9,0.36
Turing Enterprises Inc.,25,9,0.36
Sysintelli Inc.,67,24,0.3582089552238806
"Semiconductor Components Industries, LLC",98,35,0.35714285714285715
"Prime Healthcare Management, Inc.",42,15,0.35714285714285715
"AUTOMANN, INC.",14,5,0.35714285714285715
"Airbus Americas, Inc.",14,5,0.35714285714285715
"Arthrex, Inc.",14,5,0.35714285714285715
"Corpay Technologies Operating Company, LLC",14,5,0.35714285714285715
"Ensono, Inc.",14,5,0.35714285714285715
"Hinge Health, Inc.",14,5,0.35714285714285715
ITW Food Equipment Group LLC,14,5,0.35714285714285715
"Integrity, LLC",14,5,0.35714285714285715
Lasai Technologies LLC,14,5,0.35714285714285715
MIZ TECH SOLUTIONS LLC,14,5,0.35714285714285715
Rite Software Solutions & Services LLC,14,5,0.35714285714285715
"TRINITY PARTNERS, LLC",14,5,0.35714285714285715
Team-Soft LLC,14,5,0.35714285714285715
"JOHNSON CONTROLS, INC.",45,16,0.35555555555555557
Bayer CropScience LLC,31,11,0.3548387096774194
"Halliburton Energy Services, Inc.",31,11,0.3548387096774194
JUNIPER SQUARE INC.,31,11,0.3548387096774194
AtkinsRealis USA Inc.,34,12,0.35294117647058826
Blue Cross Blue Shield of Michigan,34,12,0.35294117647058826
Parexel International LLC,34,12,0.35294117647058826
Equitable Financial Life Insurance Company,17,6,0.35294117647058826
"Hims, Inc.",17,6,0.35294117647058826
International Paper,17,6,0.35294117647058826
"Iterable, Inc.",17,6,0.35294117647058826
"Marelli North America, Inc.",17,6,0.35294117647058826
"Morningstar, Inc.",17,6,0.35294117647058826
"Perplexity AI, Inc.",17,6,0.35294117647058826
"PubMatic, Inc.",17,6,0.35294117647058826
First Citizens Bank and Trust Co.,227,80,0.3524229074889868
"Staples, Inc.",105,37,0.3523809523809524
The Options Clearing Corporation,111,39,0.35135135135135137
"Ameriprise Financial, Inc. ",40,14,0.35
"Motorola Solutions, Inc. ",20,7,0.35
PACIFIC LIFE INSURANCE COMPANY,20,7,0.35
"Schaeffler Transmission Systems, LLC",20,7,0.35
Tools for Humanity Corporation,20,7,0.35
"Welspun Pipes, Inc.",20,7,0.35
"Jane Street Group, LLC",63,22,0.3492063492063492
Rokt US Corp.,63,22,0.3492063492063492
LOCAL INITIATIVE HEALTH AUTHORITY FOR LOS ANGELES COUNTY,23,8,0.34782608695652173
"Meritor Heavy Vehicle Systems, LLC",23,8,0.34782608695652173
Molson Coors Beverage Company USA LLC,23,8,0.34782608695652173
GOLDMAN SACHS SERVICES LLC,578,201,0.3477508650519031
UBS Business Solutions US LLC,259,90,0.3474903474903475
" Box, Inc.",72,25,0.3472222222222222
SharkNinja Operating LLC,49,17,0.3469387755102041
HCL AMERICA INC,1376,477,0.34665697674418605
" NATIONAL GRID USA SERVICE COMPANY, INC.",26,9,0.34615384615384615
"Entegris, Inc. ",26,9,0.34615384615384615
UST HEALTHPROOF INC.,26,9,0.34615384615384615
Dollar General Corporation,29,10,0.3448275862068966
BANK OF AMERICA N.A.,441,152,0.34467120181405897
New York Life Insurance Company,90,31,0.34444444444444444
"Scale AI, Inc.",96,33,0.34375
"T. Rowe Price Associates, Inc. ",35,12,0.34285714285714286
"Uber Technologies, Inc.",692,237,0.342485549132948
"Autodesk, Inc.",193,66,0.34196891191709844
DB USA Core Corporation,123,42,0.34146341463414637
"SIEMENS INDUSTRY, INC.",44,15,0.3409090909090909
Maplebear Inc.,135,46,0.34074074074074073
ByteDance Inc.,300,102,0.34
Renesas Electronics America Inc. ,56,19,0.3392857142857143
"CRA International, Inc.",65,22,0.3384615384615385
"Chewy, Inc.",145,49,0.33793103448275863
HP Inc.,187,63,0.33689839572192515
State Street Bank and Trust Company,260,87,0.3346153846153846
Amazon.com Services LLC,13686,4565,0.33355253543767355
"Nomura Holding America, Inc.  ",72,24,0.3333333333333333
BILL Operations LLC,60,20,0.3333333333333333
"Fox Cable Network Services, LLC",33,11,0.3333333333333333
"StubHub, Inc.",30,10,0.3333333333333333
The Hertz Corporation,30,10,0.3333333333333333
"Continental Tire The Americas, LLC",27,9,0.3333333333333333
"Exelixis, Inc.",27,9,0.3333333333333333
City of Philadelphia,24,8,0.3333333333333333
"Consumerinfo.com, Inc. ",24,8,0.3333333333333333
"AMERICAN HONDA MOTOR CO., INC.",21,7,0.3333333333333333
I BRAIN SOLUTIONS LLC,21,7,0.3333333333333333
"Motive Technologies, Inc.",21,7,0.3333333333333333
ONEUS Technologies LLC,21,7,0.3333333333333333
"OneH2, Inc.",21,7,0.3333333333333333
SAR TECH LLC,21,7,0.3333333333333333
"Urban Outfitters, Inc.",21,7,0.3333333333333333
"Valon Technologies, Inc.",21,7,0.3333333333333333
Atlantis Intelligence US Inc,18,6,0.3333333333333333
"GLOBAL IT INVESTORS, INC.",18,6,0.3333333333333333
HRT Research LLC,18,6,0.3333333333333333
"SquareTrade, Inc. ",18,6,0.3333333333333333
"Trinamix, Inc.",18,6,0.3333333333333333
AESC US LLC,15,5,0.3333333333333333
"Advanced Energy Industries, Inc.",15,5,0.3333333333333333
Aetna Medicaid Administrators LLC,15,5,0.3333333333333333
Bechtel Global Corporation,15,5,0.3333333333333333
Corporation Service Company,15,5,0.3333333333333333
ETECH GLOBAL IT SOLUTIONS LLC,15,5,0.3333333333333333
"FLEXIBLE FINANCE, INC.",15,5,0.3333333333333333
GBT US LLC,15,5,0.3333333333333333
GE VERNOVA INTERNATIONAL LLC,15,5,0.3333333333333333
HR Pundits Inc.,15,5,0.3333333333333333
"Kaar Technologies, Inc. ",15,5,0.3333333333333333
"Lakeview Loan Servicing, LLC",15,5,0.3333333333333333
Obayashi Corporation,15,5,0.3333333333333333
"Oportun, Inc.",15,5,0.3333333333333333
SAI Advanced Power Solutions Inc.,15,5,0.3333333333333333
 WP Company LLC d/b/a The Washington Post ,12,4,0.3333333333333333
"Berkley Technology Services, LLC",12,4,0.3333333333333333
Bop LLC,12,4,0.3333333333333333
"Centric Consulting, LLC",12,4,0.3333333333333333
"Cloud Software Group, Inc.",12,4,0.3333333333333333
Contextual AI Inc.,12,4,0.3333333333333333
D&E US PARENT LLC,12,4,0.3333333333333333
Environmental Chemical Corporation,12,4,0.3333333333333333
Epic Systems Corporation,12,4,0.3333333333333333
"Fuyao Glass South Carolina, Inc.",12,4,0.3333333333333333
Granules Pharmaceuticals Inc.,12,4,0.3333333333333333
"PepsiCo, Inc.",12,4,0.3333333333333333
"TransPerfect Translations International, Inc.",12,4,0.3333333333333333
"VF SERVICES, LLC",12,4,0.3333333333333333
Validation Associates LLC,12,4,0.3333333333333333
"W3Global, Inc.",12,4,0.3333333333333333
"XL GLOBAL SERVICES, INC.",12,4,0.3333333333333333
"mPulse Mobile, Inc.",12,4,0.3333333333333333
"SCHNEIDER ELECTRIC USA, INC.",106,35,0.330188679245283
"Motorola Solutions, Inc.",103,34,0.3300970873786408
TikTok Inc.,394,130,0.3299492385786802
Wayfair LLC,271,89,0.3284132841328413
The Bank of New York Mellon,180,59,0.3277777777777778
INFOSYS LIMITED,4589,1501,0.32708651122248855
NEXUS IT INC,43,14,0.32558139534883723
Qualcomm Incorporated,43,14,0.32558139534883723
"Fractal Analytics, Inc.",68,22,0.3235294117647059
"RingCentral, Inc.",34,11,0.3235294117647059
Herc Rentals Employee Services LLC,28,9,0.32142857142857145
"Mavenir Systems, Inc.",28,9,0.32142857142857145
Medtronic MiniMed Inc.,28,9,0.32142857142857145
"Verkada, Inc",53,17,0.32075471698113206
"Coupa Software, Inc.",25,8,0.32
"ITC INFOTECH (USA), INC.",25,8,0.32
"Mouser Electronics, Inc.",25,8,0.32
"Robinhood Markets, Inc.",169,54,0.31952662721893493
"London Stock Exchange Group Holdings, Inc.",47,15,0.3191489361702128
Schaeffler Group USA Inc. ,22,7,0.3181818181818182
Vakula Technologies Inc.,22,7,0.3181818181818182
Voya Services Company,22,7,0.3181818181818182
Bloom Energy Corporation,41,13,0.3170731707317073
Chicago Mercantile Exchange,41,13,0.3170731707317073
"Slalom, Inc.",120,38,0.31666666666666665
OneMain General Services Corporation,79,25,0.31645569620253167
Asoft Consulting LLC,19,6,0.3157894736842105
CLOUD DATA LLC,19,6,0.3157894736842105
"Mainspring Energy, Inc.",19,6,0.3157894736842105
Panasonic Energy Corporation of North America,19,6,0.3157894736842105
"Turner Services, Inc.",19,6,0.3157894736842105
"inContact, Inc.",19,6,0.3157894736842105
"Becton, Dickinson and Company",89,28,0.3146067415730337
GE PRECISION HEALTHCARE LLC,35,11,0.3142857142857143
"ZT Group Int'l, Inc.",35,11,0.3142857142857143
Boston Scientific Corporation,86,27,0.313953488372093
"CBRE, INC.",137,43,0.31386861313868614
"Charles River Laboratories, Inc.",32,10,0.3125
SPLINT PHARMA LLC,32,10,0.3125
"Kenco Management Services, LLC",16,5,0.3125
"Mobile Programming, LLC",16,5,0.3125
"Morgan Stanley Services Group, Inc.",16,5,0.3125
"PNK Connections, LLC ",16,5,0.3125
Selectiva Systems Inc.,16,5,0.3125
"Marriott International, Inc.",77,24,0.3116883116883117
"Saviynt, Inc.",61,19,0.3114754098360656
"Stripe, Inc.",45,14,0.3111111111111111
"7-Eleven, Inc.",58,18,0.3103448275862069
"Flexport, Inc.",29,9,0.3103448275862069
"NBCUniversal Media, LLC",29,9,0.3103448275862069
"Sierra Technologies, Inc.",29,9,0.3103448275862069
"OpenAI OpCo, LLC",239,74,0.30962343096234307
The Huntington National Bank,68,21,0.3088235294117647
Sanofi US Services Inc.,52,16,0.3076923076923077
Bayer HealthCare LLC,26,8,0.3076923076923077
First Horizon Bank,26,8,0.3076923076923077
"Oracle Financial Services Software, Inc.",26,8,0.3076923076923077
Stanley Black & Decker Inc.,26,8,0.3076923076923077
"Agilent Technologies, Inc.",13,4,0.3076923076923077
Aita Consulting Services Inc,13,4,0.3076923076923077
Arch Insurance Group Inc.,13,4,0.3076923076923077
CEREBRA CONSULTING INC.,13,4,0.3076923076923077
"EvonSys, Inc.",13,4,0.3076923076923077
Finicity Corporation,13,4,0.3076923076923077
Great American Insurance Company,13,4,0.3076923076923077
"IT iON Solutions, Inc.",13,4,0.3076923076923077
"LYFT, Inc.",13,4,0.3076923076923077
"Mail Media, Inc.",13,4,0.3076923076923077
"Salcomp Manufacturing USA, Corp.",13,4,0.3076923076923077
Tetra Pak Inc.,13,4,0.3076923076923077
Tubman Technologies Inc.,13,4,0.3076923076923077
Vertraus Inc,13,4,0.3076923076923077
"WWEX Franchise Holdings, LLC",13,4,0.3076923076923077
WaferWire LLC,13,4,0.3076923076923077
"Warp Drive, Inc. ",13,4,0.3076923076923077
"The Elevance Health Companies, Inc.",101,31,0.3069306930693069
"GlobalFoundries U.S., Inc.",88,27,0.3068181818181818
City National Bank,62,19,0.3064516129032258
"Stripe, LLC",219,67,0.3059360730593607
Amgen Inc.,314,96,0.3057324840764331
"Block, Inc.",108,33,0.3055555555555556
Regions Bank,36,11,0.3055555555555556
Bloomberg L.P.,302,92,0.304635761589404
"Agilysys NV, LLC",23,7,0.30434782608695654
ConocoPhillips Company,23,7,0.30434782608695654
Highmark Health,23,7,0.30434782608695654
"UiPath, Inc.",23,7,0.30434782608695654
Gen Digital Inc.,79,24,0.3037974683544304
"Datadog, Inc.",66,20,0.30303030303030304
"Crusoe Energy Systems, Inc.",43,13,0.3023255813953488
"WuXi Biologics USA, LLC",43,13,0.3023255813953488
"Epitec, Inc.",96,29,0.3020833333333333
"Penumbra, Inc.",53,16,0.3018867924528302
Global Payment Holding Company,63,19,0.30158730158730157
ADT LLC,30,9,0.3
"Daimler Truck North America, LLC",30,9,0.3
"Eight Eleven Group, LLC",30,9,0.3
"OT Technology, Inc.",30,9,0.3
"ActiveHours, Inc.",20,6,0.3
"CDK GLOBAL, LLC",20,6,0.3
"Kohl’s, Inc.",20,6,0.3
Penske Logistics LLC,20,6,0.3
"REDWOOD MATERIALS, INC.",20,6,0.3
"Sephora USA, Inc.",20,6,0.3
Alpha and Omega Semiconductor Incorporated,10,3,0.3
Alrek Business Solutions Inc,10,3,0.3
"Arnex Solutions, LLC",10,3,0.3
"Aryadit Solutions, Inc.",10,3,0.3
"Aven Financial, Inc.",10,3,0.3
Baxter Healthcare Corporation,10,3,0.3
"Belcher Pharmaceuticals, LLC",10,3,0.3
CHERRY TECHNOLOGIES INC.,10,3,0.3
Coursera Inc.,10,3,0.3
"DepthFirst AI, Inc.",10,3,0.3
Encora Digital LLC,10,3,0.3
"Envision Physician Services, LLC",10,3,0.3
EvenUp Inc.,10,3,0.3
FUJIFILM Healthcare Americas Corporation,10,3,0.3
Fynbosys Inc,10,3,0.3
Howard University,10,3,0.3
"Hyster-Yale Materials Handling, Inc.",10,3,0.3
"International Motors, LLC",10,3,0.3
KITE PHARMA INC.,10,3,0.3
Kiewit Infrastructure Co.,10,3,0.3
"Komodo Health, Inc.",10,3,0.3
"LGC Global, Inc.",10,3,0.3
Laurion Capital Management LP,10,3,0.3
"MAXISIT, INC.",10,3,0.3
MP Mine Operations LLC,10,3,0.3
"May Mobility, Inc.",10,3,0.3
"Mitek Systems, Inc.",10,3,0.3
Oral Roberts University,10,3,0.3
"Parallel Web Systems, Inc.",10,3,0.3
"Privilege Underwriters, Inc.",10,3,0.3
QBE Insurance Corporation,10,3,0.3
R SYSTEMS INC.,10,3,0.3
Research Triangle Institute (U.S.),10,3,0.3
Sally Beauty Supply LLC,10,3,0.3
Sargent Manufacturing Company,10,3,0.3
"Scalence, LLC",10,3,0.3
"Sensormatic Electronics, LLC",10,3,0.3
Sharp InfoTech Inc.,10,3,0.3
The Nature Conservancy,10,3,0.3
UMB Bank NA,10,3,0.3
"UMass Memorial Medical Center, Inc.",10,3,0.3
UNITED TEKINFO HUB LLC.,10,3,0.3
"Valtech Solutions, LLC",10,3,0.3
XINQI LLC,10,3,0.3
"Yanka Industries, Inc. ",10,3,0.3
Truist Bank,245,73,0.2979591836734694
Gap Inc.,47,14,0.2978723404255319
"VOLVO GROUP NORTH AMERICA, LLC",47,14,0.2978723404255319
X.AI LLC,47,14,0.2978723404255319
"Molina Healthcare, Inc.",37,11,0.2972972972972973
The Reinalt-Thomas Corporation,37,11,0.2972972972972973
 LendingClub Bank National Association,64,19,0.296875
"Equinix, Inc.",81,24,0.2962962962962963
FII USA Inc. ,27,8,0.2962962962962963
"Smartsheet, Inc.",27,8,0.2962962962962963
Fuyao Glass America Inc.,78,23,0.2948717948717949
"BJ's Wholesale Club, Inc.",51,15,0.29411764705882354
"Arthur J. Gallagher Service Company, LLC",34,10,0.29411764705882354
Liberty Mutual Group Inc.,34,10,0.29411764705882354
AGILISIUM CONSULTING LLC,17,5,0.29411764705882354
BROWN BROTHERS HARRIMAN & CO.,17,5,0.29411764705882354
"Belk, Inc.",17,5,0.29411764705882354
Continental Casualty Company,17,5,0.29411764705882354
Included Health Inc.,17,5,0.29411764705882354
Infosoft Inc,17,5,0.29411764705882354
Jacobs Project Management Company,17,5,0.29411764705882354
JetBlue Airways,17,5,0.29411764705882354
New York Power Authority,17,5,0.29411764705882354
"OSI Digital, Inc.",17,5,0.29411764705882354
"Princess Cruise Lines, Ltd.",17,5,0.29411764705882354
"Zima International, Inc.",17,5,0.29411764705882354
"Wells Fargo Bank, N.A.",160,47,0.29375
HEALTH CARE SERVICE CORPORATION,123,36,0.2926829268292683
"Guidewire Software, Inc.",41,12,0.2926829268292683
"Infor (US), LLC",41,12,0.2926829268292683
ARTIFINT TECHNOLOGIES LLC,106,31,0.29245283018867924
"DoorDash, Inc.",407,119,0.29238329238329236
"NAGARRO, INC",72,21,0.2916666666666667
"American Technology Consulting, LLC",24,7,0.2916666666666667
Egencia LLC,24,7,0.2916666666666667
Mott MacDonald Group Inc.,24,7,0.2916666666666667
Occidental Petroleum Corporation,24,7,0.2916666666666667
"STMICROELECTRONICS,INC",24,7,0.2916666666666667
W. G. Yates and Sons Construction Co.,24,7,0.2916666666666667
Cummins Inc.,711,207,0.2911392405063291
"General Motors Financial Company, Inc.",62,18,0.2903225806451613
Apex Fintech Services LLC,31,9,0.2903225806451613
"Etched.ai, Inc.",31,9,0.2903225806451613
"Santander Bank, N.A.",31,9,0.2903225806451613
The Veritas Healthcare Solutions LLC,66,19,0.2878787878787879
"INCEDO, INC.",87,25,0.28735632183908044
McKesson Corporation,87,25,0.28735632183908044
eBay Inc.,685,196,0.28613138686131384
Crusoe Energy Systems LLC,63,18,0.2857142857142857
"PURE STORAGE, INC.",42,12,0.2857142857142857
"Sagitec Solutions, LLC",42,12,0.2857142857142857
"M.C. Dean, Inc.",35,10,0.2857142857142857
CSL Behring L.L.C.,28,8,0.2857142857142857
"Institutional Capital Network, Inc.",28,8,0.2857142857142857
Augusta Life Sciences US OpCo I LLC,21,6,0.2857142857142857
CYBAGE SOFTWARE INC,21,6,0.2857142857142857
"ChargePoint, Inc.",21,6,0.2857142857142857
EMD MILLIPORE CORPORATION,21,6,0.2857142857142857
"Legend Biotech USA, Inc.",21,6,0.2857142857142857
"RANG TECHNOLOGIES, INC.",21,6,0.2857142857142857
Avaya LLC,14,4,0.2857142857142857
"Claims Services Group, LLC",14,4,0.2857142857142857
"Dandelion Payments, Inc., d.b.a. Ria Money Transfer",14,4,0.2857142857142857
"HD Supply, Inc.",14,4,0.2857142857142857
"Honeywell Aerospace US, LLC",14,4,0.2857142857142857
KODESYSTEMS LLC,14,4,0.2857142857142857
"Kaar Technologies, Inc.",14,4,0.2857142857142857
Kashiv BioSciences LLC,14,4,0.2857142857142857
"OPUS TECHNOLOGIES, INC.",14,4,0.2857142857142857
"Retail Services and Systems, Inc.",14,4,0.2857142857142857
"RiVi Consulting Group, LLC",14,4,0.2857142857142857
"Rocket Software, Inc. ",14,4,0.2857142857142857
"Roush Management, LLC",14,4,0.2857142857142857
RxAdvance Corporation,14,4,0.2857142857142857
SCHNEIDER ELECTRIC SYSTEMS USA INC.,14,4,0.2857142857142857
Total System Services LLC,14,4,0.2857142857142857
VIDHA IT SOLUTIONS LLC,14,4,0.2857142857142857
"Viavi Solutions, Inc.",14,4,0.2857142857142857
Wesleyan University,14,4,0.2857142857142857
"Williams-Sonoma, Inc.",14,4,0.2857142857142857
"Cisco Systems, Inc.",1195,341,0.28535564853556483
Siemens Industry Software Inc.,285,81,0.28421052631578947
Deloitte Services LP,92,26,0.2826086956521739
"Susquehanna International Group, LLP",92,26,0.2826086956521739
"AMERICAN TECH VISION SOLUTIONS, LLC",46,13,0.2826086956521739
"CommVault Systems,Inc.",39,11,0.28205128205128205
"AMAZON DATA SERVICES, INC.",32,9,0.28125
CHRISTUS Health,32,9,0.28125
"ValueMomentum, Inc. ",50,14,0.28
"Ahold Delhaize USA Services, LLC",25,7,0.28
"FedEx Dataworks, Inc. ",25,7,0.28
"Globus Medical, Inc.",25,7,0.28
Hyatt Corporation,25,7,0.28
Barclays Services Corp. ,391,109,0.27877237851662406
"Siemens Medical Solutions USA, Inc.",61,17,0.2786885245901639
"DGN Technologies, Inc",79,22,0.27848101265822783
"Roku, Inc.",54,15,0.2777777777777778
ECONTENTI INC,36,10,0.2777777777777778
Geminisoft Solutions Inc.,36,10,0.2777777777777778
Anchor Labs Inc.,18,5,0.2777777777777778
"Avnet, Inc.",18,5,0.2777777777777778
ClinChoice Inc.,18,5,0.2777777777777778
"Elevate Credit Service, LLC",18,5,0.2777777777777778
"Empower Retirement, LLC",18,5,0.2777777777777778
FORGED FIBER 37 LLC,18,5,0.2777777777777778
"LendingTree, LLC",18,5,0.2777777777777778
Panasonic Energy Corporation of North America (PECNA),18,5,0.2777777777777778
"QuinStreet, Inc.",18,5,0.2777777777777778
STRATEDGE IT CONSULTING INC,18,5,0.2777777777777778
"Spectro Cloud, Inc.",18,5,0.2777777777777778
Henry Ford Health System,105,29,0.2761904761904762
Solstice Solutions Inc,29,8,0.27586206896551724
"ServiceNow, Inc.",548,151,0.2755474452554745
IQVIA RDS Inc.,40,11,0.275
"NIKE, Inc.",150,41,0.2733333333333333
Fidelity Brokerage Services LLC d/b/a Fidelity Investments,66,18,0.2727272727272727
DocuSign Inc.,44,12,0.2727272727272727
"Quantiphi, Inc.",44,12,0.2727272727272727
Apps Associates LLC,22,6,0.2727272727272727
"COMPREHENSIVE RESOURCES, INC.",22,6,0.2727272727272727
"E2 Consulting Engineers, Inc.",22,6,0.2727272727272727
"Elasticsearch, Inc.",22,6,0.2727272727272727
"Live Nation Worldwide, Inc. ",22,6,0.2727272727272727
"Sophos, Inc.",22,6,0.2727272727272727
Unika Health Inc,22,6,0.2727272727272727
"Vizient, Inc.",22,6,0.2727272727272727
Xebia USA Inc.,22,6,0.2727272727272727
AeroVect Technologies Inc,11,3,0.2727272727272727
"Aon Re, Inc.",11,3,0.2727272727272727
Arch US MI Services Inc.,11,3,0.2727272727272727
Ascension Health Alliance,11,3,0.2727272727272727
Aspentech Corporation,11,3,0.2727272727272727
"Baker Concrete Construction, Inc.",11,3,0.2727272727272727
"Best Western International, Inc.",11,3,0.2727272727272727
Bilvantis Technologies Inc,11,3,0.2727272727272727
Biocytogen Boston Corp.,11,3,0.2727272727272727
"Blackrock Microsystems, LLC",11,3,0.2727272727272727
"Cervello, Inc.",11,3,0.2727272727272727
FORTE CONSTRUCTION CORP,11,3,0.2727272727272727
"Fetch Rewards, LLC",11,3,0.2727272727272727
Gartner Inc,11,3,0.2727272727272727
Global Life Sciences Solutions USA LLC,11,3,0.2727272727272727
"Health Management Systems, Inc. ",11,3,0.2727272727272727
Holocene Acquisition II LLC,11,3,0.2727272727272727
"IPC Systems, Inc.",11,3,0.2727272727272727
"Infinitus Systems, Inc.",11,3,0.2727272727272727
New York Blood Center,11,3,0.2727272727272727
"Nu North America, Inc.",11,3,0.2727272727272727
"Param Healthcare & IT services, Inc",11,3,0.2727272727272727
RCC Global LLC,11,3,0.2727272727272727
Rentokil North America Inc.,11,3,0.2727272727272727
SYNERGY TECHNOLOGIES LLC,11,3,0.2727272727272727
"Shockwave Medical, Inc.",11,3,0.2727272727272727
Symbastech Corp,11,3,0.2727272727272727
"TEKSYSTEMS GLOBAL SERVICES,LLC",11,3,0.2727272727272727
Tenet Employment Inc.,11,3,0.2727272727272727
"The Baldwin Group Colleague, Inc.",11,3,0.2727272727272727
Universal Instruments Corporation,11,3,0.2727272727272727
Xclusive Trading SF LLC,11,3,0.2727272727272727
re:Cycle Reverse Logistics LLC,11,3,0.2727272727272727
Accenture LLP,1488,404,0.271505376344086
"People Center, Inc. d/b/a Rippling",85,23,0.27058823529411763
Hilton Domestic Operating Company Inc.,37,10,0.2702702702702703
"Marqeta, Inc.",37,10,0.2702702702702703
"Omnissa, LLC",37,10,0.2702702702702703
American General Life Insurance Company,52,14,0.2692307692307692
LexisNexis Risk Solutions Inc.,26,7,0.2692307692307692
"Machinify, Inc.",26,7,0.2692307692307692
"Ripple Labs, Inc.",26,7,0.2692307692307692
Yanfeng International Automotive Technology US I LLC,26,7,0.2692307692307692
ACE American Insurance Company ,134,36,0.26865671641791045
Infogain Corporation,41,11,0.2682926829268293
"CBS Interactive, Inc.",45,12,0.26666666666666666
"Gusto, Inc.",45,12,0.26666666666666666
"HealthVerity, Inc.",45,12,0.26666666666666666
"Synergyassure, Inc",45,12,0.26666666666666666
BANK OZK,30,8,0.26666666666666666
Compass Lexecon LLC,30,8,0.26666666666666666
"Netskope, Inc.",30,8,0.26666666666666666
"AFFINITY SOLUTIONS, INC.",15,4,0.26666666666666666
"CYGNUS PROFESSIONALS, INC.",15,4,0.26666666666666666
"Centific Global Solutions, Inc.",15,4,0.26666666666666666
"Eikon Therapeutics, Inc.",15,4,0.26666666666666666
"Elsevier, Inc. ",15,4,0.26666666666666666
"Expeditors International of Washington, Inc.",15,4,0.26666666666666666
HSK Technologies Inc,15,4,0.26666666666666666
"Health Management Systems, Inc.",15,4,0.26666666666666666
Hobby Lobby Stores Inc.,15,4,0.26666666666666666
IT Crats Inc,15,4,0.26666666666666666
Memorial Hermann Health System,15,4,0.26666666666666666
"Numann Technologies, Inc.",15,4,0.26666666666666666
Sligo Software Solutions Inc,15,4,0.26666666666666666
"Toshiba Global Commerce Solutions, Inc.",15,4,0.26666666666666666
Wise Equation Solutions Inc,15,4,0.26666666666666666
"Intuitive Surgical Operations, Inc.",214,57,0.26635514018691586
"Zillow, Inc.",64,17,0.265625
"Rubrik, Inc.",113,30,0.26548672566371684
Boston Medical Center Corporation,49,13,0.2653061224489796
"CSC  Investments II, LLC",87,23,0.26436781609195403
"HM Health Solutions, Inc.",38,10,0.2631578947368421
"National Oilwell Varco, L..P",38,10,0.2631578947368421
"AIG Employee Services, Inc.",19,5,0.2631578947368421
"American Axle & Manufacturing, Inc. ",19,5,0.2631578947368421
"Axway, Inc.",19,5,0.2631578947368421
"Beckman Coulter, Inc.",19,5,0.2631578947368421
Brunswick Corporation,19,5,0.2631578947368421
"Distyl AI, Inc.",19,5,0.2631578947368421
Fluidstack Inc.,19,5,0.2631578947368421
GLOBAL NURSING RECRUITERS,19,5,0.2631578947368421
Isite Technologies Inc.,19,5,0.2631578947368421
Kyndryl Inc.,19,5,0.2631578947368421
Norfolk Southern Corporation,19,5,0.2631578947368421
ResMed Digital Health Inc.,19,5,0.2631578947368421
TechClub Inc.,19,5,0.2631578947368421
Wintrust Financial Corporation,19,5,0.2631578947368421
"Zynga, Inc.",19,5,0.2631578947368421
Federal Express Corporation,488,128,0.26229508196721313
Zappos.com LLC,42,11,0.2619047619047619
NORTHWELL HEALTH,107,28,0.2616822429906542
ABBOTT LABORATORIES,69,18,0.2608695652173913
Bendix Commercial Vehicle Systems LLC,23,6,0.2608695652173913
"Brose North America, Inc. ",23,6,0.2608695652173913
"CSS PAYROLL CO, L.P.",23,6,0.2608695652173913
"Entergy Services, LLC",23,6,0.2608695652173913
"Intelligrated Systems, LLC",23,6,0.2608695652173913
Selsoft Inc,23,6,0.2608695652173913
Teachers Insurance and Annuity Association of America (TIAA),23,6,0.2608695652173913
Waters Technologies Corporation,23,6,0.2608695652173913
"Riot Games, Inc.",73,19,0.2602739726027397
"Insight Direct USA, Inc.",50,13,0.26
"Teradata Operations, Inc.",50,13,0.26
Snowflake Inc.,478,124,0.2594142259414226
"DocuSign, Inc.",54,14,0.25925925925925924
DFS Services LLC,27,7,0.25925925925925924
"NRG Energy, Inc.",27,7,0.25925925925925924
Rambus Inc.,27,7,0.25925925925925924
"CLOUDFLARE, INC.",124,32,0.25806451612903225
MAXIMUS Inc.,31,8,0.25806451612903225
"Medtronic, Inc.",167,43,0.25748502994011974
United Services Automobile Association,70,18,0.2571428571428571
"Markit North America, Inc.",35,9,0.2571428571428571
Western Alliance Bank,35,9,0.2571428571428571
"PPD Development, L.P.",39,10,0.2564102564102564
ROBOTICS TECHNOLOGIES LLC,86,22,0.2558139534883721
Elanco US Inc.,43,11,0.2558139534883721
Hudson River Trading LLC,43,11,0.2558139534883721
"LG Energy Solution Michigan, Inc.",47,12,0.2553191489361702
Savannah College of Art and Design,47,12,0.2553191489361702
"Credit Karma, LLC",51,13,0.2549019607843137
"Moloco, Inc.",55,14,0.2545454545454545
"Joby Aero, Inc. ",75,19,0.25333333333333335
"WELLS FARGO BANK, N.A.",308,78,0.2532467532467532
FCA US LLC,154,39,0.2532467532467532
Docusign Inc. ,83,21,0.25301204819277107
"Applied Materials, Inc",310,78,0.25161290322580643
"ASML US, LLC",120,30,0.25
"Everpure, Inc.",92,23,0.25
"Molex, LLC",72,18,0.25
Sapient Corporation,56,14,0.25
Massachusetts Mutual Life Insurance Company,52,13,0.25
"QUALYS, INC.",48,12,0.25
"First Solar, Inc.",40,10,0.25
Intellyk Inc.,36,9,0.25
"TheMathCompany, Inc.",36,9,0.25
"TriNet USA, Inc.",36,9,0.25
"REVOLUTION MEDICINES, INC.",28,7,0.25
Relic Solutions LLC,28,7,0.25
"Rocket Mortgage, LLC",28,7,0.25
"Wolfspeed, Inc.",28,7,0.25
"NYSE Market (DE), Inc.",24,6,0.25
"Onto Innovation, Inc.",24,6,0.25
"Pearson Education, Inc.",24,6,0.25
"Reddit, Inc. ",24,6,0.25
"Thales Avionics, Inc.",24,6,0.25
"ValueMomentum, Inc.",24,6,0.25
CertainTeed LLC,20,5,0.25
"DIRECTV, LLC",20,5,0.25
"Dow Jones and Company, Inc.",20,5,0.25
"Labelbox, Inc.",20,5,0.25
Mahaugha LLC,20,5,0.25
"Michaels Stores, Inc.",20,5,0.25
AGRATAS SOLUTIONS INC,16,4,0.25
"Bill Me Later, Inc.",16,4,0.25
"Biosense Webster, Inc.",16,4,0.25
Dexmate Inc.,16,4,0.25
Fortisview LLC,16,4,0.25
"GRID DYNAMICS HOLDINGS, INC.",16,4,0.25
NIKE USA Inc.,16,4,0.25
Narwal Inc.,16,4,0.25
OuraRing Inc.,16,4,0.25
PAX Technology Inc.,16,4,0.25
"PSKW, LLC",16,4,0.25
"Trackonomy Systems, Inc.",16,4,0.25
"XERO, Inc.",16,4,0.25
XTRACIT INC,16,4,0.25
AVSI SYSTEMS LLC,12,3,0.25
Altruist Corp.,12,3,0.25
AmeriHealth Caritas Services LLC,12,3,0.25
American Woodmark Corporation,12,3,0.25
Bechtel Infrastructure and Power Corporation,12,3,0.25
"Blue Spire, Inc. ",12,3,0.25
CASTLETON COMMODITIES MANAGEMENT SERVICES LLC,12,3,0.25
"CATALENT INDIANA, LLC",12,3,0.25
CONSIGA TECHNOLOGIES INC,12,3,0.25
"CRISPR Therapeutics, Inc.",12,3,0.25
Dataserv Inc,12,3,0.25
"Five9, Inc.",12,3,0.25
"GROUP 1001 RESOURCES, LLC",12,3,0.25
"GXO Logistics Corporate Services, Inc.",12,3,0.25
"Genesys Cloud Services, Inc",12,3,0.25
"Hub Group, Inc.",12,3,0.25
IFLOW INC.,12,3,0.25
"L-H Battery Company, Inc.",12,3,0.25
Linde Engineering North America LLC,12,3,0.25
"MoneyGram International, Inc.",12,3,0.25
"Montefiore Health System, Inc.",12,3,0.25
"Moody's Shared Services, Inc.",12,3,0.25
NOVANT HEALTH,12,3,0.25
National Radio Astronomy Observatory,12,3,0.25
Nevonex IT Solutions Inc,12,3,0.25
"OT Technology, Inc",12,3,0.25
PROLIM Consulting Inc,12,3,0.25
Pace University,12,3,0.25
"Qualus, LLC",12,3,0.25
"SGS NORTH AMERICA, INC.",12,3,0.25
"SOLV Energy, LLC",12,3,0.25
"Solstice Advanced Materials US, Inc.",12,3,0.25
"SpecialtyCare, Inc.",12,3,0.25
Syngenta Crop Protection LLC,12,3,0.25
The Procter & Gamble Company ,12,3,0.25
The University of Akron,12,3,0.25
"ThoughtFocus, Inc.",12,3,0.25
"Traylor Bros., Inc.",12,3,0.25
United Therapeutics Corporation,12,3,0.25
University of Colorado Health,12,3,0.25
Xylem Services USA LLC,12,3,0.25
CitiusTech Inc.,289,72,0.2491349480968858
"Elevance Health, Inc.",257,64,0.2490272373540856
"T-Mobile USA, Inc.",366,91,0.24863387978142076
Vertex Pharmaceuticals Incorporated,145,36,0.2482758620689655
"Western Union, LLC",97,24,0.24742268041237114
Dish Wireless LLC,166,41,0.2469879518072289
TANISHA SYSTEMS INC,77,19,0.24675324675324675
"Anthropic, PBC",252,62,0.24603174603174602
"Cadence Design Systems, Inc.",342,84,0.24561403508771928
"PayPal, Inc.",1204,295,0.24501661129568106
Morgan Stanley Services Group Inc.,637,156,0.24489795918367346
"Applied Materials, Inc.",168,41,0.24404761904761904
Barclays Services LLC ,78,19,0.24358974358974358
"VIRTUSA CONSULTING SERVICES PVT., LTD",74,18,0.24324324324324326
"Emory Healthcare, Inc.",37,9,0.24324324324324326
"XENONINFOTEK, INC.",37,9,0.24324324324324326
"Docusign, Inc.",70,17,0.24285714285714285
"Smith & Nephew, Inc.",33,8,0.24242424242424243
"Avride, Inc.",29,7,0.2413793103448276
Electronic Arts Inc.,104,25,0.2403846153846154
"Twilio, Inc.",75,18,0.24
"Ryder System, Inc.",50,12,0.24
"THE TRADE DESK, INC.",50,12,0.24
Providence Health & Services,25,6,0.24
"Valero Services, Inc.",25,6,0.24
lululemon usa inc.,25,6,0.24
"Delta Air Lines, Inc.",71,17,0.23943661971830985
HITACHI ENERGY USA INC.,67,16,0.23880597014925373
Penske Truck Leasing Co LP,67,16,0.23880597014925373
M&T Bank,63,15,0.23809523809523808
"AVEVA SOFTWARE, LLC",21,5,0.23809523809523808
"Conduent State Healthcare, LLC",21,5,0.23809523809523808
Data Strategies Interchange LLC,21,5,0.23809523809523808
"ISR INFO WAY, INC.",21,5,0.23809523809523808
"Optimized Investment Holdings, Inc.",21,5,0.23809523809523808
"STE iDirect, Inc.",21,5,0.23809523809523808
"Sarepta Therapeutics, Inc.",21,5,0.23809523809523808
"BEST BUY CO., INC.",122,29,0.23770491803278687
"F5, Inc.",139,33,0.23741007194244604
"Illumina, Inc.",76,18,0.23684210526315788
Abercrombie & Fitch Management Co.,38,9,0.23684210526315788
Edwards Lifesciences LLC,38,9,0.23684210526315788
"WAL-MART ASSOCIATES, INC.",2322,548,0.2360034453057709
Infineon Technologies Americas Corp.,229,54,0.23580786026200873
"AMAZON WEB SERVICES, INC.",51,12,0.23529411764705882
3K TECHNOLOGIES LLC,17,4,0.23529411764705882
AMERITECH GLOBAL INC.,17,4,0.23529411764705882
"Aledade, Inc.",17,4,0.23529411764705882
"Allegro MicroSystems, LLC",17,4,0.23529411764705882
Dassault Systemes SolidWorks Corporation,17,4,0.23529411764705882
"Fitch Group Services, Inc.",17,4,0.23529411764705882
"GXO Logistics Supply Chain, Inc.",17,4,0.23529411764705882
"HealthEdge Software, Inc.",17,4,0.23529411764705882
"InnoRev Technologies, INC",17,4,0.23529411764705882
"McAfee, LLC",17,4,0.23529411764705882
"SQUARESPACE, INC.",17,4,0.23529411764705882
SYNTURN TECHNOLOGIES LLC,17,4,0.23529411764705882
The Heil Co.,17,4,0.23529411764705882
UPMC Presbyterian Shadyside,17,4,0.23529411764705882
Visionet Systems Inc,17,4,0.23529411764705882
"Expedia, Inc. ",353,83,0.23512747875354106
"Amazon Data Services, Inc.",315,74,0.23492063492063492
"Zscaler, Inc.",132,31,0.23484848484848486
"Amazon Data Services, Inc",849,199,0.23439340400471143
DISH Network LLC,111,26,0.23423423423423423
RGA Enterprise Services Company,47,11,0.23404255319148937
EMC CORPORATION,107,25,0.2336448598130841
"AIRBNB, INC.",30,7,0.23333333333333334
"Calix, Inc.",30,7,0.23333333333333334
"Diversified Services Network, Inc.",30,7,0.23333333333333334
"AutoZone, Inc.",65,15,0.23076923076923078
AI TECHNOLOGIES LLC,52,12,0.23076923076923078
"The Fountain Group, LLC",39,9,0.23076923076923078
CoStar Realty Information Inc.,26,6,0.23076923076923078
"Kimberly-Clark USA, LLC",26,6,0.23076923076923078
TEKROK INC,26,6,0.23076923076923078
"ADROIT TECHNOLOGIES & CLOUD SOLUTIONS, INC.",13,3,0.23076923076923078
BERKSHIRE GREY INC.,13,3,0.23076923076923078
"CooperVision, Inc.",13,3,0.23076923076923078
Creditly Corporation,13,3,0.23076923076923078
Epcot Technologies Inc,13,3,0.23076923076923078
Flint Soft Inc.,13,3,0.23076923076923078
"Lambda, Inc.",13,3,0.23076923076923078
"Macy's Systems & Technology, Inc.",13,3,0.23076923076923078
Matson Navigation Company,13,3,0.23076923076923078
"McLane Company, Inc. ",13,3,0.23076923076923078
Mujin Corp.,13,3,0.23076923076923078
NEXTGEN TECHNOLOGIES INC,13,3,0.23076923076923078
"Powerback Rehabilitation, LLC",13,3,0.23076923076923078
SIA ENGINERING (USA) INC,13,3,0.23076923076923078
SOUTHWEST BUSINESS CORPORATION,13,3,0.23076923076923078
"SnapLogic, Inc.",13,3,0.23076923076923078
"Summit IT Experts, Inc.",13,3,0.23076923076923078
TEKhops LLC,13,3,0.23076923076923078
TIMESOFT SOLUTIONS LLC.,13,3,0.23076923076923078
"Ultra Clean Technology Systems and Service, Inc.",13,3,0.23076923076923078
University Settlement Society of New York,13,3,0.23076923076923078
VSD Infotech LLC,13,3,0.23076923076923078
Vertiv Corporation,13,3,0.23076923076923078
"Wilco Source, LLC",13,3,0.23076923076923078
Orion Systems Integrators LLC,74,17,0.22972972972972974
STV Incorporated,109,25,0.22935779816513763
"DaVita, Inc.",48,11,0.22916666666666666
"Natera, Inc.",48,11,0.22916666666666666
"Zoetis, Inc.",48,11,0.22916666666666666
Eaton Corporation,105,24,0.22857142857142856
Harbinger Motors Inc.,35,8,0.22857142857142856
Tradeweb Markets LLC,35,8,0.22857142857142856
"ASML US, LP",347,79,0.2276657060518732
"Auger, Inc.",22,5,0.22727272727272727
Discover Products Inc.,22,5,0.22727272727272727
"Marvel Technologies, Inc.",22,5,0.22727272727272727
"Toyota Research Institute, Inc.",22,5,0.22727272727272727
"W.W. Grainger, Inc.",22,5,0.22727272727272727
"eShares, Inc.",22,5,0.22727272727272727
"Cohesity, Inc.",97,22,0.2268041237113402
Zipline International Inc.,53,12,0.22641509433962265
"Lyft, Inc.",62,14,0.22580645161290322
"Mythics, LLC",31,7,0.22580645161290322
"University of Nevada, Reno",31,7,0.22580645161290322
DXC Technology Services LLC,40,9,0.225
"Kelly Services, Inc.",40,9,0.225
"Peloton Interactive, Inc.",40,9,0.225
Tata Elxsi Limited ,40,9,0.225
"ZIFO TECHNOLOGIES, INC",58,13,0.22413793103448276
"BURNS & MCDONNELL ENGINEERING COMPANY, INC.",103,23,0.22330097087378642
Ramp Business Corporation,54,12,0.2222222222222222
"SYNOPSYS, INC.",54,12,0.2222222222222222
"FBG Enterprises Opco, LLC",36,8,0.2222222222222222
"Hitachi Rail STS USA, Inc.",36,8,0.2222222222222222
"Allegiant Air, LLC",27,6,0.2222222222222222
Mankind America LLC,27,6,0.2222222222222222
Ambarella Corp.,18,4,0.2222222222222222
Athene Annuity and Life Company,18,4,0.2222222222222222
Boomi L.P.,18,4,0.2222222222222222
"Formlabs, Inc.",18,4,0.2222222222222222
Hikma Pharmaceuticals USA Inc.,18,4,0.2222222222222222
MARGIN5 SOLUTIONS INC.,18,4,0.2222222222222222
"Modernizing Medicine, Inc.",18,4,0.2222222222222222
Oberlin College,18,4,0.2222222222222222
Veeam VaaS Corporation,18,4,0.2222222222222222
"Salesforce, Inc.",1591,353,0.2218730358265242
"Brillio, LLC",145,32,0.2206896551724138
Navy Federal Credit Union,100,22,0.22
OKBL USA Technology Inc.,41,9,0.21951219512195122
Standard & Poor's Financial Services LLC,41,9,0.21951219512195122
"TWO SIGMA INVESTMENTS, LP",41,9,0.21951219512195122
"St. Jude Medical, Cardiology Division, Inc.",73,16,0.2191780821917808
Zoox Inc.,192,42,0.21875
Corning Incorporated,32,7,0.21875
DRW Holdings LLC,32,7,0.21875
"Etsy, Inc.",32,7,0.21875
Starbucks Coffee Company,115,25,0.21739130434782608
Unicon Pharma Inc,46,10,0.21739130434782608
Cepheid,23,5,0.21739130434782608
"DENSO International America, Inc.",23,5,0.21739130434782608
DIGITAL DATUM INC,23,5,0.21739130434782608
Kite Pharma Inc.,23,5,0.21739130434782608
"Red Hat, Inc.",23,5,0.21739130434782608
"SIEMENS MEDICAL SOLUTIONS USA, INC.",23,5,0.21739130434782608
The New York Times Company,23,5,0.21739130434782608
Vastek Inc,83,18,0.21686746987951808
The Northern Trust Company,37,8,0.21621621621621623
ARTIFICIAL INTELLIGENCE STAFFING LLC,51,11,0.21568627450980393
MACHINE INTELLIGENCE LLC,51,11,0.21568627450980393
KFORCE INC. ,605,130,0.21487603305785125
"Coinbase, Inc.",121,26,0.21487603305785125
Safeway Inc.,98,21,0.21428571428571427
"Point72, L.P.",84,18,0.21428571428571427
Aptiv Corporation,14,3,0.21428571428571427
Bright Horizons Children's Centers LLC,14,3,0.21428571428571427
Carnegie Software Corporation,14,3,0.21428571428571427
CelLink Corporation,14,3,0.21428571428571427
"E2open, LLC",14,3,0.21428571428571427
"Energy Transfer Partners, L.L.C.",14,3,0.21428571428571427
FREUDENBERG-NOK GENERAL PARTNERSHIP,14,3,0.21428571428571427
First American Title Insurance Company,14,3,0.21428571428571427
Grubhub Holdings Inc.,14,3,0.21428571428571427
"Hayden AI Technologies, Inc.",14,3,0.21428571428571427
Idaho State University,14,3,0.21428571428571427
Lorvin Technologies Inc,14,3,0.21428571428571427
"OpenGov, Inc.",14,3,0.21428571428571427
PRECISION TECHNOLOGIES CORP.,14,3,0.21428571428571427
Pacer Staffing LLC,14,3,0.21428571428571427
"Sodexo, Inc.",14,3,0.21428571428571427
Strategy Incorporated,14,3,0.21428571428571427
Ericsson Inc.,61,13,0.21311475409836064
"Target Enterprise, Inc.",127,27,0.2125984251968504
LINKEDIN CORPORATION,363,77,0.21212121212121213
Avanade Inc.,33,7,0.21212121212121213
"MOBICLOUD, LLC.",33,7,0.21212121212121213
"Shipt, Inc.",33,7,0.21212121212121213
TOPSYS IT SOLUTIONS LLC,33,7,0.21212121212121213
"WarnerMedia Services, LLC",33,7,0.21212121212121213
"COPART, INC",71,15,0.2112676056338028
"Palo Alto Networks, Inc.",437,92,0.21052631578947367
Dematic Corp.,38,8,0.21052631578947367
Advantest America Inc.,19,4,0.21052631578947367
Amiti Consulting Inc,19,4,0.21052631578947367
ArcelorMittal Calvert LLC,19,4,0.21052631578947367
"BAPTIST HEALTH SOUTH FLORIDA, INC.",19,4,0.21052631578947367
Chicago Mercantile Exchange Inc. ,19,4,0.21052631578947367
"E-Technologies Group, LLC.",19,4,0.21052631578947367
"Form Energy, Inc.",19,4,0.21052631578947367
LORVENK TECHNOLOGIES LLC,19,4,0.21052631578947367
Panasonic Corporation of North America (PNA),19,4,0.21052631578947367
"Procore Technologies, Inc",19,4,0.21052631578947367
"Q2 Software, Inc.",19,4,0.21052631578947367
Synap IQ LLC.,19,4,0.21052631578947367
TMEIC CORPORATION AMERICAS,19,4,0.21052631578947367
VISHGLO INFOSOLUTIONS INC,19,4,0.21052631578947367
VRN TECHNOLOGIES LLC.,19,4,0.21052631578947367
"Wood Group USA, Inc.",19,4,0.21052631578947367
"ZENITH INFOTEK, LLC",19,4,0.21052631578947367
Cigna-Evernorth Services Inc.,243,51,0.20987654320987653
SAS Institute Inc.,43,9,0.20930232558139536
Thermo Fisher Scientific Inc.,67,14,0.208955223880597
"Paycom Payroll, LLC",115,24,0.20869565217391303
The Boeing Company,72,15,0.20833333333333334
"ADP, Inc.",48,10,0.20833333333333334
"Upstart Network, Inc.",48,10,0.20833333333333334
Cognex Corporation,24,5,0.20833333333333334
"IBS SOFTWARE AMERICAS, INC. (f/k/a IBS Software Services Americas, Inc.)",24,5,0.20833333333333334
Rheem Manufacturing Company,24,5,0.20833333333333334
ATOS SYNTEL INC,125,26,0.208
"Tesla, Inc.",2931,609,0.20777891504605936
PALANTIR TECHNOLOGIES INC.,198,41,0.20707070707070707
"GoDaddy.com, LLC",87,18,0.20689655172413793
GLOBAL INFOTECH INC,29,6,0.20689655172413793
Pershing LLC,29,6,0.20689655172413793
Adobe Inc.,1055,218,0.2066350710900474
ABBVIE INC.,63,13,0.20634920634920634
"Charter Communications, Inc.",257,53,0.20622568093385213
SPRUCE TECHNOLOGY INC.,34,7,0.20588235294117646
ZF Active Safety US Inc.,34,7,0.20588235294117646
Mphasis Corporation ,141,29,0.20567375886524822
BP America Inc. ,39,8,0.20512820512820512
"Citrix Systems, Inc.",39,8,0.20512820512820512
Deloitte Consulting LLP,2633,540,0.20508925180402582
UST Global Inc,499,102,0.20440881763527055
"CrowdStrike, Inc.",93,19,0.20430107526881722
"BROADRIDGE FINANCIAL SOLUTIONS, INC.",49,10,0.20408163265306123
"RIVIAN AUTOMOTIVE, LLC",49,10,0.20408163265306123
"SS&C Technologies, Inc.",103,21,0.20388349514563106
"Capgemini America, Inc.",64,13,0.203125
Black & Veatch Corporation,99,20,0.20202020202020202
"Takeda Development Center Americas, Inc.",104,21,0.20192307692307693
"Synopsys, Inc.",119,24,0.20168067226890757
"Nordstrom, Inc.",129,26,0.20155038759689922
"Comcast Cable Communications, LLC",354,71,0.20056497175141244
"Lucid USA, Inc.",440,88,0.2
"Moss & Associates, LLC",45,9,0.2
PFIZER INC.,40,8,0.2
American Bankers Insurance Company of Florida,35,7,0.2
Carnival Corporation,35,7,0.2
Mastek Inc.,35,7,0.2
GenScript USA Inc.,30,6,0.2
Trimble Inc. ,30,6,0.2
Alpha Net Consulting LLC,25,5,0.2
"BlueCross BlueShield of Tennessee, Inc. ",25,5,0.2
DATARA INC,25,5,0.2
SIRITEK INC,25,5,0.2
"Vanderlande Industries, Inc.",25,5,0.2
"ABIOMED, Inc.",20,4,0.2
"Acuity Brands Lighting, Inc.",20,4,0.2
"Amplitude, Inc.",20,4,0.2
"DAIICHI SANKYO, INC.",20,4,0.2
"Edelman Financial Engines, LLC",20,4,0.2
"HULU, LLC",20,4,0.2
ImClone Systems LLC,20,4,0.2
Kennecott Utah Copper LLC,20,4,0.2
ORIGINTEK SOLUTIONS LLC,20,4,0.2
PUBLIC PARTNERSHIPS LLC,20,4,0.2
Think Academy International Education Inc.,20,4,0.2
"Tufts Medical Center, Inc.",20,4,0.2
"ZipRecruiter, Inc.",20,4,0.2
ALTPLUS LLC ,15,3,0.2
ANS Geo LLC,15,3,0.2
Advanced Knowledge Tech LLC,15,3,0.2
"Avalara, Inc.",15,3,0.2
BinTech Group LLC,15,3,0.2
Cigna Health and Life Insurance Company,15,3,0.2
"Collaborative Robotics, Inc.",15,3,0.2
"ELLIPSIS HEALTH, INC. ",15,3,0.2
Ecom Solutions Inc,15,3,0.2
"Envestnet Financial Technologies, Inc.",15,3,0.2
"Foundation Medicine, Inc.",15,3,0.2
Friendly Consultants Inc,15,3,0.2
"Health Catalyst, Inc.",15,3,0.2
HealthEdge Software,15,3,0.2
"INMAR, INC.",15,3,0.2
Kiewit Corporation,15,3,0.2
LangChain Inc.,15,3,0.2
MaineHealth,15,3,0.2
Providence Health & Services - Washington,15,3,0.2
"Rakuten USA, Inc.",15,3,0.2
"SLK AMERICA, INC.",15,3,0.2
SREE INFOTECK LLC,15,3,0.2
STERIS Corporation,15,3,0.2
Sabre GLBL Inc.,15,3,0.2
"Savi Technologies, Inc. ",15,3,0.2
"Skylo Technologies, Inc.",15,3,0.2
"Sri Technologies, Inc.",15,3,0.2
"Strava, Inc.",15,3,0.2
"TScan Therapeutics, Inc.",15,3,0.2
"Tailstorm Health, Inc",15,3,0.2
"Techno9 Solutions, Inc.",15,3,0.2
Think Logic Systems Inc,15,3,0.2
"Ulteig Engineers, Inc.",15,3,0.2
"Virtual Systems Solutions, Inc.",15,3,0.2
W.G. Yates and Sons Construction Co.,15,3,0.2
Winsupply Inc,15,3,0.2
"ALLIED BUSINESS CONSULTING, INC.",10,2,0.2
AMNEAL PHARMACEUTICALS LLC,10,2,0.2
AWS Security Assurances Services LLC,10,2,0.2
"Adenza, Inc. ",10,2,0.2
American Home Shield Corporation,10,2,0.2
"Arrow Interventional, Inc.",10,2,0.2
Artheon Inc.,10,2,0.2
CES Consulting LLC,10,2,0.2
CUBICOID SOLUTIONS LLC,10,2,0.2
Calpine LLC,10,2,0.2
Claris International Inc.,10,2,0.2
"Convergent Science, Inc.",10,2,0.2
"Curriculum Associates, LLC.",10,2,0.2
DSM-H LLC,10,2,0.2
Daikin Applied Americas Inc.,10,2,0.2
ECHOSPARK TECHNOLOGIES LLC,10,2,0.2
Eminent Software Services,10,2,0.2
"FormFactor, Inc.",10,2,0.2
"Gordon Food Service, Inc.",10,2,0.2
Grainger Corporate Services LLC,10,2,0.2
Hamilton College,10,2,0.2
"HealthStream, Inc.",10,2,0.2
IXMULES  LLC,10,2,0.2
"Imperva, Inc.",10,2,0.2
"Infosys Nova Holdings, LLC",10,2,0.2
"JPS TECH SOLUTIONS, LLC.",10,2,0.2
KAYAK Software Corporation,10,2,0.2
"Keller North America, Inc.",10,2,0.2
KriGen Pharmaceuticals LLC,10,2,0.2
Logicera Inc,10,2,0.2
"MEMX, LLC",10,2,0.2
METASENSE INC.,10,2,0.2
"Magna Powertrain of America, Inc.",10,2,0.2
"Medtronic MiniMed, Inc.",10,2,0.2
Missouri State University,10,2,0.2
"Mohawk Industries, Inc. ",10,2,0.2
"NEXINFO SOLUTIONS, INC",10,2,0.2
NYU Langone Health System,10,2,0.2
NeighborHealth Corporation,10,2,0.2
Nielsen Consumer LLC,10,2,0.2
"Olsson, Inc.",10,2,0.2
Otis Elevator Company,10,2,0.2
"Peloton Group, LLC",10,2,0.2
Phoenix Tech Solutions INC.,10,2,0.2
"Premium Brands Services, LLC",10,2,0.2
"Procorp Systems, Inc",10,2,0.2
Quantium Inc.,10,2,0.2
"RETOOL, INC.",10,2,0.2
"RH US, LLC",10,2,0.2
SANS Solution enterprise Inc,10,2,0.2
SOFTWEB SOLUTIONS INC,10,2,0.2
SRI International,10,2,0.2
"Sezzle, Inc.",10,2,0.2
Sonus Software Solutions Inc,10,2,0.2
"Tate & Lyle Solutions USA, LLC",10,2,0.2
Texas Children's Hospital,10,2,0.2
The Corporation of Mercer University,10,2,0.2
"Toyota Motor North America, Inc.",10,2,0.2
United Consulting Hub Inc,10,2,0.2
Vali LLC,10,2,0.2
"WYNDHAM HOTEL GROUP, LLC",10,2,0.2
Xometry Inc.,10,2,0.2
"i360 Holdings, LLC",10,2,0.2
LinkedIn Corporation,725,144,0.1986206896551724
Humana Inc.,262,52,0.1984732824427481
"Fortinet, Inc.",96,19,0.19791666666666666
Archer Aviation Inc.,76,15,0.19736842105263158
"AT&T SERVICES, INC.",396,78,0.19696969696969696
ADITI CONSULTING LLC,66,13,0.19696969696969696
Covidien LP,66,13,0.19696969696969696
LTM Limited,117,23,0.19658119658119658
"Amazon Web Services, Inc.",2421,475,0.19619991738950845
ROBOTICS STAFFING LLC,51,10,0.19607843137254902
"FedEx Freight, Inc.",134,26,0.19402985074626866
CEREBRAS SYSTEMS INC.,31,6,0.1935483870967742
"Crunchyroll, LLC",31,6,0.1935483870967742
"Krasan Consulting Services, Inc.",31,6,0.1935483870967742
"Sigma Computing, Inc.",31,6,0.1935483870967742
Populus Group LLC,274,53,0.19343065693430658
CGI Technologies and Solutions Inc.,533,103,0.19324577861163228
Toyota Material Handling Inc.,52,10,0.19230769230769232
Itron Inc.,26,5,0.19230769230769232
Vicor Corporation,26,5,0.19230769230769232
LTIMindtree Limited,1131,217,0.1918656056587091
CLOUD ANALYTICS TECHNOLOGIES LLC,63,12,0.19047619047619047
CNH Industrial America LLC,63,12,0.19047619047619047
ABAL TECHNOLOGIES INC,21,4,0.19047619047619047
AMD Design LLC,21,4,0.19047619047619047
"BackOffice Associates, LLC d/b/a Syniti",21,4,0.19047619047619047
City of Hope National Medical Center,21,4,0.19047619047619047
"Cognizant TriZetto Software Group, Inc.",21,4,0.19047619047619047
Detroit Diesel Corporation,21,4,0.19047619047619047
"Flatiron Dragados USA, Inc.",21,4,0.19047619047619047
Gotion Illinois New Energy Inc.,21,4,0.19047619047619047
Horizon IT Inc,21,4,0.19047619047619047
LiveMindz Services Inc,21,4,0.19047619047619047
Persistent Systems Limited,21,4,0.19047619047619047
"Proofpoint, Inc.",21,4,0.19047619047619047
"Radiant Way Technology, Inc.",21,4,0.19047619047619047
"Silicon Laboratories, Inc.",21,4,0.19047619047619047
"Tubi, Inc",21,4,0.19047619047619047
"SPOTIFY USA, INC.",79,15,0.189873417721519
"Confluent, Inc.",58,11,0.1896551724137931
"Zimmer, Inc.",74,14,0.1891891891891892
"GE ENERGY MANAGEMENT SERVICES, LLC",37,7,0.1891891891891892
"The Vanguard Group, Inc.",180,34,0.18888888888888888
Mindlance Inc.,53,10,0.18867924528301888
"Relevantz Technology Services, Inc.",53,10,0.18867924528301888
Bristol-Myers Squibb Company,175,33,0.18857142857142858
"Dropbox, Inc.",69,13,0.18840579710144928
EVONIK CORPORATION,48,9,0.1875
"United Parcel Service General Services, Co. ",48,9,0.1875
Georgia-Pacific LLC,32,6,0.1875
Montefiore Medical Center,32,6,0.1875
"Vistex, Inc.",32,6,0.1875
"1Finity Americas, Inc.",16,3,0.1875
AMERICAN TOWER CORPORATION,16,3,0.1875
Alibaba Cloud US LLC,16,3,0.1875
Hella Electronics Corporation,16,3,0.1875
"Herbalife International of America, Inc.",16,3,0.1875
"IT MINDS, LLC.",16,3,0.1875
IT TRAILBLAZERS LLC,16,3,0.1875
"James R. Glidewell Dental Ceramics, Inc.",16,3,0.1875
"KAIROS TECHNOLOGIES, INC",16,3,0.1875
M3BI LLC ,16,3,0.1875
"Neurocrine Biosciences, Inc.",16,3,0.1875
PLANET AI INVENTIONS LLC,16,3,0.1875
"QuantumScape Battery, Inc.",16,3,0.1875
"Rigelsky, Inc.",16,3,0.1875
Shure Incorporated,16,3,0.1875
SiTime Corporation,16,3,0.1875
"Sumitomo Pharma America, Inc.",16,3,0.1875
TECHSTAR CONSULTING INC,16,3,0.1875
THE ASHLAR GROUP LLC.,16,3,0.1875
Tek Yantra Inc,16,3,0.1875
"Telecom Technology Services, Inc.",16,3,0.1875
"Ulta, Inc.",16,3,0.1875
University of Maryland Medical System Corporation,16,3,0.1875
Virat Solutions Inc,16,3,0.1875
"KEYSIGHT TECHNOLOGIES, INC.",108,20,0.18518518518518517
Verizon Data Services LLC,108,20,0.18518518518518517
"MetLife Group, Inc.",54,10,0.18518518518518517
Catalyst Brands LLC,27,5,0.18518518518518517
EALEARN INC,27,5,0.18518518518518517
"GOIN TECHNOLOGY, INC.",27,5,0.18518518518518517
"Hologic, Inc.",27,5,0.18518518518518517
ITARKS INC,27,5,0.18518518518518517
"Impetus Technologies, Inc.",27,5,0.18518518518518517
Pantar Solutions Inc,27,5,0.18518518518518517
"Particle Media, Inc.",27,5,0.18518518518518517
TikTok U.S. Data Security Inc.,49,9,0.1836734693877551
"MONGODB, INC.",109,20,0.1834862385321101
"Centene Management Company, LLC",82,15,0.18292682926829268
"Airbnb, Inc.",143,26,0.18181818181818182
LTM LIMITED LTD,77,14,0.18181818181818182
GlaxoSmithKline LLC,55,10,0.18181818181818182
VIRTUAL REALITY TECHNOLOGIES LLC,55,10,0.18181818181818182
Incyte Corporation,33,6,0.18181818181818182
Tractor Supply Company,33,6,0.18181818181818182
"Boston Dynamics, Inc.",22,4,0.18181818181818182
Havix Group Inc.,22,4,0.18181818181818182
"Petco Animal Supplies Stores, Inc.",22,4,0.18181818181818182
"REALSOFT TECHNOLOGIES, LLC",22,4,0.18181818181818182
"Sena Info Technologies, Inc",22,4,0.18181818181818182
WILLIS TOWERS WATSON US LLC,22,4,0.18181818181818182
"ZF Transmissions Gray Court, LLC",22,4,0.18181818181818182
"AIM Intelligent Machines, Inc.",11,2,0.18181818181818182
"Ahead, Inc",11,2,0.18181818181818182
Anvi Consulting Inc,11,2,0.18181818181818182
Blockratize Inc.,11,2,0.18181818181818182
CSG Systems Inc. d/b/a CSG,11,2,0.18181818181818182
Canopy One Solutions Inc,11,2,0.18181818181818182
"Caris MPI, Inc.",11,2,0.18181818181818182
"Castlight Health, Inc.",11,2,0.18181818181818182
Catalent Pharma Solutions,11,2,0.18181818181818182
Comerica Management Company,11,2,0.18181818181818182
Cytiva US LLC,11,2,0.18181818181818182
ECLOUDOPTIMUM CORP.,11,2,0.18181818181818182
"Eminence IT Solutions, Inc",11,2,0.18181818181818182
Erie Indemnity Company,11,2,0.18181818181818182
FANUC America Corporation,11,2,0.18181818181818182
FORSYS INC.,11,2,0.18181818181818182
"Fanatics SPV, LLC",11,2,0.18181818181818182
Future Fetch LLC,11,2,0.18181818181818182
GrayMatter Robotics Inc.,11,2,0.18181818181818182
Green Dot Corporation,11,2,0.18181818181818182
"Honda Research Institute USA, Inc.",11,2,0.18181818181818182
I28 TECHNOLOGIES CORPORATION,11,2,0.18181818181818182
Insmed Incorporated,11,2,0.18181818181818182
"Integral Ad Science, Inc.",11,2,0.18181818181818182
International Systems Technologies Inc.,11,2,0.18181818181818182
"KBI Biopharma, Inc.",11,2,0.18181818181818182
"LG Energy Solution Vertech, Inc. ",11,2,0.18181818181818182
"Mitchell International, Inc.",11,2,0.18181818181818182
"Novel Laboratories, Inc.",11,2,0.18181818181818182
"Progyny, Inc.",11,2,0.18181818181818182
"Quber, Inc.",11,2,0.18181818181818182
Reyogmar Technologies Inc,11,2,0.18181818181818182
SCHNEIDER ELECTRIC IT CORPORATION,11,2,0.18181818181818182
SOLIX TECHNOLOGIES INCORPORATED,11,2,0.18181818181818182
SVS TECHNOLOGIES LIMITED,11,2,0.18181818181818182
Schlage Lock Company LLC,11,2,0.18181818181818182
"TRC Solutions, Inc.",11,2,0.18181818181818182
Teradata U.S. Inc,11,2,0.18181818181818182
UNIVERSITY OF THE PACIFIC,11,2,0.18181818181818182
University of Montana,11,2,0.18181818181818182
Vensai Technologies Inc,11,2,0.18181818181818182
"Vercel, Inc.",11,2,0.18181818181818182
"Workday, Inc.",267,48,0.1797752808988764
Northwestern Mutual Life Insurance Company,89,16,0.1797752808988764
"Social Finance, LLC",190,34,0.17894736842105263
"Atlassian US, Inc.",168,30,0.17857142857142858
ARTIFICIAL INTELLIGENCE LLC,56,10,0.17857142857142858
Regal Rexnord Corporation,28,5,0.17857142857142858
The University of Toledo,28,5,0.17857142857142858
Unisys Corporation,28,5,0.17857142857142858
PERSISTENT SYSTEMS LIMITED,101,18,0.1782178217821782
"Regeneron Pharmaceuticals, Inc.",292,52,0.1780821917808219
SDH Systems LLC,73,13,0.1780821917808219
"Asana, Inc.",45,8,0.17777777777777778
"Thermo Fisher Scientific, Inc. ",62,11,0.1774193548387097
"Cotiviti, Inc.",181,32,0.17679558011049723
"Experian Information Solutions, Inc.",68,12,0.17647058823529413
"Cigna-Evernorth Services, Inc.",51,9,0.17647058823529413
Apex-2000 Inc,34,6,0.17647058823529413
Credit Karma LLC,34,6,0.17647058823529413
"GUIDEWIRE SOFTWARE, INC.",34,6,0.17647058823529413
"Zuora, Inc.",34,6,0.17647058823529413
Advanced Knowledge Technologies Inc,17,3,0.17647058823529413
"Auto Club Services, Inc.",17,3,0.17647058823529413
DriveWealth Technologies LLC,17,3,0.17647058823529413
Eversource Energy Service Company,17,3,0.17647058823529413
"GEODIS Logistics, LLC",17,3,0.17647058823529413
KARIERA TECH LLC,17,3,0.17647058823529413
Polar IT Services Inc,17,3,0.17647058823529413
SARANSH INC,17,3,0.17647058823529413
"Tris Pharma, Inc.",17,3,0.17647058823529413
"VKore Solutions, LLC",17,3,0.17647058823529413
Wavesoft Solutions Inc,17,3,0.17647058823529413
Caremark LLC,245,43,0.17551020408163265
"Zions Bancorporation, N.A.",57,10,0.17543859649122806
"Medidata Solutions, Inc.",40,7,0.175
"PHOTON INFOTECH, INC.",183,32,0.17486338797814208
Hewlett Packard Enterprise Company,499,87,0.1743486973947896
"Abridge AI, Inc.",23,4,0.17391304347826086
Akshaya Inc.,23,4,0.17391304347826086
Coherent Corp.,23,4,0.17391304347826086
Florida Institute of Technology,23,4,0.17391304347826086
"Libsys, Inc",23,4,0.17391304347826086
"MAST Technology Services, Inc.",23,4,0.17391304347826086
PROCAL TECHNOLOGIES INC ,23,4,0.17391304347826086
Quanta Technology LLC,23,4,0.17391304347826086
"Uniphore Technologies North America, Inc.",23,4,0.17391304347826086
New York Technology Partners Inc,52,9,0.17307692307692307
"Birlasoft Solutions, Inc.",58,10,0.1724137931034483
"EGURU SOLUTIONS, LLC",29,5,0.1724137931034483
"Group Health, Inc.",29,5,0.1724137931034483
HL Mando America Corporation,29,5,0.1724137931034483
"ValueLabs, Inc.",29,5,0.1724137931034483
AstraZeneca Pharmaceuticals LP,99,17,0.1717171717171717
"Catalent Pharma Solutions, LLC",35,6,0.17142857142857143
Informatica LLC,35,6,0.17142857142857143
"Qualtrics, LLC",35,6,0.17142857142857143
Tenarai Inc.,35,6,0.17142857142857143
"Raymond James & Associates, Inc.",76,13,0.17105263157894737
Ancestry.com Operations Inc.,82,14,0.17073170731707318
"Illumio, Inc.",41,7,0.17073170731707318
"Prodapt North America, Inc.",41,7,0.17073170731707318
"Insurance Services Office, Inc",94,16,0.1702127659574468
Hughes Network Systems LLC,47,8,0.1702127659574468
"Medtronic, Inc. ",47,8,0.1702127659574468
"PYRAMID TECHNOLOGY SOLUTIONS, INC",53,9,0.16981132075471697
"Medline Industries, LP.",260,44,0.16923076923076924
"Citizens Financial Group, Inc.",136,23,0.16911764705882354
Apple Inc.,5682,959,0.16877859908482928
"Arcadis U.S., Inc.",84,14,0.16666666666666666
"CA, Inc.",36,6,0.16666666666666666
"Dexcom, Inc.",36,6,0.16666666666666666
WAKE FOREST UNIVERSITY,36,6,0.16666666666666666
Coupang Global LLC,30,5,0.16666666666666666
"Financial Industry Regulatory Authority, Inc.",30,5,0.16666666666666666
"Snorkel AI, Inc.",30,5,0.16666666666666666
"Turo, Inc. ",30,5,0.16666666666666666
"Aon Consulting, Inc.",24,4,0.16666666666666666
"Celltrion Branchburg, LLC",24,4,0.16666666666666666
Droisys Inc.,24,4,0.16666666666666666
"Elavon, Inc.",24,4,0.16666666666666666
"FIRST TEK, INC.",24,4,0.16666666666666666
"HERE North America, LLC",24,4,0.16666666666666666
Linklaters LLP,24,4,0.16666666666666666
MANKIND AMERICA LLC,24,4,0.16666666666666666
The Rapids Group Inc,24,4,0.16666666666666666
"2K Games, Inc.",18,3,0.16666666666666666
ADITI LLC,18,3,0.16666666666666666
APEX IT SERVICES LLC,18,3,0.16666666666666666
"AVEnterprise, Inc ",18,3,0.16666666666666666
CLOUDPROMAX LLC,18,3,0.16666666666666666
CSRA State and Local Solutions LLC,18,3,0.16666666666666666
"Caravels, LLC",18,3,0.16666666666666666
FLORIDA ATLANTIC UNIVERSITY,18,3,0.16666666666666666
"Halliburton Technology Partners, LLC",18,3,0.16666666666666666
Merck Sharp & Dohme LLC ,18,3,0.16666666666666666
MidAmerican Energy Company,18,3,0.16666666666666666
Ohio Farmers Insurance Company,18,3,0.16666666666666666
"SAAS Global Solutions, LLC.",18,3,0.16666666666666666
Scout Motors Inc.,18,3,0.16666666666666666
TANGENSIS INC,18,3,0.16666666666666666
Amerisoftpro Systems LLC,12,2,0.16666666666666666
"Anu Software Consultants, Inc.",12,2,0.16666666666666666
"Aveva Drug Delivery Systems, Inc.",12,2,0.16666666666666666
"Ayar Labs, Inc.",12,2,0.16666666666666666
CONGLOMERATEIT LLC,12,2,0.16666666666666666
"Cambridge Mobile Telematics, Inc.",12,2,0.16666666666666666
"Couchbase, Inc.",12,2,0.16666666666666666
"DOMINO TECHNOLOGIES, INC.",12,2,0.16666666666666666
"ESVEE TECHNOLOGIES, INC",12,2,0.16666666666666666
EVERITE SOLUTIONS INC,12,2,0.16666666666666666
"Eldorado National (California), Inc.",12,2,0.16666666666666666
"Globalstar, Inc.",12,2,0.16666666666666666
I Machines Inc.,12,2,0.16666666666666666
"INFORMATION TECHNOLOGY AND MANAGEMENT CONSULTING, INC.",12,2,0.16666666666666666
IQVIA RDS INC.,12,2,0.16666666666666666
Illuminate USA LLC,12,2,0.16666666666666666
"InfoDrive Systems, Inc.",12,2,0.16666666666666666
"Joby Aero, Inc.",12,2,0.16666666666666666
KNACKHOOK LLC.,12,2,0.16666666666666666
KR Elixir Inc.,12,2,0.16666666666666666
"Life360, Inc.",12,2,0.16666666666666666
"Malla Systems, Inc.",12,2,0.16666666666666666
NetJets Services Inc.,12,2,0.16666666666666666
"Odin Aerotech, LLC",12,2,0.16666666666666666
"Professional Service Industries, Inc. d/b/a Intertek PSI",12,2,0.16666666666666666
Purple Drive Technologies LLC,12,2,0.16666666666666666
"RICONPHARMA, LLC",12,2,0.16666666666666666
Red Hibbert Group LLC,12,2,0.16666666666666666
Safron Rock Inc,12,2,0.16666666666666666
"Scribd, Inc.",12,2,0.16666666666666666
"USA Waste-Management Resources, LLC",12,2,0.16666666666666666
University of Maryland Global Campus,12,2,0.16666666666666666
Upwork Global LLC,12,2,0.16666666666666666
Vitesse Group Inc,12,2,0.16666666666666666
iTechStack Inc,12,2,0.16666666666666666
"thyssenkrupp Crankshaft Company, LLC",12,2,0.16666666666666666
Coforge Limited,235,39,0.16595744680851063
SK Hynix NAND Product Solutions Corp,121,20,0.1652892561983471
Broadcom Corporation,79,13,0.16455696202531644
Hitachi Digital Services LLC,79,13,0.16455696202531644
Stanford Health Care,73,12,0.1643835616438356
U.S. BANK NATIONAL ASSOCIATION,134,22,0.16417910447761194
"CoreWeave, Inc.",67,11,0.16417910447761194
"Figma, Inc.",67,11,0.16417910447761194
Corewell Health,55,9,0.16363636363636364
"Farmers Group, Inc.",55,9,0.16363636363636364
"Nutanix, Inc.",159,26,0.16352201257861634
"Applied Optoelectronics, Inc.",43,7,0.16279069767441862
Genuine Parts Company,43,7,0.16279069767441862
Microsoft Corporation,5159,837,0.16224074433029656
C4i Technologies Inc.,37,6,0.16216216216216217
Ibase Operations Corp.,37,6,0.16216216216216217
LORHAN CORPORATION INC.,37,6,0.16216216216216217
SONY INTERACTIVE ENTERTAINMENT LLC,136,22,0.16176470588235295
Roblox Corporation,198,32,0.16161616161616163
"Intercontinental Exchange Holdings, Inc.",124,20,0.16129032258064516
"Ana-Data Consulting, Inc.",62,10,0.16129032258064516
ABBOTT DIABETES CARE INC.,31,5,0.16129032258064516
Integration Developer Network LLC,31,5,0.16129032258064516
LONZA HOUSTON INC ,31,5,0.16129032258064516
"Reflection AI, Inc.",31,5,0.16129032258064516
Thomson Reuters Holdings Inc.,31,5,0.16129032258064516
RPA TECHNOLOGIES LLC,56,9,0.16071428571428573
Beacon Hill Solutions Group LLC,137,22,0.16058394160583941
WIPRO LIMITED,1889,303,0.16040232927474854
Hector Systems Inc,50,8,0.16
Celesdata Inc.,25,4,0.16
"Concur Technologies, Inc.",25,4,0.16
"Nextdoor, Inc.",25,4,0.16
Safeway Inc. ,25,4,0.16
Kosma Tech Inc,44,7,0.1590909090909091
"Infinite Computer Solutions, Inc.",541,86,0.1589648798521257
"Terracon Consultants, Inc.",63,10,0.15873015873015872
"INTRAEDGE, INC.",164,26,0.15853658536585366
COOLSOFT LLC,38,6,0.15789473684210525
"A10 Networks, Inc.",19,3,0.15789473684210525
ALLAGI TECHNOLOGIES INC ,19,3,0.15789473684210525
ASTIR SERVICES LLC,19,3,0.15789473684210525
DePaul University,19,3,0.15789473684210525
"EOG Resources, Inc.",19,3,0.15789473684210525
Flex Consulting Group Inc.,19,3,0.15789473684210525
GE GRID SOLUTIONS LLC,19,3,0.15789473684210525
HARVEY AI CORPORATION,19,3,0.15789473684210525
Hussmann Corporation,19,3,0.15789473684210525
"ICE DATA SERVICES, INC.",19,3,0.15789473684210525
"Magnite, Inc.",19,3,0.15789473684210525
Pilot Technologies LLC,19,3,0.15789473684210525
Qwest Corporation,19,3,0.15789473684210525
SHOPIFY (USA) INC.,19,3,0.15789473684210525
SVASTHA INFOTECH INC,19,3,0.15789473684210525
"Typical Set, LLC",19,3,0.15789473684210525
"Vigna, Inc",19,3,0.15789473684210525
"Amdocs, Inc.",102,16,0.1568627450980392
"Samsung Electronics America, Inc.",102,16,0.1568627450980392
Zurich American Insurance Company,64,10,0.15625
"Akkodis E&T, LLC",32,5,0.15625
"Quanta Manufacturing Nashville, LLC",45,7,0.15555555555555556
"Adventist Health System/Sunbelt, Inc. ",58,9,0.15517241379310345
The Kroger Company,58,9,0.15517241379310345
MAHAUGHA LLC,71,11,0.15492957746478872
VMware LLC,84,13,0.15476190476190477
"Fiserv Solutions, LLC",312,48,0.15384615384615385
Dassault Systemes Americas Corp,65,10,0.15384615384615385
Cardinal Health ,39,6,0.15384615384615385
"PayPal Data Services, Inc.",39,6,0.15384615384615385
ACTIVISION PUBLISHING INC,26,4,0.15384615384615385
"AEO Employment Services Co., LLC",26,4,0.15384615384615385
Angi Inc.,26,4,0.15384615384615385
Choice Hotels International Services Corp,26,4,0.15384615384615385
"Dako Resources, LLC ",26,4,0.15384615384615385
"FL Tech Solutions, LLC.",26,4,0.15384615384615385
Foxconn Assembly LLC,26,4,0.15384615384615385
"ADVANCED ENERGY INDUSTRIES, INC.",13,2,0.15384615384615385
"AMERIPRISE FINANCIAL, INC.",13,2,0.15384615384615385
"Accelevation, LLC",13,2,0.15384615384615385
"Accion Labs US, Inc.",13,2,0.15384615384615385
"AiFa Labs, LLC",13,2,0.15384615384615385
Airline Tariff Publishing Company (ATPCO),13,2,0.15384615384615385
"American Unit, Inc",13,2,0.15384615384615385
Amsin LLC,13,2,0.15384615384615385
Arvato USA LLC,13,2,0.15384615384615385
BENED SOFTWARE SERVICES INC.,13,2,0.15384615384615385
Banner Health,13,2,0.15384615384615385
BioNTech US Inc.,13,2,0.15384615384615385
Birlasoft Computer Corporation,13,2,0.15384615384615385
CORE ITS LIMITED LIABILITY COMPANY,13,2,0.15384615384615385
Cresta Intelligence Inc.,13,2,0.15384615384615385
Crusoe Technologies LLC,13,2,0.15384615384615385
"Cyquent, Inc.",13,2,0.15384615384615385
Dassault Systemes Americas Corp.,13,2,0.15384615384615385
FAXIANIT INC,13,2,0.15384615384615385
FORTNA Systems Inc.,13,2,0.15384615384615385
"FiSec Global, Inc.",13,2,0.15384615384615385
"GSS INFOTECH CT, INC",13,2,0.15384615384615385
Great Lakes Cheese Co. Inc.,13,2,0.15384615384615385
HMH Hospitals Corporation,13,2,0.15384615384615385
"Intelliswift Software, Inc.",13,2,0.15384615384615385
Invent Artificial LLC,13,2,0.15384615384615385
"Kastech Solutions, LLC",13,2,0.15384615384615385
"Key Business Solutions, Inc.",13,2,0.15384615384615385
"LVT Labs, LLC",13,2,0.15384615384615385
Luxoft USA Inc.,13,2,0.15384615384615385
"MedStar Medical Group-Southern Maryland, LLC",13,2,0.15384615384615385
"Memphis Light, Gas, and Water",13,2,0.15384615384615385
"NEUDESIC, LLC",13,2,0.15384615384615385
Nantez Inc,13,2,0.15384615384615385
"Open Systems International, Inc.",13,2,0.15384615384615385
PRN IT CORP.,13,2,0.15384615384615385
PROCEPT BioRobotics,13,2,0.15384615384615385
"PathAI, Inc.",13,2,0.15384615384615385
Phygital24 Inc,13,2,0.15384615384615385
Pioneer Digital Technologies LLC,13,2,0.15384615384615385
Prime Therapeutics LLC,13,2,0.15384615384615385
Primerica Life Insurance Company,13,2,0.15384615384615385
Prodigy Technologies Inc,13,2,0.15384615384615385
"Redwood Materials, Inc.",13,2,0.15384615384615385
Repli Gen AI LLC,13,2,0.15384615384615385
SUNSOFT SERVICES INC,13,2,0.15384615384615385
"SanQuest, Inc.",13,2,0.15384615384615385
Streamvector Inc.,13,2,0.15384615384615385
"Texans IT Services, Inc.",13,2,0.15384615384615385
"ThoughtSpot, Inc.",13,2,0.15384615384615385
VR ITECH CONSULTING LLC,13,2,0.15384615384615385
"Wellmark, Inc.",13,2,0.15384615384615385
ZO Motors North America LLC,13,2,0.15384615384615385
McDonald's Corporation,59,9,0.15254237288135594
"H. LEE MOFFITT CANCER CENTER & RESEARCH INSTITUTE, INC.",46,7,0.15217391304347827
"Klaviyo, Inc.",46,7,0.15217391304347827
EPAM Systems Inc.,79,12,0.1518987341772152
"Two Sigma Investments, LP",66,10,0.15151515151515152
"DigitalOcean, LLC",33,5,0.15151515151515152
Ford Motor Credit Company LLC,33,5,0.15151515151515152
INFOTECH PRISM LLC,33,5,0.15151515151515152
"NCS Pearson, Inc.",33,5,0.15151515151515152
Pilot Travel Centers LLC,33,5,0.15151515151515152
SambaNova Systems Inc.,33,5,0.15151515151515152
"Kyyba, Inc.",86,13,0.1511627906976744
"Genentech, Inc.",146,22,0.1506849315068493
TECHNOSOFT CORPORATION,73,11,0.1506849315068493
XORIANT CORPORATION,73,11,0.1506849315068493
"NXP USA, Inc.",113,17,0.1504424778761062
Google LLC,7486,1123,0.15001335826876835
"INTELLECTT, INC.",140,21,0.15
"SEL Engineering Services, Inc.",40,6,0.15
"Twitch Interactive, Inc.",40,6,0.15
ADVENTIST HEALTH SYSTEM SUNBELT HEALTHCARE CORP,20,3,0.15
Ball State University,20,3,0.15
CDW Technologies LLC,20,3,0.15
CHS Inc.,20,3,0.15
"FinThrive, Inc.",20,3,0.15
PRIME S4 TECHNOLOGIES LLC,20,3,0.15
"Prowesys, Inc.",20,3,0.15
"SERVICELINK SERVICES, LLC",20,3,0.15
"SYSINTEL, INC.",20,3,0.15
University of Kentucky,20,3,0.15
X Corp.,20,3,0.15
Aetna Resources LLC,187,28,0.1497326203208556
"Valeo North America, Inc.",47,7,0.14893617021276595
WSP USA Inc.,262,39,0.14885496183206107
"Optum Services, Inc. ",343,51,0.14868804664723032
Ellucian Company LLC,27,4,0.14814814814814814
HALLMARK GLOBAL TECHNOLOGIES INC,27,4,0.14814814814814814
"Sapot Systems, Inc",27,4,0.14814814814814814
UNICON SCIENCES,27,4,0.14814814814814814
"Vertex, Inc.",27,4,0.14814814814814814
"AECOM Technical Services, Inc.",176,26,0.14772727272727273
"Discord, Inc.",34,5,0.14705882352941177
HNTB Corporation,34,5,0.14705882352941177
Sai Business Solutions LLC,34,5,0.14705882352941177
Zebra Technologies Corporation,34,5,0.14705882352941177
KLA Corporation,293,43,0.14675767918088736
Concentrix CVG Customer Management Group Inc.,150,22,0.14666666666666667
National Railroad Passenger Corporation,41,6,0.14634146341463414
Teladoc Health Inc.,55,8,0.14545454545454545
"Ascendion, Inc. (Formerly known as Collabera, Inc.)",97,14,0.14432989690721648
"Applied Intuition, Inc.",104,15,0.14423076923076922
NVIDIA Corporation,2467,354,0.14349412241588974
SNAP INC.,286,41,0.14335664335664336
"Charles Schwab & Company, Inc.",357,51,0.14285714285714285
Texas Instruments Incorporated,189,27,0.14285714285714285
AbbVie Inc.,105,15,0.14285714285714285
EFICENS SYSTEMS INC,70,10,0.14285714285714285
Agility Robotics Inc.,42,6,0.14285714285714285
"Reddit, Inc.",42,6,0.14285714285714285
Superhuman Platform Inc.,42,6,0.14285714285714285
Tardus Inc,42,6,0.14285714285714285
"Axon Enterprise, Inc",35,5,0.14285714285714285
Chicago Public Schools,35,5,0.14285714285714285
SIRI INFOSOLUTIONS INC.,35,5,0.14285714285714285
"Skydio, Inc.",35,5,0.14285714285714285
"GSK Solutions, Inc.",28,4,0.14285714285714285
"Matic Robots, Inc.",28,4,0.14285714285714285
"Wayve Technologies, Inc",28,4,0.14285714285714285
Ajace Inc,21,3,0.14285714285714285
"CarGurus, Inc.",21,3,0.14285714285714285
Exelon Business Services Company LLC,21,3,0.14285714285714285
"General Mills, Inc.",21,3,0.14285714285714285
IONIC TECHNOLOGIES LLC,21,3,0.14285714285714285
"IXL Learning, Inc. ",21,3,0.14285714285714285
JPMORGAN CHASE & CO.,21,3,0.14285714285714285
Maveric NXT Inc,21,3,0.14285714285714285
"NC Health Affiliates, LLC",21,3,0.14285714285714285
"Postman, Inc.",21,3,0.14285714285714285
SOFTOVAINC,21,3,0.14285714285714285
The University of Texas at San Antonio,21,3,0.14285714285714285
AI LABS WEB LLC,14,2,0.14285714285714285
"AI RandomTrees, LLC",14,2,0.14285714285714285
American University,14,2,0.14285714285714285
Ascend Learning LLC,14,2,0.14285714285714285
"Benchling, Inc.",14,2,0.14285714285714285
Berkshire Hathaway Specialty Insurance Company,14,2,0.14285714285714285
"Cartesia AI, Inc.",14,2,0.14285714285714285
Chevron Corporation,14,2,0.14285714285714285
Cognitiv Corp,14,2,0.14285714285714285
Digitronix AI Inc,14,2,0.14285714285714285
"Enternet Business Systems, Inc.",14,2,0.14285714285714285
GEEKSOFT LLC,14,2,0.14285714285714285
GENOME INTERNATIONAL CORPORATION,14,2,0.14285714285714285
Galaxy I Technologies Inc,14,2,0.14285714285714285
"Galaxy I Technologies, Inc",14,2,0.14285714285714285
Global Alliant Inc,14,2,0.14285714285714285
"GoodRx, Inc.",14,2,0.14285714285714285
"H. Lee Moffitt Cancer Center & Research Institute, Inc.",14,2,0.14285714285714285
"HealthEquity, Inc.",14,2,0.14285714285714285
"INTEGRIS HEALTH, INC.",14,2,0.14285714285714285
Illinois Institute of Technology,14,2,0.14285714285714285
Information Data Systems Inc.,14,2,0.14285714285714285
Kalpra Tech Solutions LLC,14,2,0.14285714285714285
La Scuola International School,14,2,0.14285714285714285
"MGM Resorts Satellite, LLC",14,2,0.14285714285714285
MROADS LLC,14,2,0.14285714285714285
"Mapbox, Inc.",14,2,0.14285714285714285
Nan Inc,14,2,0.14285714285714285
"Nimble Robotics, Inc.",14,2,0.14285714285714285
Radiantze Inc.,14,2,0.14285714285714285
Roaring Fork School District RE-1,14,2,0.14285714285714285
Robert Half Inc.,14,2,0.14285714285714285
Rolls-Royce Solutions America Inc.,14,2,0.14285714285714285
SMART IT FRAME LLC,14,2,0.14285714285714285
"Salas O'Brien, Inc.",14,2,0.14285714285714285
Spacewalk Systems Inc,14,2,0.14285714285714285
TBC - The Boring Company,14,2,0.14285714285714285
"TSR Consulting Services, Inc.",14,2,0.14285714285714285
"Talech, Inc.",14,2,0.14285714285714285
Teslac IT Solutions LLC,14,2,0.14285714285714285
"Universal City Development Partners, Ltd.",14,2,0.14285714285714285
VIEWVERTICAL TECHNOLOGIES LLC,14,2,0.14285714285714285
ZF CV Systems North America LLC,14,2,0.14285714285714285
"ZestFinance, Inc.",14,2,0.14285714285714285
"Hexaware Technologies, Inc.",408,58,0.14215686274509803
Equifax Inc.,148,21,0.14189189189189189
"Akkodis, Inc.",106,15,0.14150943396226415
TikTok USDS Joint Venture LLC,178,25,0.1404494382022472
"NetApp, Inc.",136,19,0.13970588235294118
"Akamai Technologies, Inc.",172,24,0.13953488372093023
"Anysphere, Inc.",43,6,0.13953488372093023
Jacobs Engineering Group Inc.,158,22,0.13924050632911392
APLOMB TECHNOLOGIES INC.,36,5,0.1388888888888889
"INSPYR Solutions, LLC",36,5,0.1388888888888889
Quantum Integrators Group LLC,36,5,0.1388888888888889
Tencent America LLC,58,8,0.13793103448275862
"Highbrow Technology, Inc",29,4,0.13793103448275862
"Moderna Services, Inc.",29,4,0.13793103448275862
ROYAL CYBER INC,29,4,0.13793103448275862
University of Oregon,29,4,0.13793103448275862
Eli Lilly and Company,312,43,0.13782051282051283
"Rockwell Automation, Inc.",80,11,0.1375
EPSoft Technologies LLC,51,7,0.13725490196078433
Schlumberger Technology Corporation,110,15,0.13636363636363635
Lennox International Inc. ,44,6,0.13636363636363635
Sathram Corporation,44,6,0.13636363636363635
Unity Technologies SF,44,6,0.13636363636363635
Adventist Health System/Sunbelt Inc. ,22,3,0.13636363636363635
Creative Team LLC,22,3,0.13636363636363635
Echo IT Solutions Inc,22,3,0.13636363636363635
"HKS, Inc.",22,3,0.13636363636363635
Louisiana Tech University,22,3,0.13636363636363635
"Monolithic Power Systems, Inc.",22,3,0.13636363636363635
ORBISIQ INC,22,3,0.13636363636363635
"Regal IT Services, Inc",22,3,0.13636363636363635
"SYSTECHCORP, INC.",22,3,0.13636363636363635
University of Rhode Island,22,3,0.13636363636363635
"Worldpay, LLC ",59,8,0.13559322033898305
"Galileo Financial Technologies, LLC",37,5,0.13513513513513514
"HRB Professional Resources, LLC",37,5,0.13513513513513514
"OmniVision Technologies, Inc.",37,5,0.13513513513513514
"Stanley Black and Decker, Inc.",37,5,0.13513513513513514
"Netflix, Inc.",348,47,0.13505747126436782
"Fujitsu North America, Inc. ",89,12,0.1348314606741573
Archer Daniels Midland Company ,52,7,0.1346153846153846
"Yash Technologies, Inc",52,7,0.1346153846153846
R2 Technologies Corporation,60,8,0.13333333333333333
"Fireworks.ai, Inc.",45,6,0.13333333333333333
"Janssen Research & Development, LLC",45,6,0.13333333333333333
"Granules Pharmaceuticals, Inc.",30,4,0.13333333333333333
LILLI TECHNOLOGY LLC,30,4,0.13333333333333333
New York City Health and Hospitals Corporation,30,4,0.13333333333333333
UNIVERSITY OF CENTRAL FLORIDA,30,4,0.13333333333333333
A9.com LLC,15,2,0.13333333333333333
AI SYNC INNOVATIONS LLC,15,2,0.13333333333333333
Alo LLC,15,2,0.13333333333333333
American Electric Power,15,2,0.13333333333333333
"COMPNOVA, LLC.",15,2,0.13333333333333333
DEXPERTS INC.,15,2,0.13333333333333333
DICE IT SOLUTIONS LLC.,15,2,0.13333333333333333
"Dick's Sporting Goods, Inc.",15,2,0.13333333333333333
"Electronic Arts - Tiburon, a Florida Corporation",15,2,0.13333333333333333
First Technology Federal Credit Union,15,2,0.13333333333333333
"Fisher Asset Management, LLC",15,2,0.13333333333333333
"Formosa Plastics Corporation, Texas",15,2,0.13333333333333333
"Framestore, Inc",15,2,0.13333333333333333
Gatik AI Inc.,15,2,0.13333333333333333
"InfoCepts, LLC",15,2,0.13333333333333333
LITMUS7 SYSTEMS CONSULTING INC,15,2,0.13333333333333333
"MB IT Associates, LLC",15,2,0.13333333333333333
Mellow Soft Inc.,15,2,0.13333333333333333
Onward Technologies Inc,15,2,0.13333333333333333
"Panasonic Automotive Systems America, LLC",15,2,0.13333333333333333
Power Integrations Inc.,15,2,0.13333333333333333
"SeatGeek, Inc.",15,2,0.13333333333333333
Shared Technology Services Group LLC,15,2,0.13333333333333333
Solware IT Technologies LLC,15,2,0.13333333333333333
"Sunrun, Inc.",15,2,0.13333333333333333
THE FEINSTEIN INSTITUTES FOR MEDICAL RESEARCH,15,2,0.13333333333333333
"THRYV, INC.",15,2,0.13333333333333333
The Elevance Health Companies Inc.,15,2,0.13333333333333333
"The Most Group, Inc.",15,2,0.13333333333333333
"Xpanse, LLC",15,2,0.13333333333333333
iCode Technologies LLC,15,2,0.13333333333333333
"Rivian Automotive, LLC",518,69,0.13320463320463322
"FIS Management Services, LLC",467,62,0.13276231263383298
IBM Corporation,1236,164,0.13268608414239483
The Devereux Foundation,68,9,0.1323529411764706
"Arista Networks, Inc.",121,16,0.1322314049586777
Acetech Group Corporation,53,7,0.1320754716981132
"ICF Incorporated, LLC",53,7,0.1320754716981132
"Databricks, Inc.",463,61,0.13174946004319654
"Asurion, LLC",61,8,0.13114754098360656
LPL Financial LLC,84,11,0.13095238095238096
University of Notre Dame du Lac,84,11,0.13095238095238096
COMTEC CONSULTANTS INC,46,6,0.13043478260869565
"Jacobs Engineering Group, Inc.",46,6,0.13043478260869565
UNIVERSITY OF DELAWARE,46,6,0.13043478260869565
"Aegon Global Services, LLC",23,3,0.13043478260869565
Ascentt Systems Inc.,23,3,0.13043478260869565
"AvidXchange, Inc.",23,3,0.13043478260869565
BROADRANGE TECHNOLOGIES INC,23,3,0.13043478260869565
CNN IT Corp Inc.,23,3,0.13043478260869565
FPT USA Corporation,23,3,0.13043478260869565
Generac Power Systems,23,3,0.13043478260869565
"Munich Re America Services, Inc.",23,3,0.13043478260869565
PRATVIK TECHNOLOGIES INC,23,3,0.13043478260869565
"Premier, Inc.",23,3,0.13043478260869565
Vertisystem Inc.,23,3,0.13043478260869565
University of Utah,154,20,0.12987012987012986
InterSystems Corporation,54,7,0.12962962962962962
White & Case LLP,85,11,0.12941176470588237
Birlasoft Inc,93,12,0.12903225806451613
DVG TECH SOLUTIONS LLC.,31,4,0.12903225806451613
JEAN MARTIN INC,31,4,0.12903225806451613
Trustees of Dartmouth College,31,4,0.12903225806451613
USM Business Sytems Inc,31,4,0.12903225806451613
"Wabtec US Rail, Inc.",31,4,0.12903225806451613
"Micron Technology, Inc.",467,60,0.1284796573875803
ND Global Consulting Services Inc.,47,6,0.1276595744680851
BYTEDANCE INC.,276,35,0.12681159420289856
"GFT Infrastructure, Inc.",79,10,0.12658227848101267
"HDR Engineering, Inc.",95,12,0.12631578947368421
The Children's Hospital of Philadelphia,95,12,0.12631578947368421
"Oracle America, Inc.",785,99,0.12611464968152866
Georgetown University,72,9,0.125
SCHRILL TECHNOLOGIES INC,64,8,0.125
"athenahealth, Inc.",56,7,0.125
IT DIVISION INC.,48,6,0.125
"Mistral AI, Inc.",48,6,0.125
"Ventois, Inc",48,6,0.125
"ACCELYST, LLC",40,5,0.125
SRI Tech Solutions Inc.,40,5,0.125
"Align Technology, Inc.",32,4,0.125
Ruri Software Technologies LLC,32,4,0.125
The Ohio University,32,4,0.125
"Cloudera, Inc.",24,3,0.125
FACTORY MUTUAL INSURANCE COMPANY,24,3,0.125
"OCLC, Inc.",24,3,0.125
Techoauth Solutions LLC,24,3,0.125
The Chamberlain Group LLC,24,3,0.125
WHOOP Inc.,24,3,0.125
Cira Tek Inc,16,2,0.125
DIGI CLOUD LLC,16,2,0.125
EBSCO Publishing,16,2,0.125
EPACE TECHNOLOGIES INC,16,2,0.125
Eastern Washington University,16,2,0.125
Energyard LLC,16,2,0.125
Frost Bank,16,2,0.125
Global Soft Technologies LLC,16,2,0.125
Ingenious Heads LLC,16,2,0.125
"Maxlinear, Inc.",16,2,0.125
Metropolitan State University of Denver,16,2,0.125
"North Suffolk Community Services, Inc.",16,2,0.125
Nova Measuring Instruments Inc.,16,2,0.125
Oakland University,16,2,0.125
"Ouro Global, Inc.",16,2,0.125
"PINTEGRA, LLC",16,2,0.125
Progrite Systems Inc,16,2,0.125
"Red Oak Tech, Inc",16,2,0.125
Sentara Health,16,2,0.125
TechMetro LLC,16,2,0.125
Tessera Labs Corporation,16,2,0.125
"Thales DIS CPL USA, Inc.",16,2,0.125
"UNICORN TECHNOLOGIES,LLC",16,2,0.125
Ultium Cells LLC,16,2,0.125
Unicon Systems Inc,16,2,0.125
VENSIT CORP,16,2,0.125
WALL STREET CONSULTING SERVICES LLC,16,2,0.125
"Wavicle Data Solutions, LLC",16,2,0.125
"ZOCDOC, INC.",16,2,0.125
U.S. Bank National Association,306,38,0.12418300653594772
BEACONFIRE STAFFING SOLUTIONS INC.,121,15,0.12396694214876033
Lam Research Corporation ,218,27,0.12385321100917432
"Cardinal Health, Inc.",89,11,0.12359550561797752
Charter Communications Inc. ,89,11,0.12359550561797752
"SAP Labs, LLC",89,11,0.12359550561797752
Presbyterian Healthcare Services,81,10,0.12345679012345678
"C3.ai, Inc.",65,8,0.12307692307692308
"Northstar Group, Inc",57,7,0.12280701754385964
Synchrony Bank,57,7,0.12280701754385964
VISTALTECH INC,57,7,0.12280701754385964
"Macy's Systems and Technology, Inc.",49,6,0.12244897959183673
"Publix Super Markets, Inc.",49,6,0.12244897959183673
"HubSpot, Inc.",139,17,0.1223021582733813
"Samsung Semiconductor, Inc.",131,16,0.12213740458015267
VSION TECHNOLOGIES INC ,41,5,0.12195121951219512
"TECH MAHINDRA (AMERICAS), INC",575,70,0.12173913043478261
"AUDIBLE, INC.",173,21,0.12138728323699421
"Yoh, A Day & Zimmermann Company",66,8,0.12121212121212122
ECOM Consulting Incorporated,33,4,0.12121212121212122
"Fetch Rewards, Inc.",33,4,0.12121212121212122
PACIFIC CONSULTANCY SERVICES LLC,33,4,0.12121212121212122
"Analog Devices, Inc.",199,24,0.12060301507537688
Gainwell Technologies LLC,50,6,0.12
Narvee Tech Inc,50,6,0.12
Singular Analysts Inc,50,6,0.12
Archer Daniels Midland Company,25,3,0.12
"Curia Global, Inc. ",25,3,0.12
"Domino's Pizza, Inc.",25,3,0.12
Educational Testing Service,25,3,0.12
New York Independent System Operator,25,3,0.12
"Sandisk Technologies, Inc.",192,23,0.11979166666666667
PACCAR Inc,67,8,0.11940298507462686
L&T Technology Services Limited,344,41,0.11918604651162791
The Guardian Life Insurance Company of America,42,5,0.11904761904761904
"Woven by Toyota, U.S., Inc.",42,5,0.11904761904761904
FORD MOTOR COMPANY,674,80,0.11869436201780416
TSMC Arizona Corporation,135,16,0.11851851851851852
"People Tech Group, Inc",483,57,0.11801242236024845
"Zensar Technologies, Inc.",119,14,0.11764705882352941
"Corgan Associates, Inc.",34,4,0.11764705882352941
Lead IT Corporation,34,4,0.11764705882352941
ACI Worldwide Corp.,17,2,0.11764705882352941
AXLE IT INC.,17,2,0.11764705882352941
American Specialty Health Incorporated,17,2,0.11764705882352941
Ann & Robert H. Lurie Children's Hospital of Chicago,17,2,0.11764705882352941
Blue Cross & Blue Shield of Mississippi,17,2,0.11764705882352941
"CAROLLO ENGINEERS, INC.",17,2,0.11764705882352941
"CovetIT, Inc.",17,2,0.11764705882352941
"Dana Automotive Systems Group, LLC",17,2,0.11764705882352941
"De Lage Landen Financial Services, Inc.",17,2,0.11764705882352941
GE HEALTHCARE IITS USA CORPORATION,17,2,0.11764705882352941
Gamma Technologies LLC,17,2,0.11764705882352941
Genworth North America Corporation,17,2,0.11764705882352941
"Interactive Communications International, Inc. ",17,2,0.11764705882352941
Lennar Corporation,17,2,0.11764705882352941
McGraw Hill LLC,17,2,0.11764705882352941
"Modular, Inc.",17,2,0.11764705882352941
NETLINE TECHNOLOGIES LLC.,17,2,0.11764705882352941
New Jersey Institute of Technology,17,2,0.11764705882352941
SASINFO INC,17,2,0.11764705882352941
SPI Cloud Systems LLC,17,2,0.11764705882352941
SRISAN GROUP INC,17,2,0.11764705882352941
"SupraSoft, Inc.",17,2,0.11764705882352941
"TOP EDGE TECHNOLOGY, INC.",17,2,0.11764705882352941
Texas A&M University-Corpus Christi,17,2,0.11764705882352941
tekAssembly Corporation,17,2,0.11764705882352941
"Blue Yonder, Inc.",60,7,0.11666666666666667
SAVVY INFO SYSTEMS INC,43,5,0.11627906976744186
"Meta Platforms, Inc",5279,613,0.11612047736313696
"DENKEN SOLUTIONS, INC.",121,14,0.11570247933884298
Laboratory Corporation of America Holdings,78,9,0.11538461538461539
"CONSOR North America, Inc.",26,3,0.11538461538461539
"Conduent State & Local Solutions, Inc.",26,3,0.11538461538461539
Credit Acceptance Corporation,26,3,0.11538461538461539
LGL Technologies LLC,26,3,0.11538461538461539
LSI Corporation,26,3,0.11538461538461539
"Lila Sciences, Inc.",26,3,0.11538461538461539
PEGASYSTEMS INC.,26,3,0.11538461538461539
S&P Global Market Intelligence Inc. ,26,3,0.11538461538461539
Savantis Intelli Solutions INC,26,3,0.11538461538461539
Sparksoft Corporation,26,3,0.11538461538461539
T.Y. Lin International,26,3,0.11538461538461539
"TECHSMART GLOBAL, INC.",26,3,0.11538461538461539
W.M. Rice University,26,3,0.11538461538461539
"Zoom Communications, Inc.",191,22,0.11518324607329843
"CCC Intelligent Solutions, Inc",61,7,0.11475409836065574
"ADP Technology Services, Inc. ",271,31,0.11439114391143912
The Jackson Laboratory ,70,8,0.11428571428571428
LEAR CORPORATION,35,4,0.11428571428571428
"LiveRamp, Inc.",35,4,0.11428571428571428
"Sonos, Inc.",35,4,0.11428571428571428
Su Escuela Language Academy LLC,35,4,0.11428571428571428
University of Arkansas,35,4,0.11428571428571428
"eviCore healthcare MSI, LLC",35,4,0.11428571428571428
Tempus AI,44,5,0.11363636363636363
"ModernaTX, Inc.",53,6,0.11320754716981132
"Red Hat, LLC",89,10,0.11235955056179775
CAPGEMINI AMERICA INC,340,38,0.11176470588235295
Kaseya US LLC,36,4,0.1111111111111111
"Teradyne, Inc.",36,4,0.1111111111111111
"Acentra Health, LLC",27,3,0.1111111111111111
"Also, Inc.",27,3,0.1111111111111111
Arcus Technologies,27,3,0.1111111111111111
"Baanyan Software Services, Inc.",27,3,0.1111111111111111
DataCloud Technologies LLC,27,3,0.1111111111111111
Novozen Healthcare LLC,27,3,0.1111111111111111
PARAMOUNT SOFTWARE SOLUTIONS INC,27,3,0.1111111111111111
"Rackspace US, Inc.",27,3,0.1111111111111111
University of Chicago Medical Center,27,3,0.1111111111111111
"6COM, INC",18,2,0.1111111111111111
BYTEWARE INC,18,2,0.1111111111111111
"Cohere Health, Inc.",18,2,0.1111111111111111
Cuboid LLC,18,2,0.1111111111111111
DataStack Technologies LLC,18,2,0.1111111111111111
East Tennessee State University (ETSU),18,2,0.1111111111111111
"Epic Games, Inc.",18,2,0.1111111111111111
HAN IT STAFFING INC.,18,2,0.1111111111111111
Highbrow LLC,18,2,0.1111111111111111
Linkpro Technologies Inc,18,2,0.1111111111111111
"MATTSON TECHNOLOGY, INC.",18,2,0.1111111111111111
MINISOFT TECHNOLOGIES LLC,18,2,0.1111111111111111
Proskauer Rose LLP,18,2,0.1111111111111111
"RESOURCE INTEGRATORS, LLC",18,2,0.1111111111111111
"RadixArk, Inc.",18,2,0.1111111111111111
"United Airlines, Inc.",18,2,0.1111111111111111
"Indeed, Inc.",145,16,0.1103448275862069
The Prudential Insurance Company of America,91,10,0.10989010989010989
Administrators of the Tulane Educational Fund,82,9,0.10975609756097561
"SAP America, Inc.",365,40,0.1095890410958904
"The MathWorks, Inc.",329,36,0.1094224924012158
Intel Corporation ,1732,189,0.10912240184757506
Rocket Limited Partnership,266,29,0.10902255639097744
"Zoox, Inc.",166,18,0.10843373493975904
"Super Micro Computer, Inc.",65,7,0.1076923076923077
ARDOR IT SYSTEMS LLC,28,3,0.10714285714285714
"CARIAD, Inc.",28,3,0.10714285714285714
FIONA SOLUTIONS INC,28,3,0.10714285714285714
Orien Solutions Inc,28,3,0.10714285714285714
"Plaid, Inc.",28,3,0.10714285714285714
Epsilon Data Management LLC,75,8,0.10666666666666667
"Together Computer, Inc.",47,5,0.10638297872340426
WGU Corporation,47,5,0.10638297872340426
Visa Technology & Operations LLC,320,34,0.10625
CORPORATE SOLUTIONS GENERAL INC,113,12,0.10619469026548672
"SAGARSOFT, INC",66,7,0.10606060606060606
"Skyworks Solutions, Inc.",95,10,0.10526315789473684
CLOUD SOCIAL TECHNOLOGIES LLC,57,6,0.10526315789473684
Veeva Systems Inc.,57,6,0.10526315789473684
Calsoft Labs Inc,38,4,0.10526315789473684
Cummins Emission Solutions Inc.,38,4,0.10526315789473684
Grainger Management LLC,38,4,0.10526315789473684
Parsons Transportation Group Inc.,38,4,0.10526315789473684
Wolters Kluwer United States Inc.,38,4,0.10526315789473684
Amperesand Inc.,19,2,0.10526315789473684
"CSTS TECHNOLOGIES, INC",19,2,0.10526315789473684
Infineon Technologies LLC,19,2,0.10526315789473684
"JADE GLOBAL, INC.",19,2,0.10526315789473684
MarketAxess Corporation,19,2,0.10526315789473684
"PPG Industries, Inc.",19,2,0.10526315789473684
"SBase Technologies, Inc.",19,2,0.10526315789473684
SHEIN Technology LLC,19,2,0.10526315789473684
Sanofi Vaccines US Inc.,19,2,0.10526315789473684
"Source Consulting, LLC",19,2,0.10526315789473684
TECHNOVIZ LLC,19,2,0.10526315789473684
"TechData Service Company, LLC",19,2,0.10526315789473684
University of Maine,19,2,0.10526315789473684
"Vedainfo, Inc.",19,2,0.10526315789473684
VisionNav Robotics USA Inc.,19,2,0.10526315789473684
CVS Pharmacy Inc.,191,20,0.10471204188481675
"INFOSHARE SYSTEMS, INC.",67,7,0.1044776119402985
"American Family Mutual Insurance Company, S.I.",96,10,0.10416666666666667
Greycell Labs Inc,48,5,0.10416666666666667
"Mercedes-Benz Research & Development North America, Inc.",48,5,0.10416666666666667
"Pinterest, Inc.",290,30,0.10344827586206896
"Auris Health, Inc.",58,6,0.10344827586206896
"Iris Software, Inc",58,6,0.10344827586206896
SWANKTEK INC,58,6,0.10344827586206896
Ciena Corporation,29,3,0.10344827586206896
ExxonMobil Technology and Engineering Company,29,3,0.10344827586206896
OhioHealth Corp.,29,3,0.10344827586206896
"Schrodinger, Inc.",29,3,0.10344827586206896
"Shutterfly, LLC",29,3,0.10344827586206896
"Thumbtack, Inc.",29,3,0.10344827586206896
XNRGY Climate Systems (US) LLC,29,3,0.10344827586206896
VIRTUSA CORPORATION,504,52,0.10317460317460317
"Xilinx, Inc.",126,13,0.10317460317460317
"TORC Robotics, Inc.",68,7,0.10294117647058823
THE UNIVERSITY OF TEXAS RIO GRANDE VALLEY,107,11,0.102803738317757
"Eliassen Group, LLC",78,8,0.10256410256410256
"H-E-B, LP",39,4,0.10256410256410256
"Latitude AI, LLC",39,4,0.10256410256410256
"Tyler Technologies, Inc.",39,4,0.10256410256410256
ADROIT INNOVATIVE SOLUTIONS INC.,49,5,0.10204081632653061
Symbotic LLC,49,5,0.10204081632653061
"Affirm, Inc.",59,6,0.1016949152542373
Eversoft Technologies LLC,59,6,0.1016949152542373
Aptiv US Services General Partnership,79,8,0.10126582278481013
CyberSource Corporation,79,8,0.10126582278481013
"Lowe's Companies, Inc.",238,24,0.10084033613445378
"Artech, LLC",209,21,0.10047846889952153
The University of Southern California,130,13,0.1
AMERICAN IT SOLUTIONS INC.,50,5,0.1
"Groq, Inc.",40,4,0.1
"Infovision, Inc.",40,4,0.1
Mygo Consulting Inc.,40,4,0.1
eTek IT Services Inc,40,4,0.1
Refinitiv US LLC,30,3,0.1
"Walter P. Moore and Associates, Inc.",30,3,0.1
"Aircall.io, Inc.",20,2,0.1
BAUER Foundation Corp.,20,2,0.1
Bose Corporation,20,2,0.1
E COMM QUEST LLC,20,2,0.1
ERBA Solutions LLC,20,2,0.1
"Metropolis Employee Services, LLC",20,2,0.1
SANCTITYINTERNATIONAL LLC,20,2,0.1
"Specialist Resources Global, Inc.",20,2,0.1
Unisoft Solutions LLC,20,2,0.1
"3CORE SYSTEMS, INC.",10,1,0.1
"ACTAVIS LABORATORIES FL, INC.",10,1,0.1
"ADVANCED TECHNOLOGY GROUP USA, INC.",10,1,0.1
"AK Information Technologies, Inc.",10,1,0.1
ALIGHT SOLUTIONS LLC,10,1,0.1
"Abacus Insights, Inc.",10,1,0.1
"Amadeus Hospitality, Inc.",10,1,0.1
Anagha Technosoft Inc,10,1,0.1
Andersen Corporation,10,1,0.1
"Applied Thought Auditors and Consultants, Inc.",10,1,0.1
Arc Boat Company,10,1,0.1
"ArcBest Technologies, Inc.",10,1,0.1
"Atlantis IT Consulting Group, LLC",10,1,0.1
"BABATEK, INC.",10,1,0.1
Bayer HealthCare Pharmaceuticals Inc.,10,1,0.1
"Block, Inc. ",10,1,0.1
Blue Space Technologies Inc,10,1,0.1
Booz Allen Hamilton Inc.,10,1,0.1
"Bright Machines, Inc.",10,1,0.1
"CBN Tech Force, Inc.",10,1,0.1
"CHSPSC, LLC",10,1,0.1
"CPA Global North America, LLC",10,1,0.1
California Department of Corrections and Rehabilitation,10,1,0.1
Cloudinfo Inc,10,1,0.1
Commission on Medical Care,10,1,0.1
CooperSurgical Inc.,10,1,0.1
DELL USA L.P.,10,1,0.1
"Data Systems Integration Group, Inc.",10,1,0.1
DatasenseIT LLC,10,1,0.1
Dignity Community Care,10,1,0.1
Diya Consulting Services Inc,10,1,0.1
"Exponent, Inc.",10,1,0.1
FLORIDA GULF COAST UNIVERSITY,10,1,0.1
Galey Systems Inc,10,1,0.1
Genista Biosciences INC.,10,1,0.1
"Grid Dynamics Holdings, Inc.",10,1,0.1
"IDEATE TECHNOLOGIES, LLC.",10,1,0.1
"INDUS VALLEY CONSULTANTS, INC.",10,1,0.1
"INVENTSOFT, LLC.",10,1,0.1
IT SPIN INC,10,1,0.1
"Independent Health Association, Inc.",10,1,0.1
"Issam Tina Solutions, Inc.",10,1,0.1
John Hancock Life Insurance Company (USA),10,1,0.1
LTIMINDTREE Limited,10,1,0.1
Long Island University,10,1,0.1
"Lorven Technologies, Inc",10,1,0.1
Lucent Systems Inc,10,1,0.1
MIRACLES TEK LLC ,10,1,0.1
"Magna Exteriors America Holdings, Inc.",10,1,0.1
"Matilda Cloud, Inc",10,1,0.1
"NEURASOL, INC.",10,1,0.1
"Niantic, Inc.",10,1,0.1
Novelis Corporation.,10,1,0.1
"OPULENTSOFT, LLC.",10,1,0.1
"OPmobility Holding USA, Inc.",10,1,0.1
ORRBA SYSTEMS LLC,10,1,0.1
Oculii Corp,10,1,0.1
"Outreach Physical and Occupational Therapy and Speech Rehabilitation, PLLC",10,1,0.1
PARRK ANALYTICS LLC,10,1,0.1
"PATREON, INC.",10,1,0.1
"PODS Enterprises, LLC",10,1,0.1
Ping Identity Corporation,10,1,0.1
"ProQuest, LLC",10,1,0.1
"Puget Sound Energy, Inc.",10,1,0.1
Qentelli LLC,10,1,0.1
"Quora, Inc.",10,1,0.1
"RADCOM SOFTWARE SERVICES, LLC.",10,1,0.1
RAKS Group LLC,10,1,0.1
"RRC Power and Energy, LLC",10,1,0.1
"Relos IT, Inc",10,1,0.1
"Reve AI, Inc.",10,1,0.1
"Rocket Close, LLC",10,1,0.1
"S4Cloud, LLC",10,1,0.1
SAI IT CORP,10,1,0.1
"SAP Industries, Inc.",10,1,0.1
"SHIRO TECHNOLOGIES, LLC",10,1,0.1
SVT IT INFOTECH INC,10,1,0.1
Santander Consumer USA Inc.,10,1,0.1
Sapphire Software Solutions Inc,10,1,0.1
Savvas Learning Company LLC,10,1,0.1
Scadea Software Solutions Inc.,10,1,0.1
"Siri Data Analytics, LLC.",10,1,0.1
SoftQuip Technologies Inc,10,1,0.1
TANVI IT SOLUTIONS INC,10,1,0.1
TEK CONTENT LLC.,10,1,0.1
Transcend Street Solutions Inc.,10,1,0.1
Tribis Inc,10,1,0.1
"Uline, Inc.",10,1,0.1
Ulta Beauty Credit Services Corporation,10,1,0.1
"United Imaging Healthcare North America, Inc.",10,1,0.1
University of Texas at Arlington,10,1,0.1
VRN Technologies LLC,10,1,0.1
Vapi Inc.,10,1,0.1
"Vidu Solutions, LLC.",10,1,0.1
YAI-National Institute for People with Disabilities,10,1,0.1
Yokogawa Corporation of America,10,1,0.1
exp U.S. Services Inc.,10,1,0.1
"Amazon Development Center U.S., Inc.",2434,241,0.09901396877567789
MSRCOSMOS LLC,61,6,0.09836065573770492
"Mastercard Technologies, LLC",173,17,0.09826589595375723
Merck Sharp & Dohme LLC,102,10,0.09803921568627451
Cognifyar Technologies,51,5,0.09803921568627451
"The University of Phoenix, Inc.",41,4,0.0975609756097561
Whatnot Inc.,41,4,0.0975609756097561
CORE TECH CONSTRUCTION CORPORATION,93,9,0.0967741935483871
"Alten Technology USA, Inc.",62,6,0.0967741935483871
Amarthy IT Solutions LLC,62,6,0.0967741935483871
"Logging-in.com, LLC",62,6,0.0967741935483871
"Foot Locker Corporate Services, Inc",31,3,0.0967741935483871
"Hire IT people, Inc",31,3,0.0967741935483871
JRI America Inc.,31,3,0.0967741935483871
GlobalLogic Inc.,301,29,0.09634551495016612
SYNAPSIQ LLC,52,5,0.09615384615384616
"i-Link Solutions, Inc.",52,5,0.09615384615384616
HCA Management Services LP,73,7,0.0958904109589041
"LexisNexis Risk Solutions, Inc.",73,7,0.0958904109589041
"Arm, Inc.",261,25,0.09578544061302682
"NTT DATA Americas, Inc.",209,20,0.09569377990430622
RICEFW Technologies Inc.,42,4,0.09523809523809523
"ZipHQ, Inc.",42,4,0.09523809523809523
Appian Corporation,21,2,0.09523809523809523
"B/E Aerospace, Inc. ",21,2,0.09523809523809523
Congensys Corp.,21,2,0.09523809523809523
"ECCLESIASTES, INC.",21,2,0.09523809523809523
Homesite Group Incorporated,21,2,0.09523809523809523
KikOff Inc.,21,2,0.09523809523809523
Kollasoft Inc,21,2,0.09523809523809523
Loyola Marymount University,21,2,0.09523809523809523
"Lutron Electronics Co., Inc.",21,2,0.09523809523809523
R3 TECHNOLOGY INC ,21,2,0.09523809523809523
State of New Mexico,21,2,0.09523809523809523
TeKCommands Inc,21,2,0.09523809523809523
UNIVERSITY OF MIAMI,137,13,0.0948905109489051
Synechron Inc.,192,18,0.09375
Meijer Great Lakes Limited Partnership,32,3,0.09375
SOLIZE USA CORPORATION,32,3,0.09375
"ServiceTitan, Inc.",32,3,0.09375
"Toast, Inc.",32,3,0.09375
"LexisNexis Risk Solutions FL, Inc.",75,7,0.09333333333333334
Altera Corporation,43,4,0.09302325581395349
LanceSoft Inc.,43,4,0.09302325581395349
"TAVANT TECHNOLOGIES, INC.",43,4,0.09302325581395349
"Axon Enterprise, Inc.",97,9,0.09278350515463918
"Brillfy Technology, Inc",54,5,0.09259259259259259
Stryker Corporation,54,5,0.09259259259259259
Stantec Consulting Services Inc.,119,11,0.09243697478991597
Micron Idaho Semiconductor Manufacturing (Triton) LLC,65,6,0.09230769230769231
Icahn School of Medicine at Mount Sinai,218,20,0.09174311926605505
Yahoo Holdings Inc.,186,17,0.0913978494623656
"Pyramid Consulting, Inc. ",132,12,0.09090909090909091
"NTT DATA Services, LLC",88,8,0.09090909090909091
AR INFOTEK SOLUTIONS LLC,55,5,0.09090909090909091
Northwestern Memorial HealthCare,44,4,0.09090909090909091
"Arup US, Inc.",33,3,0.09090909090909091
CyberThink Inc.,33,3,0.09090909090909091
Dataquad Inc.,33,3,0.09090909090909091
Nile Tech Inc,33,3,0.09090909090909091
Specs Inc.,33,3,0.09090909090909091
Tek Spikes LLC,33,3,0.09090909090909091
"Amneal Pharmaceuticals, LLC",22,2,0.09090909090909091
Cyber Infotech LLC,22,2,0.09090909090909091
Extreme Networks Inc,22,2,0.09090909090909091
Kelith Group Inc,22,2,0.09090909090909091
NACHWAY CONSULTING LLC,22,2,0.09090909090909091
"PSA Airlines, Inc.",22,2,0.09090909090909091
PSEMI CORPORATION,22,2,0.09090909090909091
Relativity ODA LLC ,22,2,0.09090909090909091
Sterling Jewelers Inc.,22,2,0.09090909090909091
"Sunday Robotics, Inc.",22,2,0.09090909090909091
"Tek Ninjas Solutions,LLC.",22,2,0.09090909090909091
"UWorld, LLC",22,2,0.09090909090909091
Vanta Inc. ,22,2,0.09090909090909091
Wingskyline Technologies Inc,22,2,0.09090909090909091
"Xylo Consulting, LLC.",22,2,0.09090909090909091
"iStream Solutions, Inc.",22,2,0.09090909090909091
 John Hancock Life Insurance Company (USA),11,1,0.09090909090909091
"A-1 Consulting, Inc.",11,1,0.09090909090909091
ANVIM TECH INC.,11,1,0.09090909090909091
"AST SpaceMobile Services, LLC",11,1,0.09090909090909091
AVERON SOLUTIONS INC.,11,1,0.09090909090909091
"Access Education Services, LLC",11,1,0.09090909090909091
"Astemo Americas, Inc.",11,1,0.09090909090909091
"BIZINTEX, INC",11,1,0.09090909090909091
CDW LLC,11,1,0.09090909090909091
"Cicero Technologies, Inc. dba Eudia",11,1,0.09090909090909091
Clinicas del Camino Real ,11,1,0.09090909090909091
"Cumberland County Hospital System, Inc.",11,1,0.09090909090909091
"DATAMART SYSTEMS, INC.",11,1,0.09090909090909091
DOT IT SOLUTIONS INC,11,1,0.09090909090909091
"Edify Technologies, Inc.",11,1,0.09090909090909091
Endpoint Clinical L.P.,11,1,0.09090909090909091
"Eurofins Professional Scientific Services Mid-Atlantic, LLC",11,1,0.09090909090909091
Fox Technology Center LLC,11,1,0.09090909090909091
Fusion Global Technologies and Solutions Inc,11,1,0.09090909090909091
GPS IT Solutions LLC,11,1,0.09090909090909091
GRAPE LAW FIRM PLLC,11,1,0.09090909090909091
"Gemini Software Services, LLC",11,1,0.09090909090909091
Georgia-Pacific Consumer Operations LLC,11,1,0.09090909090909091
HAIER US APPLIANCE SOLUTIONS INC.,11,1,0.09090909090909091
"Hire IT People, Inc",11,1,0.09090909090909091
"IDEXX Laboratories, Inc.",11,1,0.09090909090909091
IMG SYSTEMS INC,11,1,0.09090909090909091
Infrapod Technologies Inc,11,1,0.09090909090909091
Meshy LLC,11,1,0.09090909090909091
"Midcontinent Independent System Operator, Inc.",11,1,0.09090909090909091
Mindspecs LLC,11,1,0.09090909090909091
"Modal Labs, Inc.",11,1,0.09090909090909091
"Mutex Systems, Inc.",11,1,0.09090909090909091
"N9 IT SOLUTIONS, INC.",11,1,0.09090909090909091
NORTH AMERICAN STAINLESS,11,1,0.09090909090909091
"Nebraska Furniture Mart, Inc.",11,1,0.09090909090909091
"Nelnet Business Solutions, Inc.",11,1,0.09090909090909091
PREMIER LIFE SCIENCES,11,1,0.09090909090909091
PROTECH SOLUTIONS INC,11,1,0.09090909090909091
"Pacific Dental Services, LLC",11,1,0.09090909090909091
Pape-Dawson Consulting Engineers LLC,11,1,0.09090909090909091
RELANTO INC.,11,1,0.09090909090909091
Randstad General Partner (US) LLC ,11,1,0.09090909090909091
"Retell AI, Inc.",11,1,0.09090909090909091
RoboForce Inc.,11,1,0.09090909090909091
"Roche Sequencing Solutions, Inc.",11,1,0.09090909090909091
Ruckus Wireless LLC,11,1,0.09090909090909091
SAION SOLUTIONS INC,11,1,0.09090909090909091
Slesha Software Solutions Inc,11,1,0.09090909090909091
SolveIT Services Inc,11,1,0.09090909090909091
Spartan Solutions Inc.,11,1,0.09090909090909091
State University of New York Downstate Health Sciences University,11,1,0.09090909090909091
"SunTec Business Solutions, Inc.",11,1,0.09090909090909091
T5 Technologies Inc,11,1,0.09090909090909091
TECHGROUP AMERICA INC.,11,1,0.09090909090909091
"TEKBASIC, LLC.",11,1,0.09090909090909091
TELUS International (U.S.) Corp,11,1,0.09090909090909091
"THE ASIAN AMERICANS FOR COMMUNITY INVOLVEMENT OF SANTA CLARA COUNTY, I",11,1,0.09090909090909091
"TP ICAP Americas Holdings, Inc.",11,1,0.09090909090909091
"TRI VENTURES, INC. D/B/A AQUENT LLC",11,1,0.09090909090909091
Texas To Success Inc,11,1,0.09090909090909091
"Trend Micro, Inc.",11,1,0.09090909090909091
Trustees of Grinnell College,11,1,0.09090909090909091
UNIVERSITY OF NORTH GEORGIA,11,1,0.09090909090909091
University of Vermont Health Network – University of Vermont Medical Center,11,1,0.09090909090909091
WISSEN INC,11,1,0.09090909090909091
"Aurora Operations, Inc.",100,9,0.09
Caterpillar Inc.,89,8,0.0898876404494382
Federal Home Loan Mortgage Corporation,89,8,0.0898876404494382
ROBERT BOSCH  LLC,78,7,0.08974358974358974
"Duolingo, Inc.",101,9,0.0891089108910891
"University of California, Los Angeles",192,17,0.08854166666666667
DOTCOM TEAM LLC,34,3,0.08823529411764706
MERRILL LYNCH,34,3,0.08823529411764706
Mutual of Omaha Insurance Company,34,3,0.08823529411764706
Space Exploration Technologies Corp.,34,3,0.08823529411764706
Western Governors University,34,3,0.08823529411764706
"Clayco, Inc.",57,5,0.08771929824561403
Cyma Systems Inc,46,4,0.08695652173913043
SAPPHIRE SOFTWARE SOLUTIONS INC.,46,4,0.08695652173913043
"AUMOVIO Systems, Inc. f/k/a Continental Automotive Systems, Inc.",23,2,0.08695652173913043
Cloud Data Systems Inc,23,2,0.08695652173913043
"Communications Test Design, Inc.",23,2,0.08695652173913043
Cytel Inc.,23,2,0.08695652173913043
ITIYAM LLC,23,2,0.08695652173913043
MBZUAI Labs USA Inc.,23,2,0.08695652173913043
Octagon IT LLC,23,2,0.08695652173913043
Strong Point Consulting LLC,23,2,0.08695652173913043
"ZEETO TECHNOLOGIES, INC.",23,2,0.08695652173913043
ZETA GLOBAL CORP.,23,2,0.08695652173913043
Corteva Agriscience LLC,35,3,0.08571428571428572
Galax-Esystems Corporation,35,3,0.08571428571428572
New York Society for Relief of Ruptured & Crippled,35,3,0.08571428571428572
"OTTER.AI, INC.",35,3,0.08571428571428572
DK Crown Holdings Inc.,47,4,0.0851063829787234
"Western Digital Technologies, Inc.",177,15,0.0847457627118644
Harvey Nash Inc.,59,5,0.0847457627118644
INFOSTRETCH CORPORATION,59,5,0.0847457627118644
Bayer Research and Development Services LLC,71,6,0.08450704225352113
Capgemini America Inc,1295,109,0.08416988416988418
Caterpillar Inc,131,11,0.08396946564885496
SLK AMERICA INC,96,8,0.08333333333333333
Thomas Jefferson University,48,4,0.08333333333333333
New Mexico State University,36,3,0.08333333333333333
"NobleSoft Solutions, Inc.",36,3,0.08333333333333333
The College of William and Mary,36,3,0.08333333333333333
University of Nebraska Medical Center,36,3,0.08333333333333333
"Astemo Americas, Inc",24,2,0.08333333333333333
Candorsoft Technologies LLC,24,2,0.08333333333333333
"Electric Power Research Institute, Inc.",24,2,0.08333333333333333
"I-Link Solutions, Inc.",24,2,0.08333333333333333
JUDGE TECHNICAL SERVICES INC,24,2,0.08333333333333333
Level 3 Communications LLC,24,2,0.08333333333333333
PsiQuantum Corp.,24,2,0.08333333333333333
RESOURCE INNOVATIVE TECHNOLOGIES LLC,24,2,0.08333333333333333
Risamsoft Inc.,24,2,0.08333333333333333
SIMAN PRO INC,24,2,0.08333333333333333
SVT IT Infotech INC,24,2,0.08333333333333333
Tror LLC,24,2,0.08333333333333333
"ZF Active Safety and Electronics US, LLC",24,2,0.08333333333333333
"d-Matrix, Inc. (fka d-Matrix Corporation)",24,2,0.08333333333333333
"AGILENT TECHNOLOGIES, INC.",12,1,0.08333333333333333
"Advisor360, LLC",12,1,0.08333333333333333
Applexus Technologies Inc,12,1,0.08333333333333333
"Armadin, Inc.",12,1,0.08333333333333333
Artificial Inventions LLC,12,1,0.08333333333333333
BITS AND BINARIES INC,12,1,0.08333333333333333
Baker & McKenzie LLP,12,1,0.08333333333333333
BlupaceUS LLC,12,1,0.08333333333333333
"Corporate Employment Resources, Inc.",12,1,0.08333333333333333
Cyber-Dive Corp.,12,1,0.08333333333333333
"DLR Group, Inc.",12,1,0.08333333333333333
"DataFactZ, LLC",12,1,0.08333333333333333
"Delta Dental of Michigan, Inc. ",12,1,0.08333333333333333
"Entellects Corporation, Inc",12,1,0.08333333333333333
Enterprise Mobility Inc,12,1,0.08333333333333333
Evolent Health LLC,12,1,0.08333333333333333
"FL2024-008, Inc.",12,1,0.08333333333333333
HeyGen Technology Inc.,12,1,0.08333333333333333
"IMDb.com, Inc.",12,1,0.08333333333333333
INFONERO INC,12,1,0.08333333333333333
LOGISOFT TECHNOLOGIES INC.,12,1,0.08333333333333333
"Lendbuzz, Inc.",12,1,0.08333333333333333
"Lenora Systems, Inc",12,1,0.08333333333333333
Leverage Technologies Inc,12,1,0.08333333333333333
MHM Support Services,12,1,0.08333333333333333
"Minnesota State University, Mankato",12,1,0.08333333333333333
Paylocity Corporation,12,1,0.08333333333333333
PetSmart LLC,12,1,0.08333333333333333
Popular Tech,12,1,0.08333333333333333
Progress Software Corporation,12,1,0.08333333333333333
"Rohr, Inc.",12,1,0.08333333333333333
SR Systems LLC,12,1,0.08333333333333333
"STECK SYSTEMS, INC",12,1,0.08333333333333333
"Saint-Gobain Ceramics & Plastics, Inc.",12,1,0.08333333333333333
Sara Software Systems LLC,12,1,0.08333333333333333
Service Oriented Solutions LLC,12,1,0.08333333333333333
Shopify USA Inc.,12,1,0.08333333333333333
TECHNODEED LLC ,12,1,0.08333333333333333
TIA INFOTEK INC,12,1,0.08333333333333333
TROR LLC,12,1,0.08333333333333333
Teknoz Software Solutions LLC,12,1,0.08333333333333333
The J. David Gladstone Institutes,12,1,0.08333333333333333
Tiospa Zina Tribal School,12,1,0.08333333333333333
"Truveta, Inc.",12,1,0.08333333333333333
Twist Bioscience Corporation,12,1,0.08333333333333333
UPWARD SYSTEMS INC,12,1,0.08333333333333333
USTRING SOLUTIONS LLC,12,1,0.08333333333333333
"University of California, Merced",12,1,0.08333333333333333
VARANT INC.,12,1,0.08333333333333333
Villanova University,12,1,0.08333333333333333
WebmobileZ Inc ,12,1,0.08333333333333333
Woot Services LLC,12,1,0.08333333333333333
Yu Ming Charter School,12,1,0.08333333333333333
"Yum Connect, LLC",12,1,0.08333333333333333
General Motors,615,51,0.08292682926829269
Mphasis Corporation,1015,84,0.08275862068965517
Temple University--A Commonwealth University,97,8,0.08247422680412371
E-GIANTS TECHNOLOGIES LLC,49,4,0.08163265306122448
SKILLTUNE TECHNOLOGIES INC,49,4,0.08163265306122448
The Travelers Indemnity Company,49,4,0.08163265306122448
Tinder LLC,49,4,0.08163265306122448
University of South Florida,86,7,0.08139534883720931
"BRAINS TECHNOLOGY SOLUTIONS, INC",37,3,0.08108108108108109
Georgia State University,37,3,0.08108108108108109
Headstrong Services LLC,37,3,0.08108108108108109
KASTECH SOLUTIONS LLC,37,3,0.08108108108108109
"MTX Group, Inc.",37,3,0.08108108108108109
NCR Voyix Corporation,37,3,0.08108108108108109
"Speridian Technologies, LLC",37,3,0.08108108108108109
"UNITED PHARMA TECHNOLOGIES, INC.",37,3,0.08108108108108109
VEN SOLUTIONS LLC,37,3,0.08108108108108109
Nokia of America Corporation,322,26,0.08074534161490683
Oregon State University,87,7,0.08045977011494253
"Samsung Research America, Inc.",75,6,0.08
"Blue Cross and Blue Shield of Kansas, Inc.",50,4,0.08
"CSAA Insurance Services, Inc.",50,4,0.08
"Anyscale, Inc.",25,2,0.08
Cerebral Technologies Inc,25,2,0.08
ENDEAVOUR TECHNOLOGIES INC,25,2,0.08
GE VERNOVA OPERATIONS LLC,25,2,0.08
"Indiana University Health, Inc.",25,2,0.08
JNIT Technologies Inc,25,2,0.08
"Notion Labs, Inc.",25,2,0.08
SMART INFO SOLUTIONS LLC,25,2,0.08
"SVK Systems, Inc.",25,2,0.08
TEKBLU LLC,25,2,0.08
Viasat Inc.,25,2,0.08
cyberThink Inc,25,2,0.08
Bitwise Inc.,63,5,0.07936507936507936
"Fidelity Technology Group, LLC d/b/a Fidelity Investments",2239,177,0.07905314872711032
"SQUAD SOFTWARE, INC.",114,9,0.07894736842105263
CDM Smith Inc.,38,3,0.07894736842105263
"CLICKSOFT SOLUTIONS, LLC.",38,3,0.07894736842105263
"Leidos, Inc.",38,3,0.07894736842105263
"Megan Soft, Inc.",38,3,0.07894736842105263
Panasonic Avionics Corporation,38,3,0.07894736842105263
SSTech LLC,38,3,0.07894736842105263
Kiewit Engineering Group Inc. ,89,7,0.07865168539325842
Itek Info Inc,102,8,0.0784313725490196
Quest IT Solutions Inc,51,4,0.0784313725490196
TRUSTEES OF BOSTON UNIVERSITY,115,9,0.0782608695652174
Waymo LLC,294,23,0.0782312925170068
BNSF Railway Company,64,5,0.078125
Mount Sinai Hospital,64,5,0.078125
Vanderbilt University,64,5,0.078125
The University of Chicago,205,16,0.07804878048780488
Elite IT Technologies LLC,77,6,0.07792207792207792
LinQ Global Group LLC,52,4,0.07692307692307693
AIR Worldwide Corporation,39,3,0.07692307692307693
Allstate Insurance Company,39,3,0.07692307692307693
SLK America Inc,39,3,0.07692307692307693
"United Health Services Hospitals, Inc.",39,3,0.07692307692307693
"Alnylam US, Inc.",26,2,0.07692307692307693
GCOM Software LLC,26,2,0.07692307692307693
Infoville Inc,26,2,0.07692307692307693
K Tek Soft Inc,26,2,0.07692307692307693
KI INFOSYSTEMS LLC,26,2,0.07692307692307693
Montclair State University,26,2,0.07692307692307693
"SAICON CONSULTANTS, INC.",26,2,0.07692307692307693
State Farm Mutual Automobile Insurance Company,26,2,0.07692307692307693
"Techpro Solutions, Inc.",26,2,0.07692307692307693
"University Community Hospital, Inc.",26,2,0.07692307692307693
ACEQUEST CORPORATION,13,1,0.07692307692307693
"AME, Inc.",13,1,0.07692307692307693
"Advocates, Inc.",13,1,0.07692307692307693
BEUMER Corporation,13,1,0.07692307692307693
Bahwan Cybertek Inc.,13,1,0.07692307692307693
"COLLECTIVEHEALTH, INC.",13,1,0.07692307692307693
CRUSADE TECHNOLOGIES USA LLC.,13,1,0.07692307692307693
CSX Tech Inc,13,1,0.07692307692307693
"CSX Transportation, Inc.",13,1,0.07692307692307693
Certified Kernel Tech LLC,13,1,0.07692307692307693
"Clari, Inc.",13,1,0.07692307692307693
Concora Credit Inc.,13,1,0.07692307692307693
ENTERPRISE MOBILITY INC.,13,1,0.07692307692307693
EXCELACOM INC,13,1,0.07692307692307693
"Engineering Technology Associates, Inc.",13,1,0.07692307692307693
FAIR ISAAC CORPORATION,13,1,0.07692307692307693
"Flexible Architecture and Simplified Technology, Inc.",13,1,0.07692307692307693
"GRANITE TELECOMMUNICATIONS, LLC",13,1,0.07692307692307693
"Gemini Consulting & Services, LLC",13,1,0.07692307692307693
"H. LEE MOFFITT CANCER CENTER & RESEARCH INSTITUTE LIFETIME CANCER SCREENING CENTER, INC",13,1,0.07692307692307693
"I & S Group, Inc. ",13,1,0.07692307692307693
IMEG Consultants Corp.,13,1,0.07692307692307693
"Iconic Infosys, Inc.",13,1,0.07692307692307693
Infomatics Technologies Inc,13,1,0.07692307692307693
NAM INFO INC.,13,1,0.07692307692307693
NOETIC INFORMATION SYSTEMS LLC,13,1,0.07692307692307693
Neni TechSystems Inc ,13,1,0.07692307692307693
"OBJECTS ON NET, INC",13,1,0.07692307692307693
"PRUTECH SOLUTIONS, INC.",13,1,0.07692307692307693
"PegasusTSI, Inc.",13,1,0.07692307692307693
Quality Matrix Inc ,13,1,0.07692307692307693
SOPHLOGIC GLOBAL LLC.,13,1,0.07692307692307693
Slesha IT Inc,13,1,0.07692307692307693
Snowstack LLC,13,1,0.07692307692307693
"Spotnana Technology, Inc.",13,1,0.07692307692307693
"Strategic IT Experts, Inc.",13,1,0.07692307692307693
TIC - The Industrial Company,13,1,0.07692307692307693
Technology Square inc,13,1,0.07692307692307693
The Catholic University of America,13,1,0.07692307692307693
"The University of Tampa, Inc.  ",13,1,0.07692307692307693
The University of Texas El Paso,13,1,0.07692307692307693
Trustees of the Smith College,13,1,0.07692307692307693
VSPASTRA SOLUTIONS LLC,13,1,0.07692307692307693
VTech Infotech LLC,13,1,0.07692307692307693
Virtuous Tech Inc,13,1,0.07692307692307693
Webasto Roof Systems Inc.,13,1,0.07692307692307693
West Penn Allegheny Health System,13,1,0.07692307692307693
"Yaskawa America, Inc.",13,1,0.07692307692307693
Ykunt Inc,13,1,0.07692307692307693
Zonestra Technologies LLC,13,1,0.07692307692307693
"iBrain Technologies, Inc.",13,1,0.07692307692307693
precess medical derivatives,13,1,0.07692307692307693
COGNIZANT TECHNOLOGY SOLUTIONS US CORP,5779,443,0.07665686104862433
Innovative Consulting Solutions LLC,66,5,0.07575757575757576
University of Illinois Chicago,119,9,0.07563025210084033
"Insight Global, LLC",437,33,0.07551487414187644
University of Georgia; OGE,53,4,0.07547169811320754
Amensys Inc,40,3,0.075
Children's National Medical Center,40,3,0.075
Southwest Airlines Co.,40,3,0.075
University of Colorado Denver,40,3,0.075
Vitosha Inc,40,3,0.075
Mass General Brigham Incorporated,67,5,0.07462686567164178
The University of Alabama,67,5,0.07462686567164178
MediaTek USA Inc.,94,7,0.07446808510638298
"Strategic Staffing Solutions, L.C.",94,7,0.07446808510638298
Weill Cornell Medical College,148,11,0.07432432432432433
Cleveland Clinic,54,4,0.07407407407407407
Tufts University,54,4,0.07407407407407407
Ancile Inc,27,2,0.07407407407407407
Cintas Corporation ,27,2,0.07407407407407407
ClientServer Technology Solutions LLC,27,2,0.07407407407407407
"DIGITAL DATUM, INC.",27,2,0.07407407407407407
Damian Consulting Inc,27,2,0.07407407407407407
Dignity Health,27,2,0.07407407407407407
"HDR Architecture, Inc.",27,2,0.07407407407407407
LNW Gaming Inc.,27,2,0.07407407407407407
"Quinnox, Inc.",27,2,0.07407407407407407
Raven Software Solutions Inc,27,2,0.07407407407407407
"Sharp Decisions, Inc.",27,2,0.07407407407407407
Softrams LLC,27,2,0.07407407407407407
"SuccessFactors, Inc.",27,2,0.07407407407407407
"University of Maryland, Baltimore County",27,2,0.07407407407407407
Zeus Solutions Inc,27,2,0.07407407407407407
"Millennium Software, Inc.",95,7,0.07368421052631578
Microchip Technology Inc.,123,9,0.07317073170731707
"Rivian and Volkswagen Group Technologies, LLC",123,9,0.07317073170731707
Case Western Reserve University,82,6,0.07317073170731707
Altimetrik Corp.,41,3,0.07317073170731707
Conflux Systems Inc,41,3,0.07317073170731707
National Charitable Services LLC d/b/a Fidelity Investments,41,3,0.07317073170731707
Sanford Burnham Prebys Medical Discovery Institute,41,3,0.07317073170731707
TATA CONSULTANCY SERVICES LIMITED,1767,129,0.0730050933786078
Old Dominion University,55,4,0.07272727272727272
RJ Systems Inc,55,4,0.07272727272727272
"iTech US, Inc.",55,4,0.07272727272727272
"DB Global Technology, Inc.",180,13,0.07222222222222222
"V-Soft Consulting Group, INC",347,25,0.07204610951008646
Capri USA Group Inc.,70,5,0.07142857142857142
"New Era Technology, LLC",42,3,0.07142857142857142
Research Foundation for the State University of New York,42,3,0.07142857142857142
"Computer Aid, Inc",28,2,0.07142857142857142
Dazzlon Computer Services Inc,28,2,0.07142857142857142
FUSION PLUS SOLUTIONS INC.,28,2,0.07142857142857142
"Frontage Laboratories, Inc.",28,2,0.07142857142857142
ISN Software Corporation,28,2,0.07142857142857142
Intuites LLC,28,2,0.07142857142857142
"Nan, Inc.",28,2,0.07142857142857142
Nationwide Children's Hospital,28,2,0.07142857142857142
Syracuse University,28,2,0.07142857142857142
Triad Math and Science Academy Co.,28,2,0.07142857142857142
VYUSOFT INC,28,2,0.07142857142857142
" John Mezzalingua Associates, LLC",14,1,0.07142857142857142
AGAP TECHNOLOGIES INC,14,1,0.07142857142857142
"ASCENT PHARMACEUTICALS, INC.",14,1,0.07142857142857142
"Atlas Air, Inc.",14,1,0.07142857142857142
"BackOffice Associates, LLC",14,1,0.07142857142857142
"Benefis Health System, Inc.",14,1,0.07142857142857142
"California State University, Northridge",14,1,0.07142857142857142
Clear Street Management LLC,14,1,0.07142857142857142
Cyber Space Technologies LLC,14,1,0.07142857142857142
EUREKA INFOTECH INC,14,1,0.07142857142857142
"Fenwick & West, LLP",14,1,0.07142857142857142
"Formagrid, Inc. (d/b/a Airtable)",14,1,0.07142857142857142
Fort Hays State University,14,1,0.07142857142857142
"Global Technical Software Services, Inc.",14,1,0.07142857142857142
Happiest Minds Technologies Ltd.,14,1,0.07142857142857142
Hilmar Cheese Company Inc.,14,1,0.07142857142857142
ICS Global Soft Inc,14,1,0.07142857142857142
"INFO WAY SOLUTIONS, LLC",14,1,0.07142857142857142
Innovative Intelligent Solutions LLC,14,1,0.07142857142857142
International Leadership of Texas,14,1,0.07142857142857142
Kashunamiut School District,14,1,0.07142857142857142
MAGTECH CONSULTING AND SOLUTIONS DEVELOPMENT CORPORATION,14,1,0.07142857142857142
MIRACLE SOLUTIONS LLC.,14,1,0.07142857142857142
MOBICLOUD LLC,14,1,0.07142857142857142
MOTIVITY LABS INC,14,1,0.07142857142857142
Oscar Management Corporation,14,1,0.07142857142857142
QVALFOCUS INC.,14,1,0.07142857142857142
Quantumsoft Solutions Inc,14,1,0.07142857142857142
"Roche Molecular Systems, Inc.",14,1,0.07142857142857142
"Saltzman, Tanis, Pittell, Levin and Jacobson LLC",14,1,0.07142857142857142
TECH-LANCE SOLUTIONS INC,14,1,0.07142857142857142
"Tailored Shared Services, LLC",14,1,0.07142857142857142
"Teknosys, Inc.",14,1,0.07142857142857142
The University of Tennessee,14,1,0.07142857142857142
"Trustek, Inc. ",14,1,0.07142857142857142
"Twin Health, Inc.",14,1,0.07142857142857142
"UT Medical Group, Inc.",14,1,0.07142857142857142
University of Denver,14,1,0.07142857142857142
"Webcor Construction, LP",14,1,0.07142857142857142
"Western Dental Services, Inc.",14,1,0.07142857142857142
Wilmer Cutler Pickering Hale and Dorr LLP,14,1,0.07142857142857142
Wisk Aero LLC,14,1,0.07142857142857142
"ASTIR IT SOLUTIONS, INC",57,4,0.07017543859649122
"ATOS IT SOLUTIONS AND SERVICES, INC.",43,3,0.06976744186046512
"MOURI Tech, LLC",43,3,0.06976744186046512
Cold Spring Harbor Laboratory,29,2,0.06896551724137931
IPOLARITY LLC,29,2,0.06896551724137931
"Intone Networks, Inc.",29,2,0.06896551724137931
"TEKsystems Global Services, LLC",29,2,0.06896551724137931
"Teleworld Solutions, Inc.",29,2,0.06896551724137931
The Sphere Institute ,29,2,0.06896551724137931
University of Arizona,29,2,0.06896551724137931
"University of Nevada, Las Vegas",29,2,0.06896551724137931
Zentrix IT Solutions LLC,29,2,0.06896551724137931
University of Connecticut,102,7,0.06862745098039216
"TECHPRO SOLUTIONS, INC.",73,5,0.0684931506849315
Adroix Corp,44,3,0.06818181818181818
"Magna Electronics, Inc.",44,3,0.06818181818181818
"Technumen, Inc.",44,3,0.06818181818181818
The Depository Trust & Clearing Corporation,59,4,0.06779661016949153
"Qualcomm Technologies, Inc.",812,55,0.06773399014778325
"COMPUNNEL SOFTWARE GROUP, INC",1936,131,0.06766528925619834
"KPIT Technologies, Inc.",135,9,0.06666666666666667
O3 TECHNOLOGY SOLUTIONS LLC,45,3,0.06666666666666667
"AMZUR TECHNOLOGIES, INC",30,2,0.06666666666666667
Allen Overy Shearman Sterling US LLP,30,2,0.06666666666666667
GANNU SOFTWARE INC,30,2,0.06666666666666667
PRIME BUSINESS TECHNOLOGIES INC,30,2,0.06666666666666667
Research Corporation of the University of Hawaii,30,2,0.06666666666666667
84.51 LLC,15,1,0.06666666666666667
ASRK LLC,15,1,0.06666666666666667
"Adi Worldlink, LLC",15,1,0.06666666666666667
"Aeva, Inc.",15,1,0.06666666666666667
Anderson Center for Autism,15,1,0.06666666666666667
Bristol- Myers Squibb Company,15,1,0.06666666666666667
"Cambrex Charles City, Inc.",15,1,0.06666666666666667
"DATAMETRICS SOFTWARE SYSTEMS, INC",15,1,0.06666666666666667
Delart Technology Services LLC,15,1,0.06666666666666667
"Dun & Bradstreet, Inc.",15,1,0.06666666666666667
Harley Ellis Devereaux Corporation,15,1,0.06666666666666667
INTELIZIGN SOLUTIONS LLC,15,1,0.06666666666666667
"IndopolTech, LLC",15,1,0.06666666666666667
Infobahn Softworld Inc.,15,1,0.06666666666666667
LITMUS7 SYSTEMS CONSULTING INC.,15,1,0.06666666666666667
"LaBella Associates, D.P.C.",15,1,0.06666666666666667
Mariana Minerals Co.,15,1,0.06666666666666667
"Move Sales, Inc.",15,1,0.06666666666666667
Neoteksoft Inc.,15,1,0.06666666666666667
"Nexpro Technologies, Inc",15,1,0.06666666666666667
"OVS TECHNOLOGIES, INC.",15,1,0.06666666666666667
Quant Dynamics Solutions Inc,15,1,0.06666666666666667
Quebec Solutions Inc,15,1,0.06666666666666667
Rite Pros Inc.,15,1,0.06666666666666667
Rubistone Technologies LLC,15,1,0.06666666666666667
SUMO LOGIC INC.,15,1,0.06666666666666667
Sira Soft Solutions Inc,15,1,0.06666666666666667
"Stefanini, Inc.",15,1,0.06666666666666667
"Synersys Technologies, Inc",15,1,0.06666666666666667
VORIZO INFO TECH INC,15,1,0.06666666666666667
Ventechsoft Inc,15,1,0.06666666666666667
Versa Shore Inc,15,1,0.06666666666666667
Vuegen Technologies Inc,15,1,0.06666666666666667
WYCKOFF HEIGHTS MEDICAL CENTER,15,1,0.06666666666666667
Wing Aviation LLC,15,1,0.06666666666666667
"ZIDDOS, INC.",15,1,0.06666666666666667
General Hospital Corporation,181,12,0.06629834254143646
Virginia Polytechnic Institute & State University,166,11,0.06626506024096386
The University of Arizona,91,6,0.06593406593406594
CATERPILLAR INC.,46,3,0.06521739130434782
Paychex North America Inc.,46,3,0.06521739130434782
Rockwell Collins Inc.,123,8,0.06504065040650407
Majestic IT Services Inc,93,6,0.06451612903225806
COMPUGRA SYSTEMS INC,31,2,0.06451612903225806
"Headway Technologies, Inc.",31,2,0.06451612903225806
Parker Hannifin Corporation,31,2,0.06451612903225806
CVS Shared Services Resources LLC,528,34,0.06439393939393939
"Magic Leap, Inc.",47,3,0.06382978723404255
EATEAM INC,63,4,0.06349206349206349
"Alcon Research, LLC",32,2,0.0625
AppFolio Inc.,32,2,0.0625
"Dolby Laboratories, Inc.",32,2,0.0625
Freeport Minerals Corporation,32,2,0.0625
INVOLGIXS INC,32,2,0.0625
"Mican Technologies, Inc.",32,2,0.0625
NAMO TECHNOLOGIES LLC,32,2,0.0625
"SHOOLIN, INC.",32,2,0.0625
"SRS Consulting, Inc.",32,2,0.0625
"Tenaris Bay City, Inc.",32,2,0.0625
1x Technologies Inc.,16,1,0.0625
"22nd Century Technologies, Inc.",16,1,0.0625
Albert Einstein Medical Center,16,1,0.0625
BCVS Group,16,1,0.0625
BYTE LINK SYSTEMS INC,16,1,0.0625
Blue River Technology,16,1,0.0625
CRAVE INFOTECH LLC,16,1,0.0625
"CVSLOGIC.COM, INC.",16,1,0.0625
Children's Hospital Los Angeles,16,1,0.0625
"Crawford, Murphy & Tilly, Inc.",16,1,0.0625
"Cvent, Inc.",16,1,0.0625
"ENTMATRIX, INC.",16,1,0.0625
FIRST OBJECT INC,16,1,0.0625
"Flatiron Health, Inc.",16,1,0.0625
Fordham University,16,1,0.0625
GE ENERGY POWER CONVERSION USA INC.,16,1,0.0625
INTERNATIONAL SOFTWARE SYSTEMS INC,16,1,0.0625
Iconsoft Inc.,16,1,0.0625
"Musarubra US, LLC",16,1,0.0625
OAKTON TECHNOLOGIES LLC,16,1,0.0625
PGH TECH LADDER LLC,16,1,0.0625
"SLK HOLDINGS, LLC",16,1,0.0625
SSA Data Solutions LLC,16,1,0.0625
Schlumberger Technology Corporation ,16,1,0.0625
Skwid Inc.,16,1,0.0625
Spark Life Solutions Inc.,16,1,0.0625
Stowers Institute for Medical Research,16,1,0.0625
"THORNTON TOMASETTI, INC.",16,1,0.0625
The University of Texas at Tyler,16,1,0.0625
"Virtue America, LLC",16,1,0.0625
"Westwood Professional Services, Inc.",16,1,0.0625
Fred Hutchinson Cancer Center,65,4,0.06153846153846154
"Resolve AI, Inc.",65,4,0.06153846153846154
ASPIRE SYSTEMS DIGITAL TRANSFORMATION INC.,33,2,0.06060606060606061
Apptad Inc,33,2,0.06060606060606061
Guidehouse Digital LLC,33,2,0.06060606060606061
Rush University Medical Center,33,2,0.06060606060606061
California Department of Transportation,83,5,0.060240963855421686
ST. JUDE CHILDREN'S RESEARCH HOSPITAL,250,15,0.06
"SYSTEM SOFT TECHNOLOGIES, LLC",150,9,0.06
Lawrence Berkeley National Laboratory,100,6,0.06
NORTH DAKOTA STATE UNIVERSITY,50,3,0.06
"RANDSTAD DIGITAL, LLC",722,43,0.05955678670360111
University of Massachusetts Amherst,51,3,0.058823529411764705
Altimetrik Corp,34,2,0.058823529411764705
Axitem Software Solution Inc,34,2,0.058823529411764705
"Glean Technologies, Inc. ",34,2,0.058823529411764705
INDOTRONIX INTERNATIONAL CORPORATION ,34,2,0.058823529411764705
James Madison University,34,2,0.058823529411764705
REI Systems Inc.,34,2,0.058823529411764705
"SAI TECHNOLOGIES, LLC.",34,2,0.058823529411764705
"VERVENEST TECHNOLOGIES, INC.",34,2,0.058823529411764705
3M Company,17,1,0.058823529411764705
"ARCO/Murray National Construction Company, LLC",17,1,0.058823529411764705
ATMANICA Technologies LLC,17,1,0.058823529411764705
"Agadia Systems, Inc.",17,1,0.058823529411764705
Auger Inc.,17,1,0.058823529411764705
Big River Steel LLC,17,1,0.058823529411764705
CodeRepo LLC,17,1,0.058823529411764705
"Eurofins BioPharma Product Testing Columbia, LLC.",17,1,0.058823529411764705
"Everpure, Inc",17,1,0.058823529411764705
"GSPANN Technologies, Inc.",17,1,0.058823529411764705
Grainger Corporate Services LLC   ,17,1,0.058823529411764705
"HF Management Services, LLC",17,1,0.058823529411764705
HRK SYSTEMS INC,17,1,0.058823529411764705
"Infolance, Inc.",17,1,0.058823529411764705
"Infomerica, Inc.",17,1,0.058823529411764705
"Ironclad, Inc.",17,1,0.058823529411764705
LUMEN IT SERVICES LLC,17,1,0.058823529411764705
"MIPS Holding, Inc.",17,1,0.058823529411764705
"Mercury Insurance Services, LLC",17,1,0.058823529411764705
"Milliman, Inc.",17,1,0.058823529411764705
National Consulting Group Inc,17,1,0.058823529411764705
PRASQUARE TECHNOLOGIES LLC,17,1,0.058823529411764705
PREMERA BLUE CROSS,17,1,0.058823529411764705
Prabhav Services Inc,17,1,0.058823529411764705
ROBOT INSIGHT TECHNOLOGIES INC,17,1,0.058823529411764705
"Resourcesys, Inc. ",17,1,0.058823529411764705
"Skild AI, Inc.",17,1,0.058823529411764705
"Stellar Services, Inc.",17,1,0.058823529411764705
Tango Management Consulting LLC,17,1,0.058823529411764705
Toyota Motor Credit Corporation,17,1,0.058823529411764705
University of Southern Indiana,17,1,0.058823529411764705
"Wayside Youth & Family Support Network, Inc.",17,1,0.058823529411764705
Wise Equation Solutions Inc.,17,1,0.058823529411764705
i3 Verticals LLC,17,1,0.058823529411764705
Clemson University,52,3,0.057692307692307696
Texas A&M AgriLife Research,52,3,0.057692307692307696
COGNIER INC,87,5,0.05747126436781609
TECHNOVISION SOLUTION LLC,105,6,0.05714285714285714
BNS INTERNATIONAL INC,35,2,0.05714285714285714
"CC Services, Inc.",35,2,0.05714285714285714
ConsultAdd Inc.,35,2,0.05714285714285714
QvalFocus Inc.,35,2,0.05714285714285714
"Advanced Micro Devices, Inc.",495,28,0.05656565656565657
"ICE MORTGAGE TECHNOLOGY, INC.",89,5,0.056179775280898875
CIPHERNINE INC,36,2,0.05555555555555555
Savvients Inc,36,2,0.05555555555555555
ALICE CONSULTING LLC,18,1,0.05555555555555555
Adbakx LLC,18,1,0.05555555555555555
"Anvi Consulting, Inc.",18,1,0.05555555555555555
Banner Medical Group,18,1,0.05555555555555555
Caliber IT Solutions Inc,18,1,0.05555555555555555
"Capital Info Group, Inc.",18,1,0.05555555555555555
DEVOIR SOFTWARE SOLUTIONS LLC,18,1,0.05555555555555555
"Discovery Energy, LLC",18,1,0.05555555555555555
"ETEK IT Solutions, Inc",18,1,0.05555555555555555
"FEI.COM, Inc.",18,1,0.05555555555555555
"GDN Infotech, Inc.",18,1,0.05555555555555555
Global Bridge InfoTech Inc.,18,1,0.05555555555555555
ICloud Technologies Corp.,18,1,0.05555555555555555
INOVA HEALTH CARE SERVICES,18,1,0.05555555555555555
IT RYSOURCES INC,18,1,0.05555555555555555
"Polaris Industries, Inc.",18,1,0.05555555555555555
"Re:Car, Inc.",18,1,0.05555555555555555
"Rohde & Schwarz USA, Inc.",18,1,0.05555555555555555
SYRAINFOTEK LLC,18,1,0.05555555555555555
SYSCONSULT LLC.,18,1,0.05555555555555555
"Sonatus, Inc.",18,1,0.05555555555555555
THERADYNAMICS REHAB MANAGEMENT LLC,18,1,0.05555555555555555
"Technosoft Engineering, Inc.",18,1,0.05555555555555555
Tekhub Inc.,18,1,0.05555555555555555
VALIANTICA INC.,18,1,0.05555555555555555
VALIDIT SOLUTIONS LLC,18,1,0.05555555555555555
VALUEPRO INC,18,1,0.05555555555555555
Veeco Instruments Inc.,18,1,0.05555555555555555
WB Solutions LLC,18,1,0.05555555555555555
Worcester Polytechnic Institute,18,1,0.05555555555555555
"INNOVA SOLUTIONS, INC.",346,19,0.05491329479768786
Tata Consultancy Services Limited,1155,63,0.05454545454545454
"BLIZZARD ENTERTAINMENT, INC.",37,2,0.05405405405405406
"Field AI, Inc.",37,2,0.05405405405405406
Majesco,37,2,0.05405405405405406
RELIABLE SOFTWARE RESOURCES,37,2,0.05405405405405406
Rochester Institute of Technology,37,2,0.05405405405405406
"Samsung Austin Semiconductor, LLC.",37,2,0.05405405405405406
"Yotta Systems, Inc.",37,2,0.05405405405405406
"Ariba, Inc.",56,3,0.05357142857142857
"Environmental Systems Research Institute, Inc.",131,7,0.05343511450381679
"Sapphire Software Solutions, Inc.",75,4,0.05333333333333334
RJT Compuquest Inc. dba Apolis,76,4,0.05263157894736842
"Goken America, LLC",57,3,0.05263157894736842
SIRIUS XM RADIO LLC,57,3,0.05263157894736842
KGATE Technologies Inc,38,2,0.05263157894736842
"AI ENGINEERS, INC.",19,1,0.05263157894736842
AXISCADES INC,19,1,0.05263157894736842
Ameritas Life Insurance Corp.,19,1,0.05263157894736842
Aorzon Technologies Inc,19,1,0.05263157894736842
Apexsync Technologies LLC,19,1,0.05263157894736842
BOISE STATE UNIVERSITY,19,1,0.05263157894736842
CDRP TECHNOLOGIES LLC.,19,1,0.05263157894736842
CLOUD HUB IT SOLUTIONS INC,19,1,0.05263157894736842
"CNET GLOBAL SOLUTIONS, INC",19,1,0.05263157894736842
"CORE AI CONSULTING, INC.",19,1,0.05263157894736842
"Cymer, LLC",19,1,0.05263157894736842
DIGITAL MANAGEMENT LLC,19,1,0.05263157894736842
ERP WIZ INC,19,1,0.05263157894736842
"Early Warning Services, LLC",19,1,0.05263157894736842
GenPx Inc,19,1,0.05263157894736842
"INFOTECH SPECTRUM, INC",19,1,0.05263157894736842
"Invixon Technologies, Inc.",19,1,0.05263157894736842
LORSHI SYSTEMS LLC,19,1,0.05263157894736842
Lonza Biologics Inc.,19,1,0.05263157894736842
Mark Infotech Inc,19,1,0.05263157894736842
NEO TECH SOLUTIONS INC.,19,1,0.05263157894736842
"Optimal, inc.",19,1,0.05263157894736842
PROWISE SOLUTIONS INC,19,1,0.05263157894736842
Patton Labs Inc.,19,1,0.05263157894736842
Pioneer Tek Services Inc,19,1,0.05263157894736842
RICHMOND GREEN INC,19,1,0.05263157894736842
Rigas Technologies Inc.,19,1,0.05263157894736842
RiseIT Solutions Inc.,19,1,0.05263157894736842
SICL AMERICA INC,19,1,0.05263157894736842
Stratis Cloud Tech Solutions Inc,19,1,0.05263157894736842
The University Of Chicago,19,1,0.05263157894736842
VYSOFT SOLUTIONS INC.,19,1,0.05263157894736842
The University of Alabama at Birmingham,231,12,0.05194805194805195
iPivot LLC,58,3,0.05172413793103448
"Schweitzer Engineering Laboratories, Inc.",78,4,0.05128205128205128
The Nemours Foundation - Nemours Children's Health,39,2,0.05128205128205128
Lex Nimble Solutions Inc.,59,3,0.05084745762711865
Cincinnati Children's Hospital Medical Center,138,7,0.050724637681159424
"Synechron, Inc.",138,7,0.050724637681159424
HCL GLOBAL SYSTEMS INC,220,11,0.05
Pentangle Tech Services LLC,100,5,0.05
"Samsung Austin Semiconductor, LLC",100,5,0.05
University of New Mexico,80,4,0.05
ADAEQUARE INC,40,2,0.05
Oklahoma State University,40,2,0.05
" Source Cloud Technologies, Inc.",20,1,0.05
AdvanSoft International Inc,20,1,0.05
"Bayone Solutions, Inc. ",20,1,0.05
CLOUD360 INC,20,1,0.05
Chelsoft Solutions Co.,20,1,0.05
"Emergtech Business Solutions, Inc",20,1,0.05
Federal National Mortgage Association,20,1,0.05
"IHC Health Services, Inc. ",20,1,0.05
"JSMN International, Inc",20,1,0.05
Radiantze Inc,20,1,0.05
Select Minds LLC,20,1,0.05
TECHLADDER LLC,20,1,0.05
"TECHQUEST SOLUTIONS, LLC.",20,1,0.05
Torque Technologies LLC,20,1,0.05
"West Advanced Technologies, Inc.",20,1,0.05
Zensoft IT Solutions Inc,20,1,0.05
"RELX, Inc.",203,10,0.04926108374384237
MICHIGAN STATE UNIVERSITY,204,10,0.049019607843137254
Cedars-Sinai Medical Center,102,5,0.049019607843137254
The Ohio State University,245,12,0.04897959183673469
Texas A&M University,225,11,0.04888888888888889
"ANSYS, lnc.",41,2,0.04878048780487805
INFO KEYS INC,41,2,0.04878048780487805
"Logic Planet, Inc.",41,2,0.04878048780487805
The University of Texas at Arlington,41,2,0.04878048780487805
University of Maryland Baltimore,103,5,0.04854368932038835
"Alliance for Energy Innovation, LLC",62,3,0.04838709677419355
University of Illinois,209,10,0.04784688995215311
Northeastern University,105,5,0.047619047619047616
Oregon Health & Science University,84,4,0.047619047619047616
Tenstorrent USA Inc.,63,3,0.047619047619047616
"BLUELINK IT SERVICES, LLC",21,1,0.047619047619047616
CORE NET AI LLC,21,1,0.047619047619047616
Discovery Analytics Inc,21,1,0.047619047619047616
Empower Professionals Inc,21,1,0.047619047619047616
Fortrea Inc.,21,1,0.047619047619047616
Fourth Technologies Inc.,21,1,0.047619047619047616
G3 Soft Inc,21,1,0.047619047619047616
IBG LLC,21,1,0.047619047619047616
IGATE Solutions LLC,21,1,0.047619047619047616
Kent State University,21,1,0.047619047619047616
NB ALPHA OMEGA LLC,21,1,0.047619047619047616
Nexthop Systems Inc,21,1,0.047619047619047616
OPTIVENT GROUP INC,21,1,0.047619047619047616
Perkins Eastman Architects DPC,21,1,0.047619047619047616
"Populous Group, LLC",21,1,0.047619047619047616
SOFT PARCH LLC,21,1,0.047619047619047616
Saggi Solutions Inc,21,1,0.047619047619047616
"SkilzMatrix Digital, LLC",21,1,0.047619047619047616
Slesha Inc,21,1,0.047619047619047616
Tetra Computing LLC,21,1,0.047619047619047616
"USD 501, Topeka Public Schools",21,1,0.047619047619047616
"WorldQuant, LLC",21,1,0.047619047619047616
Youngsoft Inc.,21,1,0.047619047619047616
Georgia Institute of Technology,127,6,0.047244094488188976
UNIVERSITY OF NORTH CAROLINA AT CHAPEL HILL,106,5,0.04716981132075472
University of Michigan,594,28,0.04713804713804714
ADVITHRI TECHNOLOGIES LLC,65,3,0.046153846153846156
Astera Labs INC,65,3,0.046153846153846156
Texas Tech University,110,5,0.045454545454545456
Hartford Fire Insurance Company,66,3,0.045454545454545456
NIC INFO TEK INC,44,2,0.045454545454545456
The Home for Little Wanderers,44,2,0.045454545454545456
University Corporation for Atmospheric Research,44,2,0.045454545454545456
V3Tech Solutions Inc,44,2,0.045454545454545456
"AMAZON DEVELOPMENT CENTER U.S., INC. ",22,1,0.045454545454545456
"Cloud BC Labs, Inc",22,1,0.045454545454545456
Delta Computer Consulting,22,1,0.045454545454545456
FOCUS CORE INC,22,1,0.045454545454545456
JOLTTEK INC,22,1,0.045454545454545456
MYSAPGROUP INC,22,1,0.045454545454545456
NGTalentTech Group LLC,22,1,0.045454545454545456
S & V Tek Systems LLC,22,1,0.045454545454545456
"Tekdelite, LLC",22,1,0.045454545454545456
The Curators of the University of Missouri/University of Missouri-Kansas City,22,1,0.045454545454545456
"Thornton Tomasetti, Inc.",22,1,0.045454545454545456
"University of California, Berkeley",178,8,0.0449438202247191
The University of Iowa,246,11,0.044715447154471545
SAGE IT INC,112,5,0.044642857142857144
Arizona State University,182,8,0.04395604395604396
The Florida State University,92,4,0.043478260869565216
APPLAB SYSTEMS INC,69,3,0.043478260869565216
DONATO TECHNOLOGIES INC,46,2,0.043478260869565216
Seagate US LLC,46,2,0.043478260869565216
Yale New Haven Hospital,46,2,0.043478260869565216
ARC SOLUTIONS USA INC,23,1,0.043478260869565216
BlueRibbon Global Technologies LLC,23,1,0.043478260869565216
Collasys LLC,23,1,0.043478260869565216
Dwaith Infotech Inc,23,1,0.043478260869565216
Flair Tech Solutions Inc,23,1,0.043478260869565216
Keen Info Tek Inc,23,1,0.043478260869565216
Kettering Network Services,23,1,0.043478260869565216
"LER Product Design, LLC",23,1,0.043478260869565216
Palni Inc.,23,1,0.043478260869565216
Profile DM Inc,23,1,0.043478260869565216
"S.W.I.F.T., Inc.",23,1,0.043478260869565216
Wake Forest University Baptist Medical Center,23,1,0.043478260869565216
"iLink Systems, Inc.",23,1,0.043478260869565216
UT Southwestern Medical Center,300,13,0.043333333333333335
TABNER INC,47,2,0.0425531914893617
"Tekgence, Inc.",47,2,0.0425531914893617
"ANSYS, Inc.",71,3,0.04225352112676056
The University of Virginia,166,7,0.04216867469879518
Carnegie Mellon University,95,4,0.042105263157894736
University of Oklahoma,95,4,0.042105263157894736
"Marvell Semiconductor, Inc. ",240,10,0.041666666666666664
Memorial Sloan Kettering Cancer Center,168,7,0.041666666666666664
Collaborate Solutions Inc.,96,4,0.041666666666666664
PRN IT CORP,48,2,0.041666666666666664
SEI Investments Company,48,2,0.041666666666666664
THE DOW CHEMICAL COMPANY,48,2,0.041666666666666664
Anagh Technologies Inc,24,1,0.041666666666666664
Avago Technologies US Inc.,24,1,0.041666666666666664
Cloudbridge Solutions Inc,24,1,0.041666666666666664
Egen Solutions LLC,24,1,0.041666666666666664
First Cloud Inc,24,1,0.041666666666666664
INTELLECT BUSINESS SOLUTIONS LLC,24,1,0.041666666666666664
"Leverage Technologies, Inc",24,1,0.041666666666666664
Nextgen IT Solutions Inc,24,1,0.041666666666666664
Prophecy Consulting Inc,24,1,0.041666666666666664
"TARANA WIRELESS, INC",24,1,0.041666666666666664
"Taurus Industrial Group, LLC.",24,1,0.041666666666666664
University of New Hampshire,24,1,0.041666666666666664
VASS Inc.,24,1,0.041666666666666664
Auburn University,97,4,0.041237113402061855
"Richmond Children Center, Inc.",97,4,0.041237113402061855
"Info Services, LLC",49,2,0.04081632653061224
The Sherwin-Williams Company,49,2,0.04081632653061224
Lakshya Technologies Inc,74,3,0.04054054054054054
"UNIVERSITY OF CALIFORNIA, IRVINE",74,3,0.04054054054054054
Washington University,348,14,0.040229885057471264
Orpine Inc,75,3,0.04
"Trinity Consultants, Inc.",50,2,0.04
"BATTELLE ENERGY ALLIANCE, LLC",25,1,0.04
Bering Strait School District,25,1,0.04
"Blue Lotus Systems, Inc.",25,1,0.04
"CHA Consulting, Inc. ",25,1,0.04
"HUMAC, INC.",25,1,0.04
Infodat International Inc.,25,1,0.04
Intellan Technologies LLC,25,1,0.04
Interglobe IT LLC,25,1,0.04
Lehigh University,25,1,0.04
"Locally Compact, Inc.",25,1,0.04
"MultiPlan, Inc.",25,1,0.04
NEUMERIC TECHNOLOGIES CORPORATION,25,1,0.04
NTT DATA Business Solutions Inc.,25,1,0.04
Oak Street Health MSO LLC,25,1,0.04
Oriontek Inc.,25,1,0.04
PRISTEN IT SYSTEMS INC,25,1,0.04
PRO-TEK CONSULTING ,25,1,0.04
Polar Operations LLC d/b/a IMC Markets,25,1,0.04
"SLIQ INFORMATION TECHNOLOGIES, INC.",25,1,0.04
University of Massachusetts Lowell,25,1,0.04
YORK INTERNATIONAL CORPORATION,25,1,0.04
"Beth Israel Deaconess Medical Center, Inc.",76,3,0.039473684210526314
"Strategic Systems, Inc.",77,3,0.03896103896103896
Pi Square Technologies LLC,78,3,0.038461538461538464
"Blackhawk Network, Inc.",26,1,0.038461538461538464
Brandeis University,26,1,0.038461538461538464
Caresoft Technologies Inc,26,1,0.038461538461538464
Encore Consulting Services Inc,26,1,0.038461538461538464
Insulet Corporation,26,1,0.038461538461538464
"Lightmatter, Inc.",26,1,0.038461538461538464
MAXSOFT IT LLC,26,1,0.038461538461538464
Marquette University,26,1,0.038461538461538464
"Pinnacle Technical Resources, Inc.",26,1,0.038461538461538464
Southern Methodist University,26,1,0.038461538461538464
Systems Technology Group Inc,26,1,0.038461538461538464
University of Idaho,26,1,0.038461538461538464
eInfochips Inc.,26,1,0.038461538461538464
"Capital One, National Association",526,20,0.03802281368821293
University of Oklahoma Health Sciences Center,79,3,0.0379746835443038
Government Employee Insurance Company (GEICO),476,18,0.037815126050420166
TRANSCEND IT SOLUTIONS LLC.,53,2,0.03773584905660377
"Experis US, LLC",134,5,0.03731343283582089
Dana-Farber Cancer Institute,188,7,0.03723404255319149
Deere & Company,135,5,0.037037037037037035
Collabera LLC,108,4,0.037037037037037035
"DataEconomy, Inc.",54,2,0.037037037037037035
Kansas State University,54,2,0.037037037037037035
Mississippi State University,54,2,0.037037037037037035
Arohak Inc,27,1,0.037037037037037035
"Bowman Consulting Group, Ltd.",27,1,0.037037037037037035
Cooley LLP,27,1,0.037037037037037035
KEYSTONE TECHNOLOGY PARTNERS INC,27,1,0.037037037037037035
Michigan Technological University,27,1,0.037037037037037035
Palayekar Companies Inc,27,1,0.037037037037037035
W.M. RICE UNIVERSITY,27,1,0.037037037037037035
"Capital One Services, LLC",838,31,0.03699284009546539
Tecaholic LLC,55,2,0.03636363636363636
University of Mississippi,55,2,0.03636363636363636
"MITCHELL/MARTIN, INC.",83,3,0.03614457831325301
Intellectt Inc,111,4,0.036036036036036036
NOVAMEGHA  LLC,56,2,0.03571428571428571
The University of Texas at Dallas,56,2,0.03571428571428571
Baltimore City Public Schools,28,1,0.03571428571428571
Clifford Chance US LLP,28,1,0.03571428571428571
"Everest Technologies, Inc.",28,1,0.03571428571428571
ITSTAC LLC,28,1,0.03571428571428571
KAI CYBER INC,28,1,0.03571428571428571
KIAN CORPORATION,28,1,0.03571428571428571
"NEXZENTEK SOLUTIONS, INC.",28,1,0.03571428571428571
The Rockefeller University,28,1,0.03571428571428571
University of Pittsburgh,225,8,0.035555555555555556
Ochsner Clinic Foundation,85,3,0.03529411764705882
"Qualcomm Atheros, Inc. ",85,3,0.03529411764705882
Virginia Commonwealth University,57,2,0.03508771929824561
Board of Regents of the University of Nebraska,86,3,0.03488372093023256
Emory University,319,11,0.034482758620689655
"Tek Labs, Inc.",58,2,0.034482758620689655
Walgreen Co.,58,2,0.034482758620689655
Advanced Resource Staffing Inc,29,1,0.034482758620689655
CSC Covansys Corporation,29,1,0.034482758620689655
Covington & Burling LLP,29,1,0.034482758620689655
"Ecovue Solutions, LLC ",29,1,0.034482758620689655
Excelon Solutions LLC,29,1,0.034482758620689655
Research Foundation of CUNY,29,1,0.034482758620689655
Resolve Tech Solutions LLC,29,1,0.034482758620689655
S4 TECHNOLOGIES INC,29,1,0.034482758620689655
SEATTLE CHILDREN'S HOSPITAL,29,1,0.034482758620689655
MSR TECHNOLOGY GROUP LLC,293,10,0.034129692832764506
Albert Einstein College of Medicine ,88,3,0.03409090909090909
Stier Solutions Inc,59,2,0.03389830508474576
Latham & Watkins LLP,89,3,0.033707865168539325
Duke University,180,6,0.03333333333333333
Anand Pag Inc,30,1,0.03333333333333333
"Intellibee, Inc.",30,1,0.03333333333333333
SANAV TECHNOLOGIES LLC,30,1,0.03333333333333333
Softtechers LLC,30,1,0.03333333333333333
Teksolve IT Solutions LLC,30,1,0.03333333333333333
WIZARD TECH SOLUTIONS INC.,30,1,0.03333333333333333
AMALGAM TECHNOLOGIES INC,61,2,0.03278688524590164
OSF Multi-Specialty Group ,61,2,0.03278688524590164
VIACORE TECHNOLOGIES INC,61,2,0.03278688524590164
The Curators of the University of Missouri,153,5,0.032679738562091505
University of Hawaii,62,2,0.03225806451612903
GANDARA Mental HEALTH CENTER Inc,31,1,0.03225806451612903
"Hippocratic AI, Inc",31,1,0.03225806451612903
Ideal Source Inc,31,1,0.03225806451612903
Massachusetts Eye and Ear Infirmary,31,1,0.03225806451612903
Mayer Brown LLP,31,1,0.03225806451612903
QUEST DIAGNOSTICS INCORPORATED,31,1,0.03225806451612903
Safety & Efficacy IT Solutions Inc.,31,1,0.03225806451612903
"Sovereign Technologies, LLC",31,1,0.03225806451612903
The University of Vermont and State Agricultural College,31,1,0.03225806451612903
"University of Maryland, College Park",63,2,0.031746031746031744
Genesis Corp,127,4,0.031496062992125984
University of Texas Medical Branch,64,2,0.03125
BorgWarner PDS (USA) Inc.,32,1,0.03125
"Diaspark, Inc.",32,1,0.03125
ELITE TECH INFO INC,32,1,0.03125
"FUGE TECHNOLOGIES, INC.",32,1,0.03125
UNIVERSITY OF MINNESOTA,32,1,0.03125
West Contra Costa Unified School District,32,1,0.03125
ASM AMERICA INC.,132,4,0.030303030303030304
MONTEFIORE MEDICAL CENTER,132,4,0.030303030303030304
"Christiana Care Health Services, Inc.",33,1,0.030303030303030304
Cloudninetek LLC,33,1,0.030303030303030304
"Cyient, Inc. ",33,1,0.030303030303030304
"Motion Recruitment Partners, LLC",33,1,0.030303030303030304
Nationwide Mutual Insurance Company,33,1,0.030303030303030304
Van Andel Research Institute,33,1,0.030303030303030304
HTC GLOBAL SERVICES INC.,304,9,0.029605263157894735
"Baseten Labs, Inc.",34,1,0.029411764705882353
IPolarity LLC,34,1,0.029411764705882353
Texas A&M Engineering Experiment Station,34,1,0.029411764705882353
"The Matlen Silver Group, Inc.",34,1,0.029411764705882353
Trane Technologies Company LLC,34,1,0.029411764705882353
"XMotors.USA, Inc.",34,1,0.029411764705882353
University of Minnesota,207,6,0.028985507246376812
Washington State University,69,2,0.028985507246376812
Annapurna Labs (U.S.) Inc.,139,4,0.02877697841726619
Indiana University,139,4,0.02877697841726619
"Perficient, Inc.",140,4,0.02857142857142857
DISTRICT OF COLUMBIA PUBLIC SCHOOLS,105,3,0.02857142857142857
Bright Vision Technologies,70,2,0.02857142857142857
"ASTIR TECHNOLOGIES, LLC",35,1,0.02857142857142857
Ramsai Software Solutions INC,35,1,0.02857142857142857
"Skidmore, Owings & Merrill LLP",35,1,0.02857142857142857
Mayo Clinic,246,7,0.028455284552845527
University of Colorado,142,4,0.028169014084507043
Kiewit Power Constructors Co. ,36,1,0.027777777777777776
Source Infotech Inc.,36,1,0.027777777777777776
TRUSTEES OF THE UNIVERSITY OF PENNSYLVANIA,366,10,0.0273224043715847
3S BUSINESS CORPORATION,37,1,0.02702702702702703
Boston College,37,1,0.02702702702702703
New York City Department of Education,37,1,0.02702702702702703
"Qorvo US, INC.",37,1,0.02702702702702703
State University of New York at Stony Brook,37,1,0.02702702702702703
"Tek Grove, LLC",37,1,0.02702702702702703
University of Georgia,75,2,0.02666666666666667
"M. Arthur Gensler Jr. & Associates, Inc.",76,2,0.02631578947368421
"Luma AI, Inc.",38,1,0.02631578947368421
"Nivid Infotech, Inc.",38,1,0.02631578947368421
DFS Corporate Services LLC,78,2,0.02564102564102564
Nisum Technologies Inc.,78,2,0.02564102564102564
COGNIT AI INC,39,1,0.02564102564102564
Celestica LLC ,39,1,0.02564102564102564
Harmony Public Schools,39,1,0.02564102564102564
Isolve Technology Inc,39,1,0.02564102564102564
Mary Hitchcock Memorial Hospital,39,1,0.02564102564102564
"Nuro, Inc",39,1,0.02564102564102564
PeaceHealth,39,1,0.02564102564102564
San Jose Unified School District,39,1,0.02564102564102564
Cornell University,118,3,0.025423728813559324
Iowa State University of Science and Technology,118,3,0.025423728813559324
Ampere Computing LLC,40,1,0.025
Banner University Medical Group,40,1,0.025
Datanormus LLC,40,1,0.025
University of Wyoming,40,1,0.025
"The Leland Stanford, Jr University",282,7,0.024822695035460994
"Dexian, LLC",81,2,0.024691358024691357
SATIN SOLUTIONS LLC,164,4,0.024390243902439025
New York University,83,2,0.024096385542168676
"KARWELL TECHNOLOGIIES, INC.",42,1,0.023809523809523808
The Children's Mercy Hospital,42,1,0.023809523809523808
The Mary Imogene Bassett Hospital,42,1,0.023809523809523808
Johns Hopkins University,379,9,0.023746701846965697
"United Wholesale Mortgage, LLC",86,2,0.023255813953488372
"Geosyntec Consultants, Inc.",43,1,0.023255813953488372
University of Rochester,130,3,0.023076923076923078
Massachusetts Institute of Technology,174,4,0.022988505747126436
Camelot Integrated Solutions Inc,44,1,0.022727272727272728
"Hellmuth, Obata & Kassabaum, Inc.",44,1,0.022727272727272728
KENNESAW STATE UNIVERSITY,44,1,0.022727272727272728
Leland Stanford Jr. Univ/SLAC National Accelerator Lab,44,1,0.022727272727272728
THE UNIVERSITY OF KANSAS MEDICAL CENTER,45,1,0.022222222222222223
University of South Carolina,45,1,0.022222222222222223
West Virginia University,136,3,0.022058823529411766
Traton R&D US LLC,46,1,0.021739130434782608
THE UNIVERSITY OF TENNESSEE,93,2,0.021505376344086023
ARDOR IT SOLUTIONS INC,47,1,0.02127659574468085
ETOUCH SYSTEMS CORPORATION,47,1,0.02127659574468085
Career Soft Solutions Inc,48,1,0.020833333333333332
"Fiori Technology Solutions, Inc.",48,1,0.020833333333333332
Rochester General Hospital,49,1,0.02040816326530612
Quadrant Technologies LLC,246,5,0.02032520325203252
University of Massachusetts Chan Medical School,99,2,0.020202020202020204
Purdue University,248,5,0.020161290322580645
"Medical College of Wisconsin, Inc.",100,2,0.02
SUMERU TECHNOLOGIES LLC,50,1,0.02
UNIVERSITY OF NORTH TEXAS,50,1,0.02
WSP USA BUILDINGS INC.,50,1,0.02
UNIVERSITY OF KENTUCKY,101,2,0.019801980198019802
"HONDA DEVELOPMENT & MANUFACTURING OF AMERICA, LLC",51,1,0.0196078431372549
The Automation Space LLC,51,1,0.0196078431372549
University of Louisville,51,1,0.0196078431372549
Columbia University,256,5,0.01953125
Brown University,104,2,0.019230769230769232
"Novartis Institutes for BioMedical Research, Inc.",53,1,0.018867924528301886
UNIVERSITY OF FLORIDA,268,5,0.018656716417910446
Tek Leaders Inc,109,2,0.01834862385321101
Flyhigh Staffing LLC,55,1,0.01818181818181818
IMR SOFT LLC,55,1,0.01818181818181818
The Methodist Hospital Research Institute,55,1,0.01818181818181818
North Carolina State University,112,2,0.017857142857142856
Liberty Mutual Technology Group Inc.,56,1,0.017857142857142856
Maimonides Medical Center,57,1,0.017543859649122806
"Perkins & Will, Inc.",57,1,0.017543859649122806
"SEGULA TECHNOLOGIES USA, INC.",57,1,0.017543859649122806
Tekaccel Inc,59,1,0.01694915254237288
Brigham and Women's Hospital,120,2,0.016666666666666666
ARUP Laboratories,60,1,0.016666666666666666
L&T Technology Services LLC,60,1,0.016666666666666666
The University of Tennessee Health Science Center,60,1,0.016666666666666666
"Wolters Kluwer DXG U.S., Inc.",60,1,0.016666666666666666
Cleveland Clinic Foundation,122,2,0.01639344262295082
Ventois Inc,61,1,0.01639344262295082
Vanderbilt University Medical Center,65,1,0.015384615384615385
"DIGIPULSE TECHNOLOGIES, INC.",132,2,0.015151515151515152
"Langan Engineering and Environmental Services, LLC",66,1,0.015151515151515152
"The Broad Institute, Inc.",69,1,0.014492753623188406
NYU Grossman School of Medicine,139,2,0.014388489208633094
Indiana University Indianapolis,140,2,0.014285714285714285
"LER TechForce, LLC",70,1,0.014285714285714285
AlgebraIT LLC,72,1,0.013888888888888888
CIRRUS LOGIC INTERNATIONAL SEMICONDUCTOR LTD.,72,1,0.013888888888888888
"UChicago Argonne, LLC",72,1,0.013888888888888888
Yale University,289,4,0.01384083044982699
"Mastech Digital Technologies, Inc.",146,2,0.0136986301369863
"University of Alabama Health Services Foundation, PC",73,1,0.0136986301369863
University of Mississippi Medical Center,74,1,0.013513513513513514
The University of Texas at Austin,226,3,0.01327433628318584
"UNIVERSITY OF CALIFORNIA, SAN DIEGO",230,3,0.013043478260869565
THE STEPPING STONES GROUP LLC,77,1,0.012987012987012988
"QUEST GLOBAL SERVICES- N.A., INC.",80,1,0.0125
University of Colorado Denver / Anschutz,82,1,0.012195121951219513
"University of California, Davis",165,2,0.012121212121212121
Davis Polk & Wardwell LLP,83,1,0.012048192771084338
Colorado State University,84,1,0.011904761904761904
"University of California, San Francisco",254,3,0.011811023622047244
THE UNIVERSITY OF TEXAS M.D. ANDERSON CANCER CENTER,86,1,0.011627906976744186
Costco Wholesale Corporation,87,1,0.011494252873563218
Brookhaven National Laboratory,350,4,0.011428571428571429
Northwestern University,279,3,0.010752688172043012
"UT-BATTELLE, LLC (OAK RIDGE NATIONAL LABORATORY)",187,2,0.0106951871657754
The Pennsylvania State University,194,2,0.010309278350515464
DECOFRUT INC,98,1,0.01020408163265306
The University of Texas M.D. Anderson Cancer Center,105,1,0.009523809523809525
"Avco Consulting, Inc.",113,1,0.008849557522123894
"ERP Analysts, Inc.",120,1,0.008333333333333333
University of Arkansas for Medical Sciences,124,1,0.008064516129032258
University of Wisconsin System,251,2,0.00796812749003984
"J.B. Hunt Transport, Inc.",140,1,0.007142857142857143
Children's Hospital Corporation,141,1,0.0070921985815602835
University of Washington,155,1,0.0064516129032258064
Dallas Independent School District,213,1,0.004694835680751174
Harvard University,252,1,0.003968253968253968
"Grandison Management, Inc.",1988,0,0.0
GP TECHNOLOGIES LLC,489,0,0.0
Skilltune Technologies INC,194,0,0.0
SAVANNAH CHATHAM COUNTY PUBLIC SCHOOL SYSTEM,192,0,0.0
The Trustees of Princeton University,177,0,0.0
"National Institutes of Health, HHS",159,0,0.0
CVS Rx Services Inc.,152,0,0.0
"Rutgers, The State University of New Jersey",149,0,0.0
Baylor College of Medicine,138,0,0.0
MAYO CLINIC,135,0,0.0
Battelle Memorial Institute,134,0,0.0
NATSOFT CORPORATION,130,0,0.0
UPMC Medical Education,126,0,0.0
Milwaukee Board of School Directors,116,0,0.0
University of Maryland College Park,108,0,0.0
Denver Public Schools District 1,105,0,0.0
University of Pittsburgh Physicians,104,0,0.0
Howard Hughes Medical Institute,94,0,0.0
Louisiana Children's Medical Center,94,0,0.0
"MIRACLE SOFTWARE SYSTEMS, INC.",90,0,0.0
VISTA APPLIED SOLUTIONS GROUP INC,87,0,0.0
West Virginia University Medical Corporation,87,0,0.0
"Analysis Group, Inc.",86,0,0.0
"Fermi Forward Discovery Group, LLC",86,0,0.0
Regents of the University of California at Riverside,84,0,0.0
University of California at Santa Barbara,82,0,0.0
The University of Texas Health Science Center at Houston,80,0,0.0
California Institute of Technology,79,0,0.0
"Cosmic Healthcare, LLC",79,0,0.0
"Mastech Digital Resourcing, Inc.",79,0,0.0
"Paul, Weiss, Rifkind, Wharton & Garrison, LLP",79,0,0.0
Board of Regents of the University of Nebraska ,76,0,0.0
PIONEER CONSULTING SERVICES LLC,76,0,0.0
QUBITZ TECH SYSYTEMS LLC,76,0,0.0
BOR USGA obo Augusta University,74,0,0.0
Lambdanets services LLC,74,0,0.0
"Management Health Systems, LLC",74,0,0.0
OSF Healthcare System ,74,0,0.0
Simpson Thacher & Bartlett LLP,74,0,0.0
Milwaukee Electric Tool Corporation,73,0,0.0
PROMATRIX CORP,71,0,0.0
"Antra, Inc.",70,0,0.0
Idexcel Inc,70,0,0.0
"Triad National Security, LLC",69,0,0.0
USACS Medical Group Ltd.,68,0,0.0
EVEREST CONSULTING GROUP INC.,67,0,0.0
Louisiana State University and A&M College,67,0,0.0
Infocons Inc,66,0,0.0
KINGSTON TECHNOLOGIES INC,65,0,0.0
Softworld Technologies LLC,65,0,0.0
3i INFOTECH INC.,64,0,0.0
Embry-Riddle Aeronautical University,63,0,0.0
INTELI PLATFORMS INC.,61,0,0.0
University of Texas Health Science Center at San Antonio,60,0,0.0
Dataflake LLC,59,0,0.0
IT ADVANZ LLC,59,0,0.0
Marlabs LLC,59,0,0.0
UNIVERSITY OF CINCINNATI,59,0,0.0
SmartDW Inc,58,0,0.0
Veenus Infotechs Corporation,58,0,0.0
"LS Solutions, Inc.",57,0,0.0
"PHYSICIAN AFFILIATE GROUP OF NY, PC",57,0,0.0
Computer Sciences Corporation,56,0,0.0
Conexus Medstaff LLC,56,0,0.0
"Comtrix Solutions, Inc.",55,0,0.0
"PRISTINE REHAB CARE, LLC",55,0,0.0
SSM Health Care Group,55,0,0.0
"UPSTATE CEREBRAL PALSY, INC.",55,0,0.0
Caresoft Global Technologies Inc,54,0,0.0
Federal Soft Systems Inc.,54,0,0.0
Massachusetts General Physicians Organization,54,0,0.0
"Pyramid Consulting, Inc.",54,0,0.0
SecureNet Systems Corporation,54,0,0.0
University of Houston,54,0,0.0
FUSION LIFE SCIENCES TECHNOLOGIES LLC,53,0,0.0
Gulfstream Aerospace Corporation ,53,0,0.0
Medical University of South Carolina and Affiliates,53,0,0.0
CONCH TECHNOLOGIES INC,52,0,0.0
JKV International LLC,52,0,0.0
Kirkland & Ellis LLP,52,0,0.0
"Qualcomm Innovation Center, Inc. ",52,0,0.0
SULLIVAN & CROMWELL LLP,52,0,0.0
"APPTRICS, LLC",51,0,0.0
SIGMA SOFTWARE LLC,51,0,0.0
Eastern Maine Medical Center,50,0,0.0
Progressive Casualty Insurance Company,50,0,0.0
"SAMSUNG AUSTIN SEMICONDUCTOR,LLC",50,0,0.0
TekInvaderZ LLC,50,0,0.0
WAYNE STATE UNIVERSITY,50,0,0.0
"Hartford HealthCare Medical Group, Inc.",49,0,0.0
Louisiana State University Health Sciences Center at Shreveport,49,0,0.0
TSQ SYSTEMS INC,49,0,0.0
Interon IT Solutions LLC,48,0,0.0
LIFESPAN PHYSICIAN GROUP INC.,48,0,0.0
"Lawrence Livermore National Security, LLC",48,0,0.0
"Brigham and Women's Physicians Organization, Inc",47,0,0.0
"Engineering Technology Associates, Inc. ",47,0,0.0
The University of Kansas Physicians,47,0,0.0
Motional AD Inc.,46,0,0.0
"Tata Technologies, Inc.",46,0,0.0
"Cornerstone Research, Inc.",45,0,0.0
Cortracker Inc.,45,0,0.0
HUMBOLDT PARK HEALTH,45,0,0.0
Metrix IT Solutions INC,45,0,0.0
"Saipsit, Inc.",45,0,0.0
Sanford,45,0,0.0
"TSMC Technology, Inc.",45,0,0.0
The University of Kansas,45,0,0.0
"Cigniti Technologies, Inc.",44,0,0.0
Cyber Nirvana LLC,44,0,0.0
Jackson Public School District,44,0,0.0
VCA Inc.,44,0,0.0
AXLE INFORMATICS,43,0,0.0
"Avani Technology Solutions, Inc.",43,0,0.0
Conexus MedStaff LLC,43,0,0.0
"DATAEDGE, INC",43,0,0.0
FOOD AND DRUG ADMINISTRATION,43,0,0.0
The Scripps Research Institute,43,0,0.0
Veridic Solutions LLC,43,0,0.0
ACEINTEGRATOR INC,42,0,0.0
Caprus IT Inc,42,0,0.0
"Gibson, Dunn & Crutcher LLP",42,0,0.0
MYTHRI CONSULTING LLC,42,0,0.0
MultiCare Health System,42,0,0.0
NEO PRISM SOLUTIONS LLC,42,0,0.0
Piedmont Medical Care Corporation,42,0,0.0
"SmithGroup, Inc., subsidiary of SmithGroup Co., Inc.",42,0,0.0
"CALIFORNIA POLYTECHNIC STATE UNIVERSITY, SAN LUIS OBISPO",41,0,0.0
EDU INFOTECH INTERNATIONAL RESOURCES INC,41,0,0.0
George Mason University,41,0,0.0
"IT RESOURCES, INC.",41,0,0.0
"MedStar Medical Group II, LLC",41,0,0.0
PIONEER CONSULTING LLC,41,0,0.0
RESPONSE INFORMATICS INC.,41,0,0.0
Rensselaer Polytechnic Institute,41,0,0.0
Sidley Austin (US) LLP,41,0,0.0
"VIDANT MEDICAL GROUP, LLC",41,0,0.0
California Institute of Technology/Jet Propulsion Laboratory,40,0,0.0
Decision Six Inc,40,0,0.0
FIRSTNET GLOBAL LLC,40,0,0.0
IU Health Care Associates,40,0,0.0
"SOLUTION IT, Inc",40,0,0.0
ST. LUKE'S-ROOSEVELT HOSPITAL CENTER,40,0,0.0
"Sinai Hospital of Baltimore, Inc.",40,0,0.0
Strategic Resources International Inc,40,0,0.0
Synapse Tech Services Inc.,40,0,0.0
Winston-Salem/Forsyth County Schools,40,0,0.0
DREVOL LLC,39,0,0.0
EdTheory LLC,39,0,0.0
"InnoCore Solutions, Inc",39,0,0.0
KNOWLEDGE RESOURCES GROUP INC,39,0,0.0
Namitus Technologies Inc,39,0,0.0
SDVS Technologies LLC,39,0,0.0
SYNECHRON INC,39,0,0.0
"State University of New York, Upstate Medical University",39,0,0.0
Appridat Solutions LLC,38,0,0.0
CLEARY GOTTLIEB STEEN & HAMILTON LLP,38,0,0.0
Corning Research & Development Corporation,38,0,0.0
"DC Group, Inc.",38,0,0.0
Sanford Clinic,38,0,0.0
"Spear Physical Therapy, PLLC",38,0,0.0
ARCANE SYSTEMS INC,37,0,0.0
"Baystate Medical Practices, Inc.",37,0,0.0
Granville County Public Schools Superintendent,37,0,0.0
Houston Independent School District,37,0,0.0
Intellisoft Systems LLC,37,0,0.0
RICHLAND COUNTY SCHOOL DISTRICT ONE,37,0,0.0
Verton Solutions Inc,37,0,0.0
"ATI HOLDINGS, LLC",36,0,0.0
CLOUD5 SOLUTIONS INC,36,0,0.0
"Cintal, Inc.",36,0,0.0
"Collabrium Systems, LLC",36,0,0.0
"Eurofins Professional Scientific Services Mid-Atlantic, LLC.",36,0,0.0
IT CATS LLC ,36,0,0.0
Infylogy Corp.,36,0,0.0
MILBANK LLP,36,0,0.0
Nash County Board of Education,36,0,0.0
Northwell Health,36,0,0.0
ORANGEBURG COUNTY SCHOOL DISTRICT,36,0,0.0
SMA Tech LLC,36,0,0.0
Utah State University,36,0,0.0
ASUITECH SOLUTIONS INC,35,0,0.0
Collaborate Solutions Inc,35,0,0.0
ENLIGHTENED SOLUTIONS LLC,35,0,0.0
Lexington County School District One,35,0,0.0
ProvinceSoft Inc.,35,0,0.0
UNIVERSITY OF KANSAS MEDICAL CENTER,35,0,0.0
University of North Dakota,35,0,0.0
"4CONSULTING, INC",34,0,0.0
7TECHNIX LLC,34,0,0.0
Allegheny Clinic,34,0,0.0
"Allied Informatics, Inc.",34,0,0.0
"Avant Healthcare Professionals, LLC.",34,0,0.0
Emonics LLC,34,0,0.0
HITECK SOLUTIONS INC.,34,0,0.0
Horizon International Trd. Inc.,34,0,0.0
TEKSOFT SYSTEMS INC.,34,0,0.0
"Tech Tammina, LLC",34,0,0.0
Thought Circuits Services LLC,34,0,0.0
University of Connecticut Health Center,34,0,0.0
ALTEXT INC,33,0,0.0
Infobiz Systems LLC,33,0,0.0
NEON IT LLC,33,0,0.0
"New England Center For Children, Inc.",33,0,0.0
Portsmouth Public Schools,33,0,0.0
RYZLINK CORP,33,0,0.0
Symplore Inc,33,0,0.0
TechData Service Company LLC,33,0,0.0
Willkie Farr & Gallagher LLP,33,0,0.0
Beckman Research Institute of the City of Hope,32,0,0.0
Bibb County School District,32,0,0.0
Dartmouth-Hitchcock Clinic,32,0,0.0
FLORIDA INTERNATIONAL UNIVERSITY,32,0,0.0
"Gallup, Inc.",32,0,0.0
HYR GLOBAL SOURCE INC,32,0,0.0
KANAP SYSTEMS LLC,32,0,0.0
"Medical Management International, Inc.",32,0,0.0
"NESTOR TECHNOLOGIES, INC.",32,0,0.0
"OU Health Partners, Inc.",32,0,0.0
Platinum Infosys Inc,32,0,0.0
"SAMSUNG AUSTIN SEMICONDUCTOR, LLC",32,0,0.0
SRK Systems Inc,32,0,0.0
Saint Louis University,32,0,0.0
University of North Carolina at Charlotte,32,0,0.0
"VYZER SOLUTIONS, INC",32,0,0.0
Wake Forest University Health Sciences,32,0,0.0
"Weil, Gotshal & Manges LLP",32,0,0.0
Xylo Consulting LLC,32,0,0.0
Bean Infosystems LLC,31,0,0.0
CELER SYSTEMS INC,31,0,0.0
DIZER CORP,31,0,0.0
INDUS GROUP INC.,31,0,0.0
Marshfield Clinic Health System,31,0,0.0
"Marvell Semiconductor, Inc.",31,0,0.0
Moxie IT Solutions Inc,31,0,0.0
"NYSARC, INC ESSEX COUNTY CHAPTER",31,0,0.0
Nevada Gold Mines LLC,31,0,0.0
Prime Placement Inc,31,0,0.0
RACKERA INC,31,0,0.0
"Yashco Systems, Inc.",31,0,0.0
ADVANTAGE IT INC,30,0,0.0
"Ardurra Group, Inc.",30,0,0.0
Banking Soft Solutions LLC,30,0,0.0
"Bayhealth Medical Center, Inc.",30,0,0.0
"DELTA SYSTEM &SOFTWARE, INC.",30,0,0.0
Delta Dental Of California,30,0,0.0
Garmin International Inc.,30,0,0.0
MERIDIANSOFT INC,30,0,0.0
Marshfield Clinic,30,0,0.0
"Michael Baker International, Inc.",30,0,0.0
P2P SOFTTEK LLC,30,0,0.0
"PamTen, Inc.",30,0,0.0
SAINT FRANCIS HEALTH SYSTEM,30,0,0.0
Sanford School Of Medicine of the University of South Dakota Residency,30,0,0.0
"Skadden, Arps, Slate, Meagher & Flom LLP ",30,0,0.0
"SmartWorks, LLC",30,0,0.0
Stevens Institute of Technology,30,0,0.0
TanPro Technologies LLC,30,0,0.0
Tech Info Services Inc,30,0,0.0
"University of Vermont Health Network Medical Group, Inc.",30,0,0.0
YUVI SYSTEMS INC,30,0,0.0
i2 infotech LLC,30,0,0.0
"Beth Israel Deaconess Medical Center,Inc.",29,0,0.0
"COVANT SOLUTIONS, INC.",29,0,0.0
"Cannon Design, Inc.",29,0,0.0
Cyan Technologies Inc,29,0,0.0
"D2Sol, Inc.",29,0,0.0
Dataquad Inc,29,0,0.0
INTELIROUTE TECHNOLOGIES LLC,29,0,0.0
"Indiana University Health Care Associates, Inc.",29,0,0.0
"Inovalon, Inc.",29,0,0.0
Kohn Pedersen Fox Associates PC,29,0,0.0
Metaforge IT Solutions,29,0,0.0
Reading Hospital,29,0,0.0
SCIEGEN PHARMACEUTICALS INC.,29,0,0.0
Saxon Global Inc.,29,0,0.0
TechVirtue LLC,29,0,0.0
Tek Tree LLC,29,0,0.0
The Stepping Stones Group LLC,29,0,0.0
Thinking Machines Lab Inc.,29,0,0.0
"University Hospitals Medical Group, Inc.",29,0,0.0
"University at Albany, State University of New York ",29,0,0.0
VCU Health System Authority,29,0,0.0
VantageERP LLC,29,0,0.0
Visam Technologies Inc.,29,0,0.0
CODE TECH INC,28,0,0.0
"Cravath, Swaine & Moore LLP",28,0,0.0
Cryptograph Technologies USA Inc,28,0,0.0
Delta Dental Insurance Company,28,0,0.0
Eyvatek LLC,28,0,0.0
"Flexera Global, Inc.",28,0,0.0
HARVARD MEDICAL FACULTY PHYSICIANS AT BETH ISRAEL DEACONESS MEDICAL CENTER,28,0,0.0
"IT America, Inc.",28,0,0.0
LARES IT SOLUTIONS INC,28,0,0.0
NeuroNet Solutions Inc,28,0,0.0
The University of Alabama in Huntsville,28,0,0.0
University of Minnesota Physicians,28,0,0.0
"Wellstar Medical Group, LLC",28,0,0.0
ABN TECH CORPORATION,27,0,0.0
"Aurora Medical Group, Inc.",27,0,0.0
Avera McKennan,27,0,0.0
Baruch College,27,0,0.0
BrightSharks Engineering Services LLC,27,0,0.0
Centraprise Corp,27,0,0.0
Ciberlynx Inc,27,0,0.0
Duke University Health System,27,0,0.0
ENIAC SYSTEMS INC,27,0,0.0
Etekserve Inc,27,0,0.0
Hadiamondstar Software Solutions LLC,27,0,0.0
Hazelwood School District,27,0,0.0
IT KeySource Inc.,27,0,0.0
Maruthi Technologies Inc,27,0,0.0
Meghaz Inc.,27,0,0.0
"SGS Technologie, LLC",27,0,0.0
STATE UNIVERSITY OF NEW YORK AT BUFFALO,27,0,0.0
South Dakota State University,27,0,0.0
THINKLUSIVE INC.,27,0,0.0
The Research Institute at Nationwide Children's Hospital ,27,0,0.0
VENTURESOFT GLOBAL INC,27,0,0.0
"AG&E Associates, PLLC",26,0,0.0
Adaptrix LLC,26,0,0.0
"Ameristar Staffing, Inc.",26,0,0.0
"Anjus, LLC",26,0,0.0
"BOEHRINGER INGELHEIM PHARMACEUTICALS, INC.",26,0,0.0
Conflux Systems Inc.,26,0,0.0
"Dedicated Senior Medical Centers of Florida, LLC",26,0,0.0
Effulgent Inc,26,0,0.0
"Frontier Schools, Inc.",26,0,0.0
"General Dynamics Information Technology, Inc.",26,0,0.0
"Kittelson & Associates, Inc.",26,0,0.0
Mercy Clinic Springfield Communities,26,0,0.0
"NEMO IT SOLUTIONS, INC",26,0,0.0
Robert Packer Hospital,26,0,0.0
SARAS AMERICA INC.,26,0,0.0
Texas State University,26,0,0.0
The Goodyear Tire & Rubber Company,26,0,0.0
"10x Genomics, Inc.",25,0,0.0
Astute Solutions LLC,25,0,0.0
Charlotte-Mecklenburg Schools,25,0,0.0
Cognitive Minds Inc,25,0,0.0
"EAB Global, Inc.",25,0,0.0
GLOBAL IT SOLUTIONS INC,25,0,0.0
"GanaIT, Inc.",25,0,0.0
Goodwin Procter LLP,25,0,0.0
"Guthrie Medical Group, P.C.",25,0,0.0
"Hospitalist Medicine Physicians of Texas, PLLC",25,0,0.0
LUMINAVTECH LLC,25,0,0.0
"National Hospitalist Services, PC",25,0,0.0
ONLY IT CONSULTING LLC,25,0,0.0
QIMA US LLC,25,0,0.0
Raas Infotek LLC,25,0,0.0
"Rummel, Klepper & Kahl, LLP",25,0,0.0
SACROSANCTINFO LLC,25,0,0.0
SERVOTECH INC.,25,0,0.0
SWA GROUP,25,0,0.0
Sriven Systems Inc,25,0,0.0
Thomas Jefferson University Hospital,25,0,0.0
Vak IT Systems Inc,25,0,0.0
"Webilent Technology, Inc.",25,0,0.0
ABHYANTH SOLUTIONS INC ,24,0,0.0
"APPTRONIK, INC.",24,0,0.0
"BMR Health Services, Inc.",24,0,0.0
"BTI Solutions, Inc",24,0,0.0
Carle Health Medical Group,24,0,0.0
Epic IT Solutions LLC,24,0,0.0
"FLORIDA HOSPITAL HEALTHCARE PARTNERS, INC.",24,0,0.0
"Franciscan Missionaries of Our Lady Health System, Inc.",24,0,0.0
Geisinger Clinic,24,0,0.0
ICONMA LLC,24,0,0.0
IMPLIFY INC,24,0,0.0
INFOSOFT SOLUTIONS LLC,24,0,0.0
Imetris Corporation,24,0,0.0
Iowa Physicians Clinic Medical Foundation,24,0,0.0
Kian Corp,24,0,0.0
"Network of California Dental Professionals, Inc.",24,0,0.0
"Nexus AI Solutions Inc.,",24,0,0.0
Northern Illinois University,24,0,0.0
RAPS Consulting Inc,24,0,0.0
REALTECH SERVICES LLC.,24,0,0.0
SkyWest Airlines,24,0,0.0
TELUS International Digital Solutions LLC,24,0,0.0
TENSOR AUTO INC.,24,0,0.0
TT TECHNOLOGIES INC,24,0,0.0
TWG Resources LLC,24,0,0.0
TechField LLC,24,0,0.0
Technology Hub Inc,24,0,0.0
"Tekfinite, Inc.",24,0,0.0
"The Permanente Medical Group, Inc.",24,0,0.0
"University of California, Santa Cruz",24,0,0.0
University of Chicago,24,0,0.0
"West Coast Consulting, LLC",24,0,0.0
eNcloud Services LLC,24,0,0.0
ALBANY MEDICAL CENTER,23,0,0.0
"Adalitek Group, LLC",23,0,0.0
"Apogee Medical Group, Delaware, Inc.",23,0,0.0
"BHS Physicians Network, Inc.",23,0,0.0
"BI LABS, INC.",23,0,0.0
"Battelle Energy Alliance, LLC",23,0,0.0
California Air Resources Board,23,0,0.0
ClarksTech LLC,23,0,0.0
Cogent Integrated Business Solutions Inc,23,0,0.0
Cruise LLC,23,0,0.0
"Datalore Technologies, Inc.",23,0,0.0
"Devfi, Inc.",23,0,0.0
Dorchester School District Two,23,0,0.0
FIGURE AI INC. ,23,0,0.0
FIORI TECHNOLOGY SOLUTIONS INC,23,0,0.0
Franciscan Medical Group,23,0,0.0
"GLOBALPOINT, INC.",23,0,0.0
Genesis Health System,23,0,0.0
Invincible Tech Systems Inc.,23,0,0.0
MITECS INC.,23,0,0.0
"Monument Health Rapid City Hospital, Inc.",23,0,0.0
NavoInfo Inc.,23,0,0.0
New Paradigm for Education ,23,0,0.0
"RITE PROS, INC",23,0,0.0
Shoolin Inc,23,0,0.0
Staffbee Solutions Inc,23,0,0.0
Stantec Architecture Inc.,23,0,0.0
"TEK NINJAS SOLUTIONS, LLC ",23,0,0.0
TEXAS TECH UNIVERSITY HEALTH SCIENCES CENTER,23,0,0.0
"TOOGANN Technologies, LLC",23,0,0.0
The University Of Texas At Dallas,23,0,0.0
"UMass Memorial Medical Group, Inc.",23,0,0.0
"VERSA NETWORKS, INC.",23,0,0.0
Verinon Technology Solutions Ltd,23,0,0.0
WeRide CORP,23,0,0.0
A&M IT SOLUTIONS LLC,22,0,0.0
Aanvi Cloud Technologies Inc,22,0,0.0
Alegent Creighton Clinic,22,0,0.0
Atruz Solutions LLC,22,0,0.0
Beaconbold Inc,22,0,0.0
"Bentley Systems, Incorporated",22,0,0.0
"ClearView Healthcare Partners, LLC",22,0,0.0
DUBOIS REGIONAL MEDICAL CENTER,22,0,0.0
"Einstein Practice Plan, Inc.",22,0,0.0
"Endava Solutions, LLC",22,0,0.0
Executive Software Guild Inc,22,0,0.0
General Electric Company,22,0,0.0
Grand Valley State University,22,0,0.0
HTMS Inc,22,0,0.0
Halifax County Schools,22,0,0.0
Hobbs Municipal Schools,22,0,0.0
IDEAL SOURCE INC,22,0,0.0
"Leidos Biomedical Research, Inc.",22,0,0.0
LexisNexis Risk Data Management LLC,22,0,0.0
Mebhaz Inc.,22,0,0.0
Miami University,22,0,0.0
NOVOZEN HEALTHCARE LLC.,22,0,0.0
OM TEK INC,22,0,0.0
ORIGIN HUBS INC,22,0,0.0
PMG GLOBAL CORPORATION,22,0,0.0
Peer Staffing Inc,22,0,0.0
Pike Solutions Inc,22,0,0.0
"Radixlink, Inc.",22,0,0.0
TEKNATIO INC,22,0,0.0
The Lawrence Memorial Hospital,22,0,0.0
The Unity Hospital of Rochester,22,0,0.0
Trexquant Investment LP,22,0,0.0
VARIYAS GLOBAL SOLUTIONS INC,22,0,0.0
ALLEN INSTITUTE,21,0,0.0
Acxiom LLC,21,0,0.0
"Altair ProductDesign, Inc.",21,0,0.0
"Blue Cross and Blue Shield of Florida, Inc.",21,0,0.0
Brain Corporation,21,0,0.0
Broad Peak Systems Inc,21,0,0.0
CLOUDINFRAIT INC,21,0,0.0
"CONVERSANTIT, INC",21,0,0.0
CY9 INC.,21,0,0.0
Comanche County Hospital Authority,21,0,0.0
Conjecture Consulting LLC,21,0,0.0
DEVANSH LAB WERKS INC,21,0,0.0
EVEREST COMPUTERS INC,21,0,0.0
FAMILY HEALTHCARE NETWORK,21,0,0.0
Fidelis Software Solutions Inc,21,0,0.0
GSK SOLUTIONS INC,21,0,0.0
"Infosmart Technologies, Inc.",21,0,0.0
Intellect Business Solutions LLC,21,0,0.0
Kivyo Inc.,21,0,0.0
METROHEALTH MEDICAL CENTER,21,0,0.0
Mission Achievement and Success Charter School,21,0,0.0
Neuralink Corp.,21,0,0.0
Newron Tech Inc,21,0,0.0
"Northeast Medical Group, Inc.",21,0,0.0
Physicians Mutual Insurance Company,21,0,0.0
Qualified Health PBC,21,0,0.0
Ropes & Gray LLP,21,0,0.0
Roswell Park Cancer Institute,21,0,0.0
SMARC SOLUTIONS INC,21,0,0.0
"SRI Tech Solutions, Inc.",21,0,0.0
San Jose State University,21,0,0.0
"Skysoft, Inc.",21,0,0.0
"South Sound Inpatient Physicians, PLLC",21,0,0.0
TEKSKILLS INC,21,0,0.0
THE BROOKDALE HOSPITAL MEDICAL CENTER,21,0,0.0
The President & Fellows of Middlebury College,21,0,0.0
Turing IT LAB LLC,21,0,0.0
UNMC Physicians ,21,0,0.0
University of Arkansas System Division of Agriculture,21,0,0.0
University of Wisconsin-Milwaukee,21,0,0.0
"VDRIVE IT SOLUTIONS, INC.",21,0,0.0
"Wilson Sonsini Goodrich & Rosati, PC",21,0,0.0
YelseSoft Technologies Inc.,21,0,0.0
ADDEPTO IT SOLUTIONS LLC,20,0,0.0
AGILETAL TECHNOLOGIES INC.,20,0,0.0
AMEYA GLOBAL INC,20,0,0.0
ANDHUS TECHNOLOGIES INC,20,0,0.0
AbbVie Bioresearch Center Inc.,20,0,0.0
CLOUD SIGMA TECH LLC.,20,0,0.0
"California State University, Fresno",20,0,0.0
Charter Global Inc,20,0,0.0
Cleveland Independent School District,20,0,0.0
"Cynosure Technologies,  LLC",20,0,0.0
DELTA GLOBAL SERVICES LLC,20,0,0.0
EIA TECHNOLOGIES INC.,20,0,0.0
EXIMIETAS DESIGN LLC,20,0,0.0
GRP Solutions Inc,20,0,0.0
"GyanSys, Inc.",20,0,0.0
Loma Linda - Inland Empire Consortium for Healthcare Education,20,0,0.0
Los Angeles Unified School District,20,0,0.0
"Luxoft USA, Inc. ",20,0,0.0
PERFECT SOLUTIONS GROUP INC,20,0,0.0
"PREMIER IT SOLUTIONS, LLC",20,0,0.0
Quinn Emanuel Urquhart & Sullivan,20,0,0.0
RapidIT Inc,20,0,0.0
"S R International, Inc.",20,0,0.0
SLN SYSTEMS INC,20,0,0.0
SREE INFOTECH LLC,20,0,0.0
Symphony Corporation,20,0,0.0
TEK GIGZ LLC,20,0,0.0
"TEKPROS, Inc. ",20,0,0.0
Tekprism Inc,20,0,0.0
The Cooper Health System,20,0,0.0
Tower Health Medical Group,20,0,0.0
Trinity Health,20,0,0.0
"UNIGO, INC",20,0,0.0
Washington County School District,20,0,0.0
Zillion Technologies LLC.,20,0,0.0
AA EDUCATIONAL SOLUTIONS LLC,19,0,0.0
ANJS Technologies LLC,19,0,0.0
Anveta Inc,19,0,0.0
Arkansas State University,19,0,0.0
Berkshire Medical Center,19,0,0.0
"COMTEK GLOBAL, INC.",19,0,0.0
Chapman University,19,0,0.0
Cliff IT Solutions Inc,19,0,0.0
Cloudscouts Software Solutions LLC,19,0,0.0
"Computer Enterprises, Inc.",19,0,0.0
"Conflux Systems, Inc.",19,0,0.0
Darlington County School District,19,0,0.0
Davis School District,19,0,0.0
EGROVE SYSTEMS CORPORATION,19,0,0.0
"Eurofins Professional Scientific Services Midwest, LLC.",19,0,0.0
Fairfield University,19,0,0.0
Fast Switch-Great Lakes LLC,19,0,0.0
FiniteTek Inc,19,0,0.0
"FlexTrade Systems, Inc.",19,0,0.0
"Global Soft Systems, Inc.",19,0,0.0
Grants / Cibola County Schools,19,0,0.0
"Henderson Collegiate, Inc.",19,0,0.0
"Hillcrest Educational Centers, Inc.",19,0,0.0
"IT & EBusiness Consulting Services, Inc.",19,0,0.0
Infowave Systems Inc,19,0,0.0
Invences Inc,19,0,0.0
MEGA DATA ANALYTICS LLC.,19,0,0.0
Mercy Clinic East Communities,19,0,0.0
Methodist Le Bonheur Healthcare,19,0,0.0
Minnesota State Colleges and Universities,19,0,0.0
Montana State University,19,0,0.0
NOVA SOUTHEASTERN UNIVERSITY,19,0,0.0
NYC Health and Hospitals Corp.,19,0,0.0
Nectar Info Tek LLC,19,0,0.0
PROMINDS BUSINESS CONSULTING INC,19,0,0.0
Recursion Technologies INC.,19,0,0.0
"Replit, Inc.",19,0,0.0
SERVESYS CORPORATION,19,0,0.0
"SMB IT, Inc.",19,0,0.0
SV IT INC,19,0,0.0
"SV TECHNOLOGY SERVICES, LLC.",19,0,0.0
Satyam Venture Engineering Services Pvt. Ltd.,19,0,0.0
Scientific Components Corp. DBA Mini-Circuits,19,0,0.0
Sioux Falls School District 49-5,19,0,0.0
"SoftCorp International, Inc.",19,0,0.0
Softech Technology Group INC,19,0,0.0
SprintPark LLC,19,0,0.0
Tender Touch Rehab Services LLC,19,0,0.0
The University of Memphis,19,0,0.0
"TidalHealth Specialty Care, LLC",19,0,0.0
TruMinds Technologies Inc,19,0,0.0
"Upscale AI, Inc",19,0,0.0
Viant Technology LLC,19,0,0.0
"VirtuSense Technologies, Inc.",19,0,0.0
"Yash & Lujan Consulting, Inc.",19,0,0.0
eBS-Minds IT Inc,19,0,0.0
AKRIVIS SOLUTIONS INC,18,0,0.0
ALIEF INDEPENDENT SCHOOL DISTRICT,18,0,0.0
AVANSA IT SOLUTIONS LLC.,18,0,0.0
Aesthetic Record LLC,18,0,0.0
Amazech Solutions LLC,18,0,0.0
Ameristar Staffing Inc,18,0,0.0
Amiseq Inc,18,0,0.0
Arkansas Health Group,18,0,0.0
Central Consolidated School District,18,0,0.0
Cleversmiths Inc,18,0,0.0
CloudVik LLC,18,0,0.0
Colorado School of Mines,18,0,0.0
DATAQUEST CORP,18,0,0.0
DeSimone Consulting Engineering D.P.C,18,0,0.0
Digitalis Inc,18,0,0.0
Dorle Controls LLC,18,0,0.0
Drexel University,18,0,0.0
"Dulles Engineering, Inc",18,0,0.0
ELITE EMANATE LLC,18,0,0.0
Education Services of Alaska,18,0,0.0
"Elan Technologies, Inc.",18,0,0.0
"GEI Consultants, Inc.",18,0,0.0
Geisinger Medical Center,18,0,0.0
"Guardian Healthcare Providers, Inc.",18,0,0.0
"Healthy Start Education, Inc.",18,0,0.0
"ILOGIC TEK , L.L.C",18,0,0.0
"Kleinfelder, Inc.",18,0,0.0
LOUISIANA STATE UNIVERSITY HEALTH SCIENCES CENTER NEW ORLEANS,18,0,0.0
"Lifeline Nursing Solutions, LLC",18,0,0.0
LimeLightLogic Inc.,18,0,0.0
MELMARK INC,18,0,0.0
Noblesoft Solutions Inc,18,0,0.0
"Quality Consulting, Inc.",18,0,0.0
SRIVEN INFO INC,18,0,0.0
SUPERLOGIX INC,18,0,0.0
Smarteq Solutions LLC,18,0,0.0
"SpEd Therapy Services, Inc.",18,0,0.0
"Squadron Data, Inc.",18,0,0.0
Stormont-Vail HealthCare,18,0,0.0
TALENTS R US LLC.,18,0,0.0
"TRIAD NATIONAL SECURITY, LLC",18,0,0.0
Tech Talent Connect LLC,18,0,0.0
"Technogen, Inc.",18,0,0.0
The Productivity Team LLC,18,0,0.0
Tigermed-BDM Inc,18,0,0.0
Univ of WI System/La Crosse,18,0,0.0
University of Massachusetts Boston,18,0,0.0
V S TECHNOLOGIES INC,18,0,0.0
Vision Square Inc,18,0,0.0
Webject Systems Inc,18,0,0.0
i5 TECH INC,18,0,0.0
ALLENDALE COUNTY SCHOOL DISTRICT,17,0,0.0
"Amicus Global IT, Inc.",17,0,0.0
Appalachian State University ,17,0,0.0
"Arizona Kidney Disease & Hypertension Center, LLC",17,0,0.0
Axzora Resourcing LLC,17,0,0.0
BAYLOR UNIVERSITY,17,0,0.0
BD TikTok USA LLC,17,0,0.0
BOT AUTO CA INC,17,0,0.0
"Bioinfo Systems, LLC",17,0,0.0
Bridgetown Consulting Group Inc,17,0,0.0
CARNEGIE HEALTH AND LIFE SCIENCES INC.,17,0,0.0
CLARA IT SYSTEMS,17,0,0.0
Cedent Consulting Inc,17,0,0.0
"Cognitus Consulting, LLC",17,0,0.0
Connecticut Department of Transportation,17,0,0.0
Cook County Health,17,0,0.0
"Couloir Technology Group, Inc",17,0,0.0
Danbury Hospital,17,0,0.0
Dechert LLP,17,0,0.0
Dougherty County School System,17,0,0.0
Everest Clinical Research Corporation,17,0,0.0
FatPipe Technologies Inc,17,0,0.0
"Florida Hospital Medical Group, Inc. ",17,0,0.0
H-TOWN TECHNOLOGIES INC,17,0,0.0
HINDSIGHT SOFTWARE SOLUTIONS INC,17,0,0.0
Hitachi Vantara LLC,17,0,0.0
Innover Global Inc,17,0,0.0
Ivorsource LLC,17,0,0.0
Jones Day,17,0,0.0
KEANE SOFT INC.,17,0,0.0
Karsun Solutions LLC,17,0,0.0
"Kimley-Horn and Associates, Inc.",17,0,0.0
Lee County School District,17,0,0.0
"MI Softech, Inc",17,0,0.0
Marvel Technology Solutions Inc,17,0,0.0
Menzo Technologies Corp,17,0,0.0
"Millennium Info Tech, Inc.",17,0,0.0
Moffatt & Nichol,17,0,0.0
"NexSolv, Inc.",17,0,0.0
O'Grady Peyton International,17,0,0.0
P2P SoftTek LLC,17,0,0.0
"RELEVANCE LAB, INC",17,0,0.0
Rite Code Technologies Inc,17,0,0.0
SMACFORCE CONSULTING LLC,17,0,0.0
"SRIVEN TECHNOLOGIES, LLC.",17,0,0.0
STEM SOLUTIONS LLC,17,0,0.0
Sasaki Associates,17,0,0.0
Sea Mar Community Health Centers,17,0,0.0
"Sim Infotech, Inc.",17,0,0.0
Startech Networks Inc.,17,0,0.0
TEK LEADERS INC,17,0,0.0
"TechDemocracy, LLC",17,0,0.0
The Brattle Group,17,0,0.0
The Curators of the University of Missouri/Missouri University of Science and Technology,17,0,0.0
The Salk Institute for Biological Studies,17,0,0.0
The Wistar Institute of Anatomy and Biology,17,0,0.0
UCSF MEDICAL CENTER,17,0,0.0
Value Technology Inc,17,0,0.0
Virginia Electric and Power Company,17,0,0.0
Western Washington University,17,0,0.0
Yinghua Academy,17,0,0.0
Z3 TECHNOLOGIES INC,17,0,0.0
"Zirlen Technologies, Inc",17,0,0.0
" PUBLIC HEALTH TRUST OF DADE COUNTY, FLORIDA  ",16,0,0.0
"1X Technologies, Inc.",16,0,0.0
"Athena Tech, Inc.",16,0,0.0
Ayven Soft LLC,16,0,0.0
BronxCare Health System,16,0,0.0
"CLOUD IT TEC, INC.",16,0,0.0
CORE TECH INTERNATIONAL CORPORATION,16,0,0.0
"Cayuga Medical Associates, P.C.",16,0,0.0
"Charleston Area Medical Center, Inc.",16,0,0.0
"CharterCARE Physicians, LLC",16,0,0.0
"Circular Edge, LLC",16,0,0.0
CloudQuest IT LLC,16,0,0.0
Coastal Carolina University,16,0,0.0
DEVCARE SOLUTIONS LIMITED,16,0,0.0
Data S Solutions LLC,16,0,0.0
"Dove Schools, Inc. ",16,0,0.0
"Engineering Economics, Inc.",16,0,0.0
Euclid Innovations Inc,16,0,0.0
FUTURE PROMISE EDUCATIONAL SERVICES INC                                                        ,16,0,0.0
"Fermi Research Alliance, LLC",16,0,0.0
Freeport-McMoRan Morenci Inc.,16,0,0.0
Global Apps Inc.,16,0,0.0
Globus IT Incorporated,16,0,0.0
"HARVARD MEDICAL FACULTY PHYSICIANS AT BIDMC, INC.",16,0,0.0
HORIZON SOFTECH INC,16,0,0.0
Hollerith IT Solutions LLC,16,0,0.0
"Hospital Physician Services Southeast, Professional Corporation",16,0,0.0
INSPIRIX TECHNOLOGIES LLC,16,0,0.0
IT Ridge Technologies LLC,16,0,0.0
"Infojini, Inc.",16,0,0.0
Intensify Technologies Inc.,16,0,0.0
Iredell-Statesville Schools,16,0,0.0
LSU Agricultural Center,16,0,0.0
Laniakea Companies,16,0,0.0
"Logic Loops, LLC",16,0,0.0
MPOWER LOGIC INC.,16,0,0.0
Maverick Innogarage LLC,16,0,0.0
Morrison & Foerster LLP,16,0,0.0
NSM SOLUTIONS LLC,16,0,0.0
Niktor IT Inc,16,0,0.0
Northern Arizona University,16,0,0.0
"POULOMI TECHNOLOGIES, INC.",16,0,0.0
Plugins Inc,16,0,0.0
ProCare Pharmacy LLC,16,0,0.0
"REMOTE TIGER, INC.",16,0,0.0
RR Software Solutions LLC,16,0,0.0
Reaching All Minds Academy,16,0,0.0
Redsun Solutions LLC,16,0,0.0
"Rhombus Power, Inc.",16,0,0.0
SANN IT SOLUTIONS INC,16,0,0.0
SID Global Solutions,16,0,0.0
STAFFWORXS LLC,16,0,0.0
Simpson Gumpertz & Heger Inc.,16,0,0.0
Sunraise Technologies INC,16,0,0.0
Sunray Informatics Inc.,16,0,0.0
Tata Technologies Inc.,16,0,0.0
TekinvaderZ LLC,16,0,0.0
The Brookdale Hospital Medical Center ,16,0,0.0
The Nebraska Medical Center,16,0,0.0
"The TJX Companies, Inc.",16,0,0.0
The University of Vermont,16,0,0.0
Tucson Unified School District,16,0,0.0
UNIKON IT INC,16,0,0.0
UNIVERSITY OF NORTH CAROLINA AT GREENSBORO,16,0,0.0
US ARMY DEFENSE LANGUAGE INSTITUTE FOREIGN LANGUAGE CENTER,16,0,0.0
"USA HealthCare Management, LLC",16,0,0.0
"University Physicians & Surgeons, Inc.",16,0,0.0
VSTRS LLC DBA TekGlobal,16,0,0.0
"Veterinary Emergency Group, LLC",16,0,0.0
"Vitesco Technologies USA, LLC",16,0,0.0
"Vsion Technologies, Inc.",16,0,0.0
"Webber, LLC",16,0,0.0
Western Kentucky University,16,0,0.0
Whiztek Corp,16,0,0.0
AI Datasphere LLC,15,0,0.0
APTIVA CORP,15,0,0.0
AR IT Software Solutions LLC,15,0,0.0
ARGYLL INFO TECH INC,15,0,0.0
ASM Tech Solutions LLC,15,0,0.0
AUSTIN INDEPENDENT SCHOOL DISTRICT,15,0,0.0
Academie Lafayette,15,0,0.0
Adam Software Services,15,0,0.0
"Alamo NEX Construction, LLC",15,0,0.0
Apave America Inc.,15,0,0.0
Aura Global Solutions Inc,15,0,0.0
BITSolutionsus LLC,15,0,0.0
BRONXCARE HEALTH SYSTEM,15,0,0.0
Barnes-Jewish Hospital,15,0,0.0
CHRISTUS Trinity Clinic Texas,15,0,0.0
"CZ Biohub SF, LLC",15,0,0.0
"Child Mind Institute, Inc.",15,0,0.0
Dechen Consulting Group Inc,15,0,0.0
ESYSTEMS INC.,15,0,0.0
EZ4 Technologies LLC,15,0,0.0
East Carolina University ,15,0,0.0
Econic Partners US LLC,15,0,0.0
"FRIED, FRANK, HARRIS, SHRIVER & JACOBSON LLP",15,0,0.0
"Family Health Center of Marshfield, Inc.",15,0,0.0
"GATEWAY SOLUTIONS, INC.",15,0,0.0
GLOBAL SUMI TECHNOLOGIES INC,15,0,0.0
Geisinger Wyoming Valley Medical Center,15,0,0.0
"Global Soft Technologies, LLC",15,0,0.0
"IDOM, Inc.",15,0,0.0
INVICKTUS INC,15,0,0.0
ISOFTECH INC,15,0,0.0
IStream Solutions Inc,15,0,0.0
Immense Brains,15,0,0.0
Jordan School District,15,0,0.0
Kalven Technologies Inc.,15,0,0.0
Kodiak Island Borough School District,15,0,0.0
Kovan Technology Solutions LLC,15,0,0.0
Lucid Software Inc.,15,0,0.0
"M9 Consulting, Inc.",15,0,0.0
MEMRYX INC.,15,0,0.0
"MERIDIAN SOFTWARE SOLUTIONS, INC.",15,0,0.0
MOURI Tech LLC,15,0,0.0
MYAPPSHUB LLC,15,0,0.0
Marshall University ,15,0,0.0
Merkle Inc.,15,0,0.0
Minisoft Technologies LLC,15,0,0.0
"My Supply Chain Group, LLC",15,0,0.0
"NGA GROUP, INC.",15,0,0.0
NORTEK CONSULTING INC,15,0,0.0
NORTON ROSE FULBRIGHT US LLP,15,0,0.0
"NTESS, LLC",15,0,0.0
"National Economic Research Associates, Inc.",15,0,0.0
"Nextgen Consulting, Inc.,",15,0,0.0
Novamegha LLC,15,0,0.0
"One on One Physical Therapy, LLC",15,0,0.0
"PAMTEN, INC.",15,0,0.0
"Parkview Health System, Inc.",15,0,0.0
"Piedmont Athens Regional Medical Center, Inc.",15,0,0.0
ProcessQ Inc,15,0,0.0
"QPS, LLC",15,0,0.0
RAVIN IT SOLUTIONS INC,15,0,0.0
Redfin Corporation,15,0,0.0
SIRI SOFTWARE SOLUTIONS LLC,15,0,0.0
"SLRI SOLUTIONS, LLC",15,0,0.0
"SPRUCE INFOTECH, INC.",15,0,0.0
STATE UNIVERISTY OF NEW YORK AT BINGHAMTON,15,0,0.0
Sanford Health,15,0,0.0
Shakti Group Inc.,15,0,0.0
"Siri Consultancy Services, Inc.",15,0,0.0
SoftQuip Technologies INC,15,0,0.0
"Softech International Resources, Inc",15,0,0.0
South Dakota School of Mines and Technology,15,0,0.0
Spirit Airlines LLC,15,0,0.0
"Squad Software Inc.,",15,0,0.0
StaidLogic LLC,15,0,0.0
State of Delaware,15,0,0.0
"Technosoft Services, Inc.",15,0,0.0
Techvy Corp,15,0,0.0
"Temporal Technologies, Inc.",15,0,0.0
The Curators of the University of Missouri/University of Missouri-Columbia,15,0,0.0
Trovetechs Inc,15,0,0.0
Ucovy Connects Inc,15,0,0.0
University of Alaska ,15,0,0.0
University of San Diego,15,0,0.0
VBJ TECH LLC,15,0,0.0
Vejars Technologies Inc,15,0,0.0
WELKIN TECHNOLOGIES LLC,15,0,0.0
Western Michigan University,15,0,0.0
ZODHA SOLUTIONS LLC,15,0,0.0
Zimmer Gunsul Frasca Architects LLP,15,0,0.0
Zuni Public School District,15,0,0.0
4Sphere Software Solutions LLC,14,0,0.0
AAA Virginia Consulting Inc,14,0,0.0
AI Pioneer LLC,14,0,0.0
"Adventist Health System/Sunbelt, Inc.",14,0,0.0
Akin Gump Strauss Hauer & Feld LLP,14,0,0.0
Altos Labs Inc.,14,0,0.0
"AmeriCloud Solutions, Inc.",14,0,0.0
Anne Arundel County Public Schools,14,0,0.0
Apex Technology Group Inc.,14,0,0.0
AppWorks Inc,14,0,0.0
"Armada Systems, Inc.",14,0,0.0
Aroha Technologies Inc,14,0,0.0
BILLINGS CLINIC,14,0,0.0
Biztegy Analytics Inc.,14,0,0.0
"Boston Higashi School, Inc.",14,0,0.0
Brightsharks Engineering Services LLC,14,0,0.0
"CWC Travel, Inc.",14,0,0.0
Calico Life Sciences LLC,14,0,0.0
"CarePoint, P.C.",14,0,0.0
"Chen Neighborhood Medical Centers of South Florida, LLC",14,0,0.0
Clearlite Inc,14,0,0.0
"Covenant Medical Center, Inc.",14,0,0.0
DEBEVOISE & PLIMPTON LLP,14,0,0.0
Data Solutions Inc,14,0,0.0
Douglas Unified School District No. 27,14,0,0.0
Elite Exceed LLC,14,0,0.0
EliteBridge Technologies Inc,14,0,0.0
Estuate Inc,14,0,0.0
Faculty Physicians & Surgeons of LLUSM,14,0,0.0
"Fayette Physician Network, Inc.",14,0,0.0
"Florida Hospital Ocala, Inc.",14,0,0.0
"GLOBEX IT SOLUTIONS, INC.",14,0,0.0
"Gemological Institute of America, Inc.",14,0,0.0
"Generate Biomedicines, Inc.",14,0,0.0
"Greenberg Traurig, LLP",14,0,0.0
"Gulfview Vision Associates, P.A.",14,0,0.0
HGS CX Technologies Inc.,14,0,0.0
HealthTech Solutions LLC,14,0,0.0
HexaCorp LLC,14,0,0.0
I GIANTS INC.,14,0,0.0
ILLINOIS STATE UNIVERSITY,14,0,0.0
"INEIGHT, INC.",14,0,0.0
IT ADAVANZ LLC,14,0,0.0
IT WORKFORCE INC,14,0,0.0
"Intellisoft Technologies, Inc.",14,0,0.0
Invision Global Tech. Inc,14,0,0.0
Iresh Technologies LLC,14,0,0.0
King & Spalding LLP,14,0,0.0
LANCONIC INC.,14,0,0.0
Linkwell Solutions Inc.,14,0,0.0
Louisiana State University in Shreveport,14,0,0.0
MAQ L.L.C.,14,0,0.0
MCPHS University ,14,0,0.0
MINDSYS INC.,14,0,0.0
Merit American Technologies Inc,14,0,0.0
"Meritious Services, Inc.",14,0,0.0
Mindspace Networks Inc,14,0,0.0
Mount Holyoke College,14,0,0.0
"Novalink Solutions, LLC",14,0,0.0
PARASMAI SOFTWARE SOLUTIONS LLC,14,0,0.0
POSITIVE GROUP LLC,14,0,0.0
Polar Operations LLC,14,0,0.0
Prolifics Inc.,14,0,0.0
Providence Health & Services - Oregon,14,0,0.0
R3 Uniq Inc.,14,0,0.0
"River City Education Services, Inc.",14,0,0.0
"Rockwell Architecture, Planning and Design, P.C.",14,0,0.0
S3STAFFINGUSA INC,14,0,0.0
SAIKA TECHNOLOGIES INC,14,0,0.0
SLN SOLUTIONS LLC.,14,0,0.0
"STAXA TECHNOLOGIES, LLC",14,0,0.0
SYDATA INC,14,0,0.0
Saturn Tech LLC ,14,0,0.0
Server Management Services LLC,14,0,0.0
"Shands Jacksonville Medical Center, Inc.",14,0,0.0
Smartsoft International Inc.,14,0,0.0
SoftPath Technologies LLC,14,0,0.0
Stier Solutions Inc.,14,0,0.0
Suniksha Technologies LLC,14,0,0.0
Systems Technology Group Inc.,14,0,0.0
TECHWAVE CONSULTING INC,14,0,0.0
"TNP SYSTEMS, LLC",14,0,0.0
"Taproot Solutions, Inc.",14,0,0.0
Teamitserve Inc,14,0,0.0
"Techie Associates, LLC",14,0,0.0
Texas A&M Transportation Institute,14,0,0.0
The Henry M. Jackson Foundation,14,0,0.0
"The Lamar Johnson Collaborative, Inc.",14,0,0.0
The Research Foundation for SUNY Albany,14,0,0.0
Thoughtwave Software and Solutions Inc,14,0,0.0
Towson University,14,0,0.0
Troy University,14,0,0.0
UOP LLC,14,0,0.0
UPSILONSOFT LLC,14,0,0.0
"United IT Solutions, Inc",14,0,0.0
"University Medical Center, Inc. ",14,0,0.0
VALZO SOFT SOLUTIONS LLC.,14,0,0.0
VISYS CLOUD SOLUTIONS LLC,14,0,0.0
Vasta Infotech LLC,14,0,0.0
"Veoneer US Safety Systems, LLC",14,0,0.0
Vinson & Elkins L.L.P.,14,0,0.0
Visual Concepts Entertainment,14,0,0.0
Walbrydge Technologies Inc,14,0,0.0
Yuma Regional Medical Center dba Onvida Health Medical Group,14,0,0.0
"Zef Scientific, Inc.",14,0,0.0
Zenith Services Inc,14,0,0.0
"42 North Dental Care, LLC",13,0,0.0
A. T. Still University of Health Sciences,13,0,0.0
AOG Resources LLC,13,0,0.0
ARKHATECH INC,13,0,0.0
ARTIMINDS LLC.,13,0,0.0
Abington Memorial Hospital,13,0,0.0
"Apogee Medical Group, Georgia, Inc.",13,0,0.0
"Apogee Medical Group, New York, PC",13,0,0.0
Arcadis Inc.,13,0,0.0
Atlas United Corp,13,0,0.0
Beaconbold Inc.,13,0,0.0
"Bits And Binaries, Inc.",13,0,0.0
CGI Federal Inc.,13,0,0.0
"CODE ACE SOLUTIONS, INC.",13,0,0.0
CODE CONNECT INC,13,0,0.0
"Chan Zuckerberg Biohub, Inc.",13,0,0.0
Cloud Source Inc,13,0,0.0
DENTAL DREAMS LLC,13,0,0.0
"Detroit Engineered Products, Inc.",13,0,0.0
Digital Manufacturing Systems Inc.,13,0,0.0
"District Medical Group, Inc",13,0,0.0
"ECS Southwest, LLP",13,0,0.0
ELXR Technologies LLC,13,0,0.0
Evolutyz Corp,13,0,0.0
"FRANKLIN INFOTECH, INC.",13,0,0.0
Freshfields US LLP,13,0,0.0
GREENBYTE TECHNOLOGIES LLC,13,0,0.0
HARK LABS INC.,13,0,0.0
Hunter College of the City University of New York,13,0,0.0
"INFOTRAN ENGINEERS & ARCHITECTS, P.C.",13,0,0.0
INNOVATIVE IT SOLUTIONS INC.,13,0,0.0
INTELENT INC (f.k.a SILICON STAFF IT SERVICES INC),13,0,0.0
ITSyntax Inc,13,0,0.0
Iflex Inc,13,0,0.0
Independent School District 1 of Tulsa,13,0,0.0
K Anand Corporation,13,0,0.0
"L BRANDS SERVICE COMPANY, LLC",13,0,0.0
"LABMINDS STAFFING AND RECRUITING, LLC",13,0,0.0
LTM Limited LTD,13,0,0.0
Launch Technical Workforce Solutions LLC,13,0,0.0
"Leidos Engineering, LLC",13,0,0.0
Little Scholars of Arkansas,13,0,0.0
Lorvenk Technologies LLC,13,0,0.0
Loyola University Chicago,13,0,0.0
Lumel Technologies Inc.,13,0,0.0
"MASTEC  SERVICES COMPANY, INC ",13,0,0.0
META IT SYSTEMS LLC,13,0,0.0
MULTIVISION LLC,13,0,0.0
Memphis-Shelby County Schools,13,0,0.0
"N2 Services, Inc.",13,0,0.0
NEOSIS IT SOLUTIONS LLC,13,0,0.0
NITYA SOFTWARE SOLUTIONS INC,13,0,0.0
NTESS LLC,13,0,0.0
"Ness USA, Inc.",13,0,0.0
Noblesoft Technologies Inc,13,0,0.0
North Carolina Agricultural & Technical State University,13,0,0.0
Northern Kentucky University,13,0,0.0
Nube9 LLC,13,0,0.0
PATH ROBOTICS INC.,13,0,0.0
"PRIMUS Global Services, Inc.",13,0,0.0
Phoenix Union High School District 210,13,0,0.0
QUARTET LLC,13,0,0.0
S4 Analytics LLC,13,0,0.0
"SPL Consulting, Inc.",13,0,0.0
SQA Concepts Inc. ,13,0,0.0
STACKLOGY INC,13,0,0.0
STARTEKK LLC,13,0,0.0
Shoubii Consulting Inc,13,0,0.0
Signin Soft Inc,13,0,0.0
"Skygys, Inc.",13,0,0.0
"Solvency, Inc.",13,0,0.0
"St. Luke's Physician Group, Inc.",13,0,0.0
Synaptics Incorporated,13,0,0.0
"THOUGHT BYTE, INC.",13,0,0.0
TP IT GROUP LLC,13,0,0.0
TRINGAPPS INC,13,0,0.0
The George Washington University,13,0,0.0
The Johns Hopkins Hospital ,13,0,0.0
The University of Texas at El Paso,13,0,0.0
Trebecon LLC,13,0,0.0
University of North Carolina Wilmington,13,0,0.0
V-Work Infotech Solutions Inc.,13,0,0.0
VARTECH SYSTEMS INC.,13,0,0.0
VIATechnik LLC,13,0,0.0
"Virtualan Software, LLC",13,0,0.0
Vypra Inc,13,0,0.0
WIZCOM CORPORATION,13,0,0.0
Washington University in St. Louis,13,0,0.0
Wayne County Public Schools,13,0,0.0
Whitehead Institute for Biomedical Research,13,0,0.0
Yochana IT Solutions Inc,13,0,0.0
Zane Solutions LLC,13,0,0.0
Zentech Consulting Inc,13,0,0.0
"AOL Media, LLC",12,0,0.0
APPSTREAM TECHNOLOGIES LLC,12,0,0.0
AVCO Consulting Inc.,12,0,0.0
Adams County School District 14,12,0,0.0
Alpha Academy,12,0,0.0
Altamed Health Services Corporation,12,0,0.0
Altru Health System,12,0,0.0
"Appalachian Regional Healthcare, Inc. ",12,0,0.0
Apptium Technologies LLC,12,0,0.0
Arc Research Institute,12,0,0.0
Ark Infotech LLC,12,0,0.0
Artek Solutions Inc,12,0,0.0
Aspire Systems Digital Transformation Inc,12,0,0.0
"Assured Robot Intelligence, Inc.",12,0,0.0
"Astra Consulting Corp,",12,0,0.0
Atek IT Inc,12,0,0.0
"Avant Systems, Inc.",12,0,0.0
BRANTA GROUP INC,12,0,0.0
BYTEMINDS IT INC,12,0,0.0
Bard College,12,0,0.0
Bertie County Board of Education,12,0,0.0
Blue Cross and Blue Shield of Alabama ,12,0,0.0
CBTS Technology Solutions LLC d/b/a CBTS,12,0,0.0
CITIZENS PROPERTY INSURANCE CORPORATION,12,0,0.0
Cambridge Public Health Commission,12,0,0.0
Cibecue Community Education Board Inc.,12,0,0.0
Community Care Health Network LLC,12,0,0.0
Competent Systems Inc,12,0,0.0
Compleat Technical Solutions Inc,12,0,0.0
"Computacenter United States, Inc. ",12,0,0.0
Conjecture Consulting INC,12,0,0.0
DATICS INC,12,0,0.0
"DNV Energy USA, Inc.",12,0,0.0
DRACS CONSULTING GROUP INC,12,0,0.0
DUCK CREEK TECHNOLOGIES LLC,12,0,0.0
Datics Inc,12,0,0.0
"Delasoft, Inc.",12,0,0.0
Delphic Software Solutions Inc,12,0,0.0
Digital First Holdings LLC (D/B/A Candescent),12,0,0.0
ELEMENT TECHNOLOGIES INC,12,0,0.0
EMMAR CORP,12,0,0.0
Eastern New Mexico University,12,0,0.0
Education for Change,12,0,0.0
Edward W. Sparrow Hospital Association,12,0,0.0
"Electric Reliability Council of Texas, Inc.",12,0,0.0
Eminence Technology Solutions Inc,12,0,0.0
Fehr & Peers,12,0,0.0
"Fivetran, Inc.",12,0,0.0
Fusion Global Solutions LLC,12,0,0.0
GOKATECH INC,12,0,0.0
"Gendelberg Law, PLLC",12,0,0.0
Global Digital Resources LLC,12,0,0.0
Govin Technologies LLC,12,0,0.0
Gresham Smith,12,0,0.0
"HPS SOFTWARE SOLUTIONS, INC.",12,0,0.0
HUDSON DATA LLC,12,0,0.0
"Hazen and Sawyer, D.P.C.",12,0,0.0
Health Research Inc. - Roswell Park Division,12,0,0.0
Hinduja Tech Inc.,12,0,0.0
I2U Systems Inc,12,0,0.0
ICLOUDTEQ LLC.,12,0,0.0
INTELLATIV INC,12,0,0.0
IQUBETECHNOLOGIES INC,12,0,0.0
"ITVision360, Inc.",12,0,0.0
Inteplast Group Corporation,12,0,0.0
"Interpro, Inc.",12,0,0.0
Jefferson Parish Schools,12,0,0.0
KPK Technologies Inc.,12,0,0.0
Lakes International Language Academy,12,0,0.0
"LexisNexis VitalChek Network, Inc.",12,0,0.0
"Lifetime Workforce Solutions, LLC",12,0,0.0
LynxTech Group LLC,12,0,0.0
MEGHA INFO LLC.,12,0,0.0
MY3TECH INC,12,0,0.0
"Maantic, Inc.",12,0,0.0
"Mark David Levine, M.D., Professional Corporation",12,0,0.0
"McFarland Building Group, LLC",12,0,0.0
Meritore Technologies LLC,12,0,0.0
"Meritus Medical Center, Inc.",12,0,0.0
"Modjeski and Masters, Inc.",12,0,0.0
NAVI TECHNOLOGIES INC,12,0,0.0
"NEUTRONIT, INC",12,0,0.0
NEW ERA CONSULTING SERVICES INC,12,0,0.0
"NS IT  Solutions, LLC",12,0,0.0
"NUFORCE, LLC",12,0,0.0
NYSARC INC MONTGOMERY COUNTY CHAPTER,12,0,0.0
"NetScout Systems, Inc.",12,0,0.0
New Mexico Institute of Mining and Technology,12,0,0.0
New Town Public School District 1,12,0,0.0
Next Gen Software Solutions LLC,12,0,0.0
"NextGen Global Resources, LLC",12,0,0.0
NovintiX Inc.,12,0,0.0
"OASIS PROFESSIONAL MANAGEMENT GROUP, LTD.",12,0,0.0
"Ocean Blue Solutions, Inc.",12,0,0.0
Oklahoma Medical Research Foundation,12,0,0.0
Optimal Technologies INC,12,0,0.0
"Optimal Technologies, Inc.",12,0,0.0
PINACLE IT CORP LLC,12,0,0.0
PSQUARE TECHNOLOGIES LLC,12,0,0.0
PVK Corporation,12,0,0.0
"Pioneer Medical Group, LLC",12,0,0.0
Pollux Consultancy Services LLC,12,0,0.0
"Pony.AI, Inc.",12,0,0.0
Pristine Resource LLC,12,0,0.0
ProBPM Inc,12,0,0.0
"Pure Storage, Inc.",12,0,0.0
Purple Web Inc,12,0,0.0
Quantam Solutions LLC,12,0,0.0
RAYVEN IT SOLUTIONS LLC.,12,0,0.0
"RESPONSE INFORMATICS, INC.",12,0,0.0
"REVIVE SOFTWARE SYSTEMS, INC.",12,0,0.0
Raysoft Global INC,12,0,0.0
Reddington Consulting Inc,12,0,0.0
"Retail Store Operations, Inc.",12,0,0.0
Rowan University,12,0,0.0
SAHASRA TECHNOLOGIES LLC,12,0,0.0
"SALIGRAM SYSTEMS, INC.",12,0,0.0
SBP Consulting Inc,12,0,0.0
"SISMOS SOLUTIONS, INC.",12,0,0.0
"SJH Engineering, PC",12,0,0.0
SLOKA TECHNOLOGIES INC,12,0,0.0
SOLOMON CORDWELL BUENZ,12,0,0.0
STAIDLOGIC LLC,12,0,0.0
STIAOS TECHNOLOGIES INC,12,0,0.0
STUDIOS Architecture ,12,0,0.0
San Diego State University,12,0,0.0
"Sanra Solutions, Inc.",12,0,0.0
"Sapphire Software Services, Inc.",12,0,0.0
Schuyler Community Schools,12,0,0.0
Simarn LLC,12,0,0.0
Skill Voice Inc.,12,0,0.0
Slesha IT Solutions Inc,12,0,0.0
Softwaytek LLC,12,0,0.0
Somireddy Law Group PLLC,12,0,0.0
Southern Illinois Medical Services,12,0,0.0
Southern Illinois University Carbondale,12,0,0.0
Stack AV Co,12,0,0.0
"Starkey Laboratories, Inc. ",12,0,0.0
Stellar IT Solutions LLC,12,0,0.0
Stephen F. Austin State University,12,0,0.0
Strides Psychotherapy LCSW PLLC,12,0,0.0
"TEXPERTS, INC. ",12,0,0.0
THE RESEARCH FOUNDATION FOR THE STATE UNIVERSITY OF NEW YORK,12,0,0.0
TechCognize Inc.,12,0,0.0
"Technodrive Business Solutions, Inc.",12,0,0.0
Techvision Co,12,0,0.0
Tek Excel Inc.,12,0,0.0
"Temple University Hospital, Inc",12,0,0.0
Tennessee Technological University,12,0,0.0
"The Medical Center, Inc.",12,0,0.0
"Tokyo Electron America, Inc.",12,0,0.0
Toyota Tsusho Systems Us Inc,12,0,0.0
UChicago Argonne LLC,12,0,0.0
UNIFY SOLUTIONS INC,12,0,0.0
"USG, Inc.",12,0,0.0
"UT Le Bonheur Pediatric Specialists, Inc",12,0,0.0
Univ of WI System/River Falls,12,0,0.0
University Hospitals Cleveland Medical Center,12,0,0.0
"University of California, Agriculture and Natural Resources",12,0,0.0
University of Central Missouri,12,0,0.0
University of Detroit Mercy,12,0,0.0
University of St. Thomas,12,0,0.0
University of Wisconsin-Whitewater,12,0,0.0
"Upper Peninsula Managed Care, LLC",12,0,0.0
"VED Software Services, Inc.",12,0,0.0
Virtual Networx Inc.,12,0,0.0
"W/H/I/P SYSTEMS, LLC",12,0,0.0
WSB LLC,12,0,0.0
"Walker Consultants, Inc.",12,0,0.0
"Wave Life Sciences USA, Inc.",12,0,0.0
Willsfly Technologies Inc,12,0,0.0
Woolpert Inc,12,0,0.0
X42 Global Staffing Corp,12,0,0.0
XGARE TECHNOLOGIES LLC,12,0,0.0
"XPO Enterprise Services, LLC ",12,0,0.0
"Zale Delaware, Inc.",12,0,0.0
Zenthor IT LLC,12,0,0.0
21 Staff LLC,11,0,0.0
AHS Hospital Corp.,11,0,0.0
AJACE INC,11,0,0.0
ALSAC/St. Jude Children's Research Hospital,11,0,0.0
"ALTEN TECHNOLOGY USA, INC.",11,0,0.0
AVALANCHE TECHNOLOGIES LLC,11,0,0.0
"Alliance for Sustainable Energy, LLC",11,0,0.0
Allina Health System,11,0,0.0
Alpha 20 Group LLC,11,0,0.0
Aperia Solutions Inc.,11,0,0.0
"Apogee Medical Group, North Carolina, PC",11,0,0.0
"Apogee Medical Group, Pennsylvania, PC",11,0,0.0
Appalachian State University,11,0,0.0
Appoquinimink School District,11,0,0.0
Araxis Systems Inc,11,0,0.0
"Aruna Info, Inc.",11,0,0.0
Asante Physician Partners,11,0,0.0
Axiado Corporation,11,0,0.0
"BAYCARE HEALTH SYSTEM, INC.",11,0,0.0
BOT AUTO TX INC,11,0,0.0
"Board of Education, City of Atlanta",11,0,0.0
"Boston Children's Network Specialty Physicians, Inc",11,0,0.0
Brillius Technologies Inc,11,0,0.0
CAREER QUENCH TECHNOLOGIES LLC,11,0,0.0
"CATHOLIC HEALTH SYSTEM, INC.",11,0,0.0
CLEVELAND CLINIC FOUNDATION,11,0,0.0
CYBER 1 ARMOR INC.,11,0,0.0
Calcasieu Parish School Board,11,0,0.0
California Independent System Operator Corporation,11,0,0.0
California State University San Marcos,11,0,0.0
"California State University, San Bernardino",11,0,0.0
Capital Rx,11,0,0.0
"Centra Medical Group, LLC",11,0,0.0
Central Michigan University,11,0,0.0
Colgate University,11,0,0.0
"Cyberbridge International, Inc. d/b/a Creospan, Inc.",11,0,0.0
"DATA WAREHOUSE LABS,INC",11,0,0.0
"DATAFORMIX TECHNOLOGIES,INC",11,0,0.0
DEKA Research & Development Corp.,11,0,0.0
"Dexterity, Inc.",11,0,0.0
Digital Masters Inc,11,0,0.0
"EKIN Solutions, Inc.",11,0,0.0
EXPEDENT CORP,11,0,0.0
"ElevateBio Technologies, Inc.",11,0,0.0
"Eliot Community Human Services, Inc.",11,0,0.0
"Eurofins Professional Scientific Services New England, LLC.",11,0,0.0
"Everlaw, Inc.",11,0,0.0
Expandtree Inc,11,0,0.0
Flex Consulting Group Inc,11,0,0.0
"GEOENGINEERS, INC.",11,0,0.0
GLOBAL DATA TEK INC,11,0,0.0
GLOBAL INFORMATION TECHNOLOGY INC.,11,0,0.0
GLOBAL TEK VISION INC,11,0,0.0
Garver LLC,11,0,0.0
"Genies, Inc. ",11,0,0.0
GigaCloud Services Inc,11,0,0.0
Global Connect Technologies Inc.,11,0,0.0
Glosoft Technologies LLC,11,0,0.0
"HERMITAGE INFO TECH, LLC.",11,0,0.0
Handel Architects LLP,11,0,0.0
Harrisonburg City Public Schools,11,0,0.0
"Headlands Tech Organization, LLC",11,0,0.0
Herbert Smith Freehills Kramer (US) LLP,11,0,0.0
Hillcrest Educational Centers Inc.,11,0,0.0
IFLOWSOFT SOLUTIONS INC,11,0,0.0
"INTERNATIONAL TECHNOLOGY SOLUTIONS, INC.",11,0,0.0
INVICTUS INFOTECH LLC,11,0,0.0
"IPS-Integrated Project Services, LLC",11,0,0.0
"IT Soft USA, Inc.",11,0,0.0
IbexLabs LLC,11,0,0.0
InMarket Media LLC,11,0,0.0
Indus River Technologies Inc,11,0,0.0
Intelligenie LLC,11,0,0.0
JADE BUSINESS SERVICES LLC,11,0,0.0
"JAVEN TECHNOLOGIES INC.,",11,0,0.0
Jasper County School District,11,0,0.0
KBR Wyle Services LLC,11,0,0.0
KUBE IT INC  ,11,0,0.0
"LLX Solutions, LLC",11,0,0.0
Laboratory Corporation of America,11,0,0.0
"Lafayette Health Ventures, Inc.",11,0,0.0
"LandDesign, Inc.",11,0,0.0
MARS TECHNOMINDS INC,11,0,0.0
MASE Insights LLC,11,0,0.0
MCLARYN SYSTEMS LLC,11,0,0.0
"Mach 2000 Technologies, Inc.",11,0,0.0
Mebhaz Inc,11,0,0.0
"Medical College of Wisconsin Affiliated Hospitals, Inc.",11,0,0.0
Michigan State University,11,0,0.0
Mirra Health Care LLC,11,0,0.0
Mosaic Health System,11,0,0.0
"NCS Engineers, LLC",11,0,0.0
NOVO PROSO INC,11,0,0.0
"New Balance Athletics, Inc.",11,0,0.0
Norton Healthcare Inc.,11,0,0.0
O2 TECHNOLOGIES INC,11,0,0.0
"Open Systems, Inc.",11,0,0.0
PARAM TECHNOLOGIES INC,11,0,0.0
PRIMORIS SYSTEMS LLC,11,0,0.0
PROVIDENZ LLC,11,0,0.0
"PT Solutions Holdings, LLC",11,0,0.0
Pathway Vet Alliance LLC dba Thrive Pet Healthcare,11,0,0.0
Phronetic Psychotherapy LCSW PC,11,0,0.0
"Piping Technology & Products, Inc¿.",11,0,0.0
President and Board of Trustees of Santa Clara College,11,0,0.0
"Prevea Clinic, Inc.",11,0,0.0
Pridesoft LLC,11,0,0.0
R TECHNOLOGIES LLC,11,0,0.0
RACEDOG LIMITED,11,0,0.0
RELYCOM INC,11,0,0.0
RPA TECHNOLOGY INC,11,0,0.0
RWaltz Software Services Group Inc.,11,0,0.0
Replimune Inc.,11,0,0.0
Rios Inc. ,11,0,0.0
"Robert Bosch, LLC",11,0,0.0
"Rockstar San Diego, Inc.",11,0,0.0
RouteOne LLC,11,0,0.0
"SAHI SOFTTECH, INC.",11,0,0.0
SAYEON LLC,11,0,0.0
"SCALEFLUX, INC.",11,0,0.0
SKY TECHNOLOGIES LLC,11,0,0.0
SOPHLOGIC GLOBAL LLC,11,0,0.0
SPECTRA TEKSHAPERS LLC,11,0,0.0
STATE UNIVERSITY OF NEW YORK AT BINGHAMTON,11,0,0.0
"SURE TECH SERVICES, INC.",11,0,0.0
"SVK TECHNOLOGY SOLUTIONS, INC.",11,0,0.0
Saniglobal Sanitation LLC,11,0,0.0
Sanofi Pasteur Inc.,11,0,0.0
"Sansutek, Inc",11,0,0.0
Saturn Tech LLC,11,0,0.0
"Schaeffler Motion Technologies USA, LLC",11,0,0.0
"SiMa Technologies, Inc.",11,0,0.0
Signify Health LLC,11,0,0.0
Softcom Systems Inc,11,0,0.0
Spectrum Healthcare Partners,11,0,0.0
"Spirit Airlines, Inc.",11,0,0.0
St. Louis Children's Hopsital,11,0,0.0
"St. Louis Language Immersion Schools, Inc.",11,0,0.0
Star Software Solutions LLC,11,0,0.0
Stetson University,11,0,0.0
TECHMATRIX INC,11,0,0.0
TEKNOWLEAP INC,11,0,0.0
TechServ Consulting and Training Ltd.,11,0,0.0
Techtronic Cordless GP,11,0,0.0
TekLane Solutions Inc,11,0,0.0
Tekgroup LLC,11,0,0.0
Terbium Technologies INC,11,0,0.0
Texas A&M International University,11,0,0.0
The Charlotte Mecklenburg Hospital Authority d/b/a Atrium Health,11,0,0.0
The Raymond Corporation ,11,0,0.0
"Think IT Technologies, Inc.",11,0,0.0
"ThirthaSoft, LLC",11,0,0.0
Triumph IT Inc,11,0,0.0
ULTIMUS SOLUTIONS INC,11,0,0.0
US Virgin Islands Department o Education,11,0,0.0
"UT Southwestern Medical Center, Office of International Affairs",11,0,0.0
Unified School District 457,11,0,0.0
"Uniplus Consultants, Inc.",11,0,0.0
United Pharma LLC,11,0,0.0
"Universal System Technologies, Inc.",11,0,0.0
University of Central Arkansas,11,0,0.0
University of Northern Iowa,11,0,0.0
University of South Alabama,11,0,0.0
University of Virginia Physicians Group,11,0,0.0
VAAKRUTHI SOLUTIONS INC,11,0,0.0
VALIANT TEK GROUP INC,11,0,0.0
VASTA INFOTECH LLC,11,0,0.0
VENNISON TECHNOLOGIES INC,11,0,0.0
"VENSOFT, INC.",11,0,0.0
VISUAL TECHNOLOGIES LLC,11,0,0.0
"Vertex Analytics, Inc",11,0,0.0
Wellspan Medical Group,11,0,0.0
West Texas A&M University,11,0,0.0
"Westernacher & Partner Consulting, Inc.",11,0,0.0
"Williams International Co, LLC",11,0,0.0
XPAND IT SOLUTIONS INC,11,0,0.0
"Youth Enrichment Program of Wilson, Inc",11,0,0.0
ABBVIE BIORESEARCH CENTER INC.,10,0,0.0
AHRC NYC,10,0,0.0
"ALPHOSOFT, INC.",10,0,0.0
AMERITEK GLOBAL INC,10,0,0.0
"AMMADAR, LLC",10,0,0.0
"Acclaim Systems, Inc.",10,0,0.0
"Advent Global Solutions Inc.,",10,0,0.0
"AgileTrailblazers, LLC",10,0,0.0
"Air Products and Chemicals, Inc.",10,0,0.0
Alegent Health-Bergan Mercy Health,10,0,0.0
Alltech Consulting Services Inc.,10,0,0.0
"American Consulting Solutions, Inc.",10,0,0.0
"Amphenol TCS, a division of Amphenol Corporation",10,0,0.0
Analytics9 Solutions Inc ,10,0,0.0
Angelo State University,10,0,0.0
AriakITSol LLC,10,0,0.0
Aspire Tech LLC,10,0,0.0
Axle Informatics LLC,10,0,0.0
B.I.G. Architecture D.P.C.,10,0,0.0
BCT CONSULTING INC.,10,0,0.0
BROADAXIS INC,10,0,0.0
"Baptist Health Medical Group, Inc.",10,0,0.0
"BeOne Medicines US Manufacturing Co., Inc.",10,0,0.0
Beacon Medical Group,10,0,0.0
Bectran Inc,10,0,0.0
Benson Regional Air Group,10,0,0.0
Bentley University ,10,0,0.0
Bernalillo Public Schools,10,0,0.0
"BillionToOne, Inc.",10,0,0.0
Black Construction Corporation,10,0,0.0
BlueCross BlueShield Association,10,0,0.0
Boto3 Inc.,10,0,0.0
Bowling Green State University,10,0,0.0
Buckeye Elementary School District No. 33,10,0,0.0
C-Vision Inc,10,0,0.0
"CDI SOLUTIONS, INC.",10,0,0.0
"COMPEST SOLUTIONS, INC.",10,0,0.0
"COMPUSOFT INTEGRATED SOLUTIONS, INC",10,0,0.0
CONRELV SOLUTIONS INC,10,0,0.0
CORPORATE COMPUTER SERVICES,10,0,0.0
"California State University, Fullerton",10,0,0.0
"CarMax Enterprise Services, LLC",10,0,0.0
"Carl Zeiss Meditec, Inc.",10,0,0.0
CaseGuard Inc.,10,0,0.0
Cerebral Technologies Inc.,10,0,0.0
Cleveland State University,10,0,0.0
Colorado Seminary,10,0,0.0
"Columbus Ambulatory Healthcare Services, Inc.",10,0,0.0
"Constellation Energy Generation, LLC",10,0,0.0
Creighton University,10,0,0.0
Cubefore LLC,10,0,0.0
"Cumberland County Hospital System, Inc",10,0,0.0
DATANORMUS LLC.,10,0,0.0
"DIVERSIFIED AUTOMATION, INC.",10,0,0.0
DLA Piper LLP (US),10,0,0.0
DPR SOLUTIONS INC.,10,0,0.0
DPR Solutions Inc,10,0,0.0
"Data Concepts, LLC",10,0,0.0
Datavail Corporation,10,0,0.0
"David Oppenheimer & Company I, LLC",10,0,0.0
DeeBeCon Inc,10,0,0.0
"Dept of Medicine Medical Service Group at SUNY-HSC at Syracuse, Inc.",10,0,0.0
"DiDi Research America, LLC ",10,0,0.0
Diligent Group LLC,10,0,0.0
Direct Professionals Network Inc,10,0,0.0
Divis Solutions Inc.,10,0,0.0
ENSISINFO INC,10,0,0.0
EUNIVERSE TECHNOLOGIES LLC,10,0,0.0
Elixir Lab USA Inc DBA Cardinality.ai,10,0,0.0
"Engineering Square, LLC",10,0,0.0
Eurofins Lancaster Laboratories LLC,10,0,0.0
"Everest Global Solutions, Inc.",10,0,0.0
Experis US LLC,10,0,0.0
FRANKLAR TECHNOLOGIES LLC,10,0,0.0
Florida A&M University,10,0,0.0
Foley Hoag LLP,10,0,0.0
"Foursquare Labs, Inc.",10,0,0.0
Freeport-McMoRan Bagdad Inc.,10,0,0.0
GLANSA LLC,10,0,0.0
GOJET AIRLINES LLC,10,0,0.0
GOLDEN VALLEY HEALTH CENTERS,10,0,0.0
GREYCELL LABS INC.,10,0,0.0
GTECH LLC,10,0,0.0
Galena City School District,10,0,0.0
Globalinfotech LLC,10,0,0.0
Grey Parrot Systems LLC,10,0,0.0
Guilford County Schools,10,0,0.0
HARVIN TECHNOLOGIES LLC,10,0,0.0
HRT RESEARCH LLC,10,0,0.0
Hampton University,10,0,0.0
HealthPRO Heritage LLC,10,0,0.0
"Hermes Microvision, Inc.",10,0,0.0
"Hospital Physician Services-Southeast, Professional Corporation",10,0,0.0
INTELENT INC (f.k.a. TESI INC),10,0,0.0
ITG TECHNOLOGIES INC ,10,0,0.0
"Inpatient Specialists of California, P.C.",10,0,0.0
"Insitro, Inc.",10,0,0.0
Integrated Anesthesia Associates LLC,10,0,0.0
"Intellect Business Solutions, LLC",10,0,0.0
Ittechnica Inc,10,0,0.0
J.F. Edwards Construction Company,10,0,0.0
"JOBAIRE GROUP, INC",10,0,0.0
KJ Info LLC,10,0,0.0
KP IT Solutions LLC,10,0,0.0
"LEARNBEYOND CONSULTING, LLC.",10,0,0.0
LSU Health Sciences Center,10,0,0.0
La Jolla Institute for Immunology,10,0,0.0
"Lahey Clinic, Inc.",10,0,0.0
Lehigh Valley Hospital Inc.,10,0,0.0
"Lumen Technologies Service Group, LLC",10,0,0.0
MBH Architects Inc.,10,0,0.0
MOBIREY LLC ,10,0,0.0
MTSS Group Inc.,10,0,0.0
"Magna Services of America, Inc. ",10,0,0.0
"Magnum Opus IT, Inc.",10,0,0.0
Maricopa Unified School District,10,0,0.0
"Martinrea International US, Inc.",10,0,0.0
McGaw Medical Center of Northwestern University,10,0,0.0
McLean Hospital,10,0,0.0
Medhaz Corp,10,0,0.0
"Memorial Hospital Flagler, Inc.",10,0,0.0
Mercy Clinic Fort Smith Communities,10,0,0.0
"Mercy Clinic Joplin, LLC",10,0,0.0
Middle Tennessee State University,10,0,0.0
"Mindex Technologies, Inc.",10,0,0.0
Mitra Capital Group LLC,10,0,0.0
"Montage Semiconductor, Inc.",10,0,0.0
Morgan State University,10,0,0.0
"NARTAL SYSTEMS, INC.",10,0,0.0
"NATIONAL ECONOMIC RESEARCH ASSOCIATES, INC.",10,0,0.0
"NEC Laboratories America, Inc.",10,0,0.0
NEO Techstaff LLC,10,0,0.0
NEUTRONIT INC,10,0,0.0
"NIVAGEN PHARMACEUTICALS, LLC",10,0,0.0
Navasal Inc.,10,0,0.0
"New England Center for Children, Inc.",10,0,0.0
NuSummit Cybersecurity Limited,10,0,0.0
Oasis Professional Management Group Ltd,10,0,0.0
PRIME RECRUITMENT SERVICE CORP,10,0,0.0
"PRONIX, INC.",10,0,0.0
PalindromTech LLC,10,0,0.0
"Param Consulting Services, Inc",10,0,0.0
Paul Hastings LLP,10,0,0.0
"Payette Associates, Inc.",10,0,0.0
"Pindrop Security, Inc.",10,0,0.0
Planet Equity Group,10,0,0.0
"Praetorian Security, Inc.",10,0,0.0
"Pro IT, Inc.",10,0,0.0
Propelsys Technologies LLC,10,0,0.0
Quantom Tech LLC,10,0,0.0
"R&L Carriers Shared Services, LLC",10,0,0.0
RAY TECHNO SOLUTIONS INC.,10,0,0.0
REFORM IT SOLUTIONS LLC,10,0,0.0
RITWIK Infotech Inc,10,0,0.0
"Radiant Global Technologies, Inc.",10,0,0.0
"Radware, Inc.",10,0,0.0
Reinforce Labs Inc.,10,0,0.0
Robotics and AI Institute LLC,10,0,0.0
"SCIEGEN PHARMACEUTICALS, INC.",10,0,0.0
SCOR Global Life Americas Reinsurance Company,10,0,0.0
SHINETECK INC,10,0,0.0
SM INTERFACE SYSTEMS LLC,10,0,0.0
SP TECH RESOURCES INC,10,0,0.0
SPURCROFT INC.,10,0,0.0
STRATUS MERIDIAN LLC,10,0,0.0
SUNUS LLC,10,0,0.0
Saint Luke's Health System,10,0,0.0
Science Applications International Corporation,10,0,0.0
Sierra Consulting Inc,10,0,0.0
Sky Solutions LLC,10,0,0.0
Solidigm Inc.,10,0,0.0
Southwest Research Institute,10,0,0.0
Special School District No. 1,10,0,0.0
"St. Luke's Health System, Ltd.",10,0,0.0
Strides Pharma Inc.,10,0,0.0
TEKREANT INC,10,0,0.0
THE NEW SCHOOL,10,0,0.0
TRIESTEN TECHNOLOGIES LLC,10,0,0.0
TechEmpo Inc,10,0,0.0
Technivio LLC,10,0,0.0
Tektra IT Services,10,0,0.0
The City College of New York - CUNY,10,0,0.0
The Methodist Hospital,10,0,0.0
"The Research Foundation for Mental Hygiene, Inc.",10,0,0.0
Think Big Solutions Inc,10,0,0.0
Triotek IT INC,10,0,0.0
Tuskegee University,10,0,0.0
UNIQUE KEY RESOURCES INC,10,0,0.0
UNIQUELOGICSOLUTIONS INC.,10,0,0.0
"UT Regional One Physicians, Inc.",10,0,0.0
University of Houston System,10,0,0.0
"University of Louisville Physicians, Inc.",10,0,0.0
"VEN SOFT, LLC.",10,0,0.0
VIRTUOSO INFO SYSTEMS INC,10,0,0.0
VITS Consulting Corp,10,0,0.0
"ValuePro, Inc",10,0,0.0
Vanasse Hangen Brustlin Inc,10,0,0.0
Varenya Inc.,10,0,0.0
Vertical Staffing Corporation ,10,0,0.0
"Viant Medical, LLC",10,0,0.0
"Virtue AI, Inc.",10,0,0.0
Virtue Group LLC,10,0,0.0
"Visionworks of America, Inc.",10,0,0.0
"Winlen Technologies, Inc.",10,0,0.0
YOTTA SYSTEMS INC,10,0,0.0
"Zume IT, Inc.",10,0,0.0
iFlex Inc,10,0,0.0
